{
  "type": "FeatureCollection",
  "features": [
    {
      "type": "Feature",
      "id": "osm:node/10609419016",
      "geometry": {
        "type": "Point",
        "coordinates": [
          107.15226240000001,
          -6.2565517999999996
        ]
      },
      "properties": {
        "@id": "node/10609419016",
        "male": "yes",
        "name": "Assa Cuts Barbershop",
        "opening_hours": "Mo-Su 10:00-22:00",
        "shop": "hairdresser",
        "wheelchair": "no",
        "source_records": [
          {
            "file": "osm_cikarang_1km(2).geojson",
            "record": 6
          },
          {
            "file": "osm_cikarang_1km.geojson",
            "record": 594
          },
          {
            "file": "poi_cikarang.geojson",
            "record": 5
          }
        ],
        "dataset_role": "osm_reference",
        "radius_m": 1000,
        "geometry_clipped": false,
        "center_status": "unverified_geocoded_station_reference"
      }
    },
    {
      "type": "Feature",
      "id": "osm:node/1285642724",
      "geometry": {
        "type": "Point",
        "coordinates": [
          107.1464706,
          -6.258209999999999
        ]
      },
      "properties": {
        "@id": "node/1285642724",
        "name": "SGC - Sentra Grosir Cikarang",
        "shop": "supermarket",
        "source_records": [
          {
            "file": "osm_cikarang_1km(2).geojson",
            "record": 2
          },
          {
            "file": "osm_cikarang_1km.geojson",
            "record": 590
          },
          {
            "file": "poi_cikarang.geojson",
            "record": 1
          }
        ],
        "dataset_role": "osm_reference",
        "radius_m": 1000,
        "geometry_clipped": false,
        "center_status": "unverified_geocoded_station_reference"
      }
    },
    {
      "type": "Feature",
      "id": "osm:node/1989498896",
      "geometry": {
        "type": "Point",
        "coordinates": [
          107.1475907,
          -6.258969999999999
        ]
      },
      "properties": {
        "@id": "node/1989498896",
        "name": "Naga",
        "shop": "supermarket",
        "source_records": [
          {
            "file": "osm_cikarang_1km(2).geojson",
            "record": 3
          },
          {
            "file": "osm_cikarang_1km.geojson",
            "record": 591
          },
          {
            "file": "poi_cikarang.geojson",
            "record": 2
          }
        ],
        "dataset_role": "osm_reference",
        "radius_m": 1000,
        "geometry_clipped": false,
        "center_status": "unverified_geocoded_station_reference"
      }
    },
    {
      "type": "Feature",
      "id": "osm:node/7936765387",
      "geometry": {
        "type": "Point",
        "coordinates": [
          107.1470912,
          -6.2500674
        ]
      },
      "properties": {
        "@id": "node/7936765387",
        "addr:city": "Kabupaten Bekasi",
        "addr:housenumber": "50",
        "addr:postcode": "17530",
        "addr:street": "Jl. KH. Fudholi, No.50, Desa Karangasih, Kec. Cikarang Utara",
        "name": "Bengkel Mobil Pro-Tech Motor",
        "opening_hours": "Mo-Sa 07:30-17:00",
        "payment:cash": "yes",
        "payment:debit_cards": "yes",
        "service:vehicle:brakes": "yes",
        "service:vehicle:car_parts": "yes",
        "service:vehicle:car_repair": "yes",
        "service:vehicle:electrical": "yes",
        "service:vehicle:injection": "yes",
        "service:vehicle:oil_change": "yes",
        "service:vehicle:repairs": "yes",
        "service:vehicle:tuning": "yes",
        "service:vehicle:wheels": "yes",
        "shop": "car_repair",
        "source_records": [
          {
            "file": "osm_cikarang_1km(2).geojson",
            "record": 4
          },
          {
            "file": "osm_cikarang_1km.geojson",
            "record": 592
          },
          {
            "file": "poi_cikarang.geojson",
            "record": 3
          }
        ],
        "dataset_role": "osm_reference",
        "radius_m": 1000,
        "geometry_clipped": false,
        "center_status": "unverified_geocoded_station_reference"
      }
    },
    {
      "type": "Feature",
      "id": "osm:node/9751125400",
      "geometry": {
        "type": "Point",
        "coordinates": [
          107.1451559,
          -6.255477400000001
        ]
      },
      "properties": {
        "@id": "node/9751125400",
        "branch": "Stasiun Cikarang",
        "brand": "Roti'O",
        "brand:wikidata": "Q124354233",
        "name": "Roti'O",
        "shop": "bakery",
        "source_records": [
          {
            "file": "osm_cikarang_1km(2).geojson",
            "record": 5
          },
          {
            "file": "osm_cikarang_1km.geojson",
            "record": 593
          },
          {
            "file": "poi_cikarang.geojson",
            "record": 4
          }
        ],
        "dataset_role": "osm_reference",
        "radius_m": 1000,
        "geometry_clipped": false,
        "center_status": "unverified_geocoded_station_reference"
      }
    },
    {
      "type": "Feature",
      "id": "osm:way/1014137782",
      "geometry": {
        "type": "LineString",
        "coordinates": [
          [
            107.1393937,
            -6.261939599999997
          ],
          [
            107.1393896,
            -6.2619109
          ],
          [
            107.1393959,
            -6.2618826999999975
          ],
          [
            107.1394117,
            -6.2618584
          ],
          [
            107.139435,
            -6.261841000000001
          ]
        ]
      },
      "properties": {
        "@id": "way/1014137782",
        "highway": "trunk_link",
        "lanes": "1",
        "oneway": "yes",
        "source_records": [
          {
            "file": "jalan_cikarang.geojson",
            "record": 489
          },
          {
            "file": "osm_cikarang_1km.geojson",
            "record": 489
          }
        ],
        "dataset_role": "osm_reference",
        "radius_m": 1000,
        "geometry_clipped": false,
        "center_status": "unverified_geocoded_station_reference"
      }
    },
    {
      "type": "Feature",
      "id": "osm:way/1014144615",
      "geometry": {
        "type": "LineString",
        "coordinates": [
          [
            107.1511555,
            -6.260540100000001
          ],
          [
            107.1513235,
            -6.260574100000001
          ],
          [
            107.1513389,
            -6.2605761
          ],
          [
            107.1513866,
            -6.260576699999999
          ],
          [
            107.1514067,
            -6.260578100000001
          ],
          [
            107.1514197,
            -6.2605802
          ],
          [
            107.15143380000002,
            -6.260584400000001
          ],
          [
            107.1515774,
            -6.2606434
          ]
        ]
      },
      "properties": {
        "@id": "way/1014144615",
        "highway": "living_street",
        "motorcar": "no",
        "motorcycle": "yes",
        "source_records": [
          {
            "file": "export.geojson",
            "record": 187
          },
          {
            "file": "jalan_cikarang.geojson",
            "record": 490
          },
          {
            "file": "osm_cikarang_1km.geojson",
            "record": 490
          }
        ],
        "dataset_role": "osm_reference",
        "radius_m": 1000,
        "geometry_clipped": false,
        "center_status": "unverified_geocoded_station_reference"
      }
    },
    {
      "type": "Feature",
      "id": "osm:way/1063797302",
      "geometry": {
        "type": "LineString",
        "coordinates": [
          [
            107.14222110000001,
            -6.254786200000002
          ],
          [
            107.1421909,
            -6.254852300000001
          ]
        ]
      },
      "properties": {
        "@id": "way/1063797302",
        "highway": "residential",
        "source_records": [
          {
            "file": "jalan_cikarang.geojson",
            "record": 491
          },
          {
            "file": "osm_cikarang_1km.geojson",
            "record": 491
          }
        ],
        "dataset_role": "osm_reference",
        "radius_m": 1000,
        "geometry_clipped": false,
        "center_status": "unverified_geocoded_station_reference"
      }
    },
    {
      "type": "Feature",
      "id": "osm:way/1072549283",
      "geometry": {
        "type": "LineString",
        "coordinates": [
          [
            107.14893350000001,
            -6.250626199999998
          ],
          [
            107.14910840000002,
            -6.2508868999999985
          ]
        ]
      },
      "properties": {
        "@id": "way/1072549283",
        "highway": "living_street",
        "motorcycle": "yes",
        "source_records": [
          {
            "file": "jalan_cikarang.geojson",
            "record": 492
          },
          {
            "file": "osm_cikarang_1km.geojson",
            "record": 492
          }
        ],
        "dataset_role": "osm_reference",
        "radius_m": 1000,
        "geometry_clipped": false,
        "center_status": "unverified_geocoded_station_reference"
      }
    },
    {
      "type": "Feature",
      "id": "osm:way/1072550626",
      "geometry": {
        "type": "LineString",
        "coordinates": [
          [
            107.14877070000001,
            -6.2507386
          ],
          [
            107.14860560000001,
            -6.250491999999999
          ]
        ]
      },
      "properties": {
        "@id": "way/1072550626",
        "highway": "living_street",
        "motorcycle": "yes",
        "source_records": [
          {
            "file": "jalan_cikarang.geojson",
            "record": 493
          },
          {
            "file": "osm_cikarang_1km.geojson",
            "record": 493
          }
        ],
        "dataset_role": "osm_reference",
        "radius_m": 1000,
        "geometry_clipped": false,
        "center_status": "unverified_geocoded_station_reference"
      }
    },
    {
      "type": "Feature",
      "id": "osm:way/1073239985",
      "geometry": {
        "type": "LineString",
        "coordinates": [
          [
            107.14079073391709,
            -6.247351242197066
          ],
          [
            107.14155780000002,
            -6.2476834
          ],
          [
            107.1422171,
            -6.247969
          ],
          [
            107.1422823,
            -6.247997199999999
          ],
          [
            107.1430603,
            -6.248334200000001
          ],
          [
            107.1436602,
            -6.2486042999999984
          ],
          [
            107.1442971,
            -6.248842699999999
          ]
        ]
      },
      "properties": {
        "@id": "way/1073239985",
        "highway": "secondary",
        "lanes": "2",
        "name": "Jalan Raya Kali CBL",
        "surface": "concrete",
        "source_records": [
          {
            "file": "jalan_cikarang.geojson",
            "record": 494
          },
          {
            "file": "osm_cikarang_1km.geojson",
            "record": 494
          }
        ],
        "dataset_role": "osm_reference",
        "radius_m": 1000,
        "geometry_clipped": true,
        "center_status": "unverified_geocoded_station_reference"
      }
    },
    {
      "type": "Feature",
      "id": "osm:way/1089541229",
      "geometry": {
        "type": "LineString",
        "coordinates": [
          [
            107.1471083,
            -6.257236600000002
          ],
          [
            107.14712830000002,
            -6.2572925999999995
          ],
          [
            107.1471281,
            -6.257485800000002
          ],
          [
            107.1471215,
            -6.2578103
          ],
          [
            107.1471157,
            -6.257961699999998
          ],
          [
            107.1471056,
            -6.2582259
          ]
        ]
      },
      "properties": {
        "@id": "way/1089541229",
        "access": "yes",
        "highway": "secondary",
        "lanes": "1",
        "name": "Jalan Raya Industri Pasir Gombong",
        "oneway": "yes",
        "ref": "1",
        "source_records": [
          {
            "file": "export.geojson",
            "record": 188
          },
          {
            "file": "jalan_cikarang.geojson",
            "record": 496
          },
          {
            "file": "osm_cikarang_1km.geojson",
            "record": 496
          }
        ],
        "dataset_role": "osm_reference",
        "radius_m": 1000,
        "geometry_clipped": false,
        "center_status": "unverified_geocoded_station_reference"
      }
    },
    {
      "type": "Feature",
      "id": "osm:way/1089541230",
      "geometry": {
        "type": "LineString",
        "coordinates": [
          [
            107.14712,
            -6.2563534
          ],
          [
            107.1471083,
            -6.257236600000002
          ]
        ]
      },
      "properties": {
        "@id": "way/1089541230",
        "access": "yes",
        "highway": "secondary",
        "lanes": "2",
        "name": "Jalan Raya Industri Pasir Gombong",
        "oneway": "no",
        "ref": "1",
        "source_records": [
          {
            "file": "export.geojson",
            "record": 189
          },
          {
            "file": "jalan_cikarang.geojson",
            "record": 497
          },
          {
            "file": "osm_cikarang_1km.geojson",
            "record": 497
          }
        ],
        "dataset_role": "osm_reference",
        "radius_m": 1000,
        "geometry_clipped": false,
        "center_status": "unverified_geocoded_station_reference"
      }
    },
    {
      "type": "Feature",
      "id": "osm:way/1089541231",
      "geometry": {
        "type": "LineString",
        "coordinates": [
          [
            107.1461234,
            -6.2591121
          ],
          [
            107.1464408,
            -6.2589049
          ],
          [
            107.1467936,
            -6.258679
          ]
        ]
      },
      "properties": {
        "@id": "way/1089541231",
        "highway": "trunk",
        "lanes": "3",
        "name": "Jalan R.E. Martadinata",
        "name:etymology:wikidata": "Q5928807",
        "name:etymology:wikipedia": "id:Raden Eddy Martadinata",
        "oneway": "yes",
        "ref": "1",
        "source_records": [
          {
            "file": "export.geojson",
            "record": 190
          },
          {
            "file": "jalan_cikarang.geojson",
            "record": 498
          },
          {
            "file": "osm_cikarang_1km.geojson",
            "record": 498
          }
        ],
        "dataset_role": "osm_reference",
        "radius_m": 1000,
        "geometry_clipped": false,
        "center_status": "unverified_geocoded_station_reference"
      }
    },
    {
      "type": "Feature",
      "id": "osm:way/1089554594",
      "geometry": {
        "type": "LineString",
        "coordinates": [
          [
            107.1524126,
            -6.2577473999999995
          ],
          [
            107.15312670000002,
            -6.2576544
          ],
          [
            107.15368420000001,
            -6.257575200000001
          ],
          [
            107.153827237006,
            -6.257557568992554
          ]
        ]
      },
      "properties": {
        "@id": "way/1089554594",
        "access": "yes",
        "alt_name": "Jalan Gatot Subroto",
        "highway": "trunk",
        "lanes": "2",
        "maxspeed": "60",
        "name": "Jalan R.E. Martadinata",
        "name:etymology:wikidata": "Q5928807",
        "name:etymology:wikipedia": "id:Raden Eddy Martadinata",
        "oneway": "yes",
        "ref": "1",
        "source_records": [
          {
            "file": "jalan_cikarang.geojson",
            "record": 499
          },
          {
            "file": "osm_cikarang_1km.geojson",
            "record": 499
          }
        ],
        "dataset_role": "osm_reference",
        "radius_m": 1000,
        "geometry_clipped": true,
        "center_status": "unverified_geocoded_station_reference"
      }
    },
    {
      "type": "Feature",
      "id": "osm:way/1090876008",
      "geometry": {
        "type": "LineString",
        "coordinates": [
          [
            107.1420452,
            -6.263378800000001
          ],
          [
            107.1422774,
            -6.263476899999998
          ],
          [
            107.1423385,
            -6.263510899999998
          ],
          [
            107.1423653,
            -6.2635209
          ],
          [
            107.1423894,
            -6.2635202
          ],
          [
            107.1424042,
            -6.263511599999999
          ],
          [
            107.1424136,
            -6.263497599999998
          ],
          [
            107.1424229,
            -6.263464899999999
          ],
          [
            107.1424243,
            -6.263453599999999
          ],
          [
            107.14242700000001,
            -6.2634439
          ],
          [
            107.142432,
            -6.263436599999999
          ],
          [
            107.1424424,
            -6.263429899999998
          ],
          [
            107.1424518,
            -6.2634289
          ],
          [
            107.1424665,
            -6.263430600000001
          ],
          [
            107.1425839,
            -6.263458199999998
          ],
          [
            107.1427061,
            -6.263511600000001
          ],
          [
            107.1427334,
            -6.263523499999998
          ],
          [
            107.1429319,
            -6.263562900000001
          ],
          [
            107.14298219999999,
            -6.263574899999999
          ],
          [
            107.14300569999999,
            -6.263583199999999
          ],
          [
            107.14303279999999,
            -6.2635849000000015
          ],
          [
            107.14304789999998,
            -6.263581499999998
          ],
          [
            107.14305659999998,
            -6.263572899999999
          ],
          [
            107.1430643,
            -6.263556899999998
          ],
          [
            107.14307809999998,
            -6.263523899999999
          ],
          [
            107.1431109,
            -6.263306300000001
          ],
          [
            107.14313569999999,
            -6.2632456
          ],
          [
            107.143174,
            -6.2632163
          ],
          [
            107.14319809999999,
            -6.2631896000000005
          ],
          [
            107.14321689999998,
            -6.263150299999999
          ],
          [
            107.14326309999998,
            -6.2630381
          ]
        ]
      },
      "properties": {
        "@id": "way/1090876008",
        "highway": "living_street",
        "motorcar": "no",
        "motorcycle": "destination",
        "source_records": [
          {
            "file": "jalan_cikarang.geojson",
            "record": 500
          },
          {
            "file": "osm_cikarang_1km.geojson",
            "record": 500
          }
        ],
        "dataset_role": "osm_reference",
        "radius_m": 1000,
        "geometry_clipped": false,
        "center_status": "unverified_geocoded_station_reference"
      }
    },
    {
      "type": "Feature",
      "id": "osm:way/1090876009",
      "geometry": {
        "type": "LineString",
        "coordinates": [
          [
            107.14326309999998,
            -6.2630381
          ],
          [
            107.14312569999998,
            -6.2629850000000005
          ],
          [
            107.1429554,
            -6.262900999999999
          ],
          [
            107.14264149999998,
            -6.2627476999999985
          ],
          [
            107.14240579999999,
            -6.2626406
          ]
        ]
      },
      "properties": {
        "@id": "way/1090876009",
        "highway": "living_street",
        "motorcar": "no",
        "motorcycle": "yes",
        "source_records": [
          {
            "file": "jalan_cikarang.geojson",
            "record": 501
          },
          {
            "file": "osm_cikarang_1km.geojson",
            "record": 501
          }
        ],
        "dataset_role": "osm_reference",
        "radius_m": 1000,
        "geometry_clipped": false,
        "center_status": "unverified_geocoded_station_reference"
      }
    },
    {
      "type": "Feature",
      "id": "osm:way/1090876010",
      "geometry": {
        "type": "LineString",
        "coordinates": [
          [
            107.1454857,
            -6.262523300000001
          ],
          [
            107.1453761,
            -6.2627476999999985
          ],
          [
            107.1452982,
            -6.262933
          ],
          [
            107.1452138,
            -6.263064999999998
          ],
          [
            107.1451414,
            -6.263175599999998
          ],
          [
            107.14511260000002,
            -6.2632136
          ],
          [
            107.1450703,
            -6.263276899999999
          ]
        ]
      },
      "properties": {
        "@id": "way/1090876010",
        "highway": "residential",
        "source_records": [
          {
            "file": "jalan_cikarang.geojson",
            "record": 502
          },
          {
            "file": "osm_cikarang_1km.geojson",
            "record": 502
          }
        ],
        "dataset_role": "osm_reference",
        "radius_m": 1000,
        "geometry_clipped": false,
        "center_status": "unverified_geocoded_station_reference"
      }
    },
    {
      "type": "Feature",
      "id": "osm:way/1092958249",
      "geometry": {
        "type": "LineString",
        "coordinates": [
          [
            107.1383888,
            -6.261216400000001
          ],
          [
            107.1385059,
            -6.261262999999999
          ]
        ]
      },
      "properties": {
        "@id": "way/1092958249",
        "highway": "service",
        "import": "yes",
        "source": "digitalglobe",
        "source_records": [
          {
            "file": "export.geojson",
            "record": 191
          },
          {
            "file": "jalan_cikarang.geojson",
            "record": 503
          },
          {
            "file": "osm_cikarang_1km.geojson",
            "record": 503
          }
        ],
        "dataset_role": "osm_reference",
        "radius_m": 1000,
        "geometry_clipped": false,
        "center_status": "unverified_geocoded_station_reference"
      }
    },
    {
      "type": "Feature",
      "id": "osm:way/1092960638",
      "geometry": {
        "type": "LineString",
        "coordinates": [
          [
            107.14203209999998,
            -6.2606498
          ],
          [
            107.1422465,
            -6.260710899999999
          ]
        ]
      },
      "properties": {
        "@id": "way/1092960638",
        "highway": "residential",
        "source_records": [
          {
            "file": "export.geojson",
            "record": 192
          },
          {
            "file": "jalan_cikarang.geojson",
            "record": 504
          },
          {
            "file": "osm_cikarang_1km.geojson",
            "record": 504
          }
        ],
        "dataset_role": "osm_reference",
        "radius_m": 1000,
        "geometry_clipped": false,
        "center_status": "unverified_geocoded_station_reference"
      }
    },
    {
      "type": "Feature",
      "id": "osm:way/1092960639",
      "geometry": {
        "type": "LineString",
        "coordinates": [
          [
            107.1413233,
            -6.2621778
          ],
          [
            107.1413274,
            -6.262119699999999
          ]
        ]
      },
      "properties": {
        "@id": "way/1092960639",
        "highway": "residential",
        "source_records": [
          {
            "file": "jalan_cikarang.geojson",
            "record": 505
          },
          {
            "file": "osm_cikarang_1km.geojson",
            "record": 505
          }
        ],
        "dataset_role": "osm_reference",
        "radius_m": 1000,
        "geometry_clipped": false,
        "center_status": "unverified_geocoded_station_reference"
      }
    },
    {
      "type": "Feature",
      "id": "osm:way/1092960640",
      "geometry": {
        "type": "LineString",
        "coordinates": [
          [
            107.14107,
            -6.262338200000002
          ],
          [
            107.1410497,
            -6.262396200000001
          ]
        ]
      },
      "properties": {
        "@id": "way/1092960640",
        "highway": "residential",
        "source_records": [
          {
            "file": "jalan_cikarang.geojson",
            "record": 506
          },
          {
            "file": "osm_cikarang_1km.geojson",
            "record": 506
          }
        ],
        "dataset_role": "osm_reference",
        "radius_m": 1000,
        "geometry_clipped": false,
        "center_status": "unverified_geocoded_station_reference"
      }
    },
    {
      "type": "Feature",
      "id": "osm:way/1092960641",
      "geometry": {
        "type": "LineString",
        "coordinates": [
          [
            107.1402774,
            -6.2623167
          ],
          [
            107.14028190000002,
            -6.262367800000001
          ]
        ]
      },
      "properties": {
        "@id": "way/1092960641",
        "access": "private",
        "highway": "service",
        "oneway": "yes",
        "source_records": [
          {
            "file": "jalan_cikarang.geojson",
            "record": 507
          },
          {
            "file": "osm_cikarang_1km.geojson",
            "record": 507
          }
        ],
        "dataset_role": "osm_reference",
        "radius_m": 1000,
        "geometry_clipped": false,
        "center_status": "unverified_geocoded_station_reference"
      }
    },
    {
      "type": "Feature",
      "id": "osm:way/1092962250",
      "geometry": {
        "type": "LineString",
        "coordinates": [
          [
            107.1470763,
            -6.258630899999999
          ],
          [
            107.1468602,
            -6.258751199999999
          ]
        ]
      },
      "properties": {
        "@id": "way/1092962250",
        "access": "yes",
        "highway": "trunk",
        "lanes": "2",
        "name": "Jalan R.E. Martadinata",
        "name:etymology:wikidata": "Q5928807",
        "name:etymology:wikipedia": "id:Raden Eddy Martadinata",
        "oneway": "yes",
        "ref": "1",
        "source_records": [
          {
            "file": "export.geojson",
            "record": 194
          },
          {
            "file": "jalan_cikarang.geojson",
            "record": 509
          },
          {
            "file": "osm_cikarang_1km.geojson",
            "record": 509
          }
        ],
        "dataset_role": "osm_reference",
        "radius_m": 1000,
        "geometry_clipped": false,
        "center_status": "unverified_geocoded_station_reference"
      }
    },
    {
      "type": "Feature",
      "id": "osm:way/1092962251",
      "geometry": {
        "type": "LineString",
        "coordinates": [
          [
            107.1467936,
            -6.258679
          ],
          [
            107.1470736,
            -6.258521000000001
          ]
        ]
      },
      "properties": {
        "@id": "way/1092962251",
        "highway": "trunk",
        "lanes": "3",
        "name": "Jalan R.E. Martadinata",
        "name:etymology:wikidata": "Q5928807",
        "name:etymology:wikipedia": "id:Raden Eddy Martadinata",
        "oneway": "yes",
        "ref": "1",
        "source_records": [
          {
            "file": "export.geojson",
            "record": 195
          },
          {
            "file": "jalan_cikarang.geojson",
            "record": 510
          },
          {
            "file": "osm_cikarang_1km.geojson",
            "record": 510
          }
        ],
        "dataset_role": "osm_reference",
        "radius_m": 1000,
        "geometry_clipped": false,
        "center_status": "unverified_geocoded_station_reference"
      }
    },
    {
      "type": "Feature",
      "id": "osm:way/1092962252",
      "geometry": {
        "type": "LineString",
        "coordinates": [
          [
            107.1475422,
            -6.258487100000002
          ],
          [
            107.1473139,
            -6.2585484000000005
          ],
          [
            107.1470763,
            -6.258630899999999
          ]
        ]
      },
      "properties": {
        "@id": "way/1092962252",
        "access": "yes",
        "alt_name": "Jalan Gatot Subroto",
        "bicycle": "yes",
        "cycleway": "no",
        "foot": "yes",
        "highway": "trunk",
        "lanes": "2",
        "name": "Jalan R.E. Martadinata",
        "name:etymology:wikidata": "Q5928807",
        "name:etymology:wikipedia": "id:Raden Eddy Martadinata",
        "oneway": "yes",
        "ref": "1",
        "sidewalk": "left",
        "source_records": [
          {
            "file": "export.geojson",
            "record": 196
          },
          {
            "file": "jalan_cikarang.geojson",
            "record": 511
          },
          {
            "file": "osm_cikarang_1km.geojson",
            "record": 511
          }
        ],
        "dataset_role": "osm_reference",
        "radius_m": 1000,
        "geometry_clipped": false,
        "center_status": "unverified_geocoded_station_reference"
      }
    },
    {
      "type": "Feature",
      "id": "osm:way/1092962254",
      "geometry": {
        "type": "LineString",
        "coordinates": [
          [
            107.1449258,
            -6.2598996
          ],
          [
            107.145861,
            -6.259284700000001
          ],
          [
            107.1461234,
            -6.2591121
          ]
        ]
      },
      "properties": {
        "@id": "way/1092962254",
        "highway": "trunk",
        "lanes": "2",
        "name": "Jalan R.E. Martadinata",
        "name:etymology:wikidata": "Q5928807",
        "name:etymology:wikipedia": "id:Raden Eddy Martadinata",
        "oneway": "yes",
        "ref": "1",
        "source_records": [
          {
            "file": "export.geojson",
            "record": 197
          },
          {
            "file": "jalan_cikarang.geojson",
            "record": 512
          },
          {
            "file": "osm_cikarang_1km.geojson",
            "record": 512
          }
        ],
        "dataset_role": "osm_reference",
        "radius_m": 1000,
        "geometry_clipped": false,
        "center_status": "unverified_geocoded_station_reference"
      }
    },
    {
      "type": "Feature",
      "id": "osm:way/1092962255",
      "geometry": {
        "type": "LineString",
        "coordinates": [
          [
            107.14595810000002,
            -6.260790700000001
          ],
          [
            107.1457408,
            -6.260678700000001
          ],
          [
            107.1452996,
            -6.2604174
          ],
          [
            107.1452232,
            -6.260360799999999
          ],
          [
            107.1451756,
            -6.2603241
          ]
        ]
      },
      "properties": {
        "@id": "way/1092962255",
        "highway": "residential",
        "motorcar": "no",
        "source_records": [
          {
            "file": "export.geojson",
            "record": 198
          },
          {
            "file": "jalan_cikarang.geojson",
            "record": 513
          },
          {
            "file": "osm_cikarang_1km.geojson",
            "record": 513
          }
        ],
        "dataset_role": "osm_reference",
        "radius_m": 1000,
        "geometry_clipped": false,
        "center_status": "unverified_geocoded_station_reference"
      }
    },
    {
      "type": "Feature",
      "id": "osm:way/1092962256",
      "geometry": {
        "type": "LineString",
        "coordinates": [
          [
            107.1443917,
            -6.2602535
          ],
          [
            107.1443545,
            -6.260209999999998
          ]
        ]
      },
      "properties": {
        "@id": "way/1092962256",
        "highway": "service",
        "source_records": [
          {
            "file": "export.geojson",
            "record": 199
          },
          {
            "file": "jalan_cikarang.geojson",
            "record": 514
          },
          {
            "file": "osm_cikarang_1km.geojson",
            "record": 514
          }
        ],
        "dataset_role": "osm_reference",
        "radius_m": 1000,
        "geometry_clipped": false,
        "center_status": "unverified_geocoded_station_reference"
      }
    },
    {
      "type": "Feature",
      "id": "osm:way/1092963373",
      "geometry": {
        "type": "LineString",
        "coordinates": [
          [
            107.1471427,
            -6.258918799999999
          ],
          [
            107.1474668,
            -6.258968999999998
          ]
        ]
      },
      "properties": {
        "@id": "way/1092963373",
        "access": "private",
        "highway": "service",
        "source_records": [
          {
            "file": "export.geojson",
            "record": 200
          },
          {
            "file": "jalan_cikarang.geojson",
            "record": 515
          },
          {
            "file": "osm_cikarang_1km.geojson",
            "record": 515
          }
        ],
        "dataset_role": "osm_reference",
        "radius_m": 1000,
        "geometry_clipped": false,
        "center_status": "unverified_geocoded_station_reference"
      }
    },
    {
      "type": "Feature",
      "id": "osm:way/1092964519",
      "geometry": {
        "type": "LineString",
        "coordinates": [
          [
            107.1471879,
            -6.263674200000001
          ],
          [
            107.1472823,
            -6.263657600000001
          ]
        ]
      },
      "properties": {
        "@id": "way/1092964519",
        "highway": "service",
        "source_records": [
          {
            "file": "jalan_cikarang.geojson",
            "record": 516
          },
          {
            "file": "osm_cikarang_1km.geojson",
            "record": 516
          }
        ],
        "dataset_role": "osm_reference",
        "radius_m": 1000,
        "geometry_clipped": false,
        "center_status": "unverified_geocoded_station_reference"
      }
    },
    {
      "type": "Feature",
      "id": "osm:way/1093002683",
      "geometry": {
        "type": "LineString",
        "coordinates": [
          [
            107.1497638,
            -6.248399699999999
          ],
          [
            107.1497675,
            -6.248312799999998
          ]
        ]
      },
      "properties": {
        "@id": "way/1093002683",
        "highway": "service",
        "source_records": [
          {
            "file": "jalan_cikarang.geojson",
            "record": 517
          },
          {
            "file": "osm_cikarang_1km.geojson",
            "record": 517
          }
        ],
        "dataset_role": "osm_reference",
        "radius_m": 1000,
        "geometry_clipped": false,
        "center_status": "unverified_geocoded_station_reference"
      }
    },
    {
      "type": "Feature",
      "id": "osm:way/1093002684",
      "geometry": {
        "type": "LineString",
        "coordinates": [
          [
            107.1480824,
            -6.2505813
          ],
          [
            107.1480073,
            -6.2506257000000005
          ],
          [
            107.14732200000002,
            -6.251050899999999
          ]
        ]
      },
      "properties": {
        "@id": "way/1093002684",
        "highway": "living_street",
        "motorcycle": "yes",
        "oneway": "no",
        "source_records": [
          {
            "file": "jalan_cikarang.geojson",
            "record": 518
          },
          {
            "file": "osm_cikarang_1km.geojson",
            "record": 518
          }
        ],
        "dataset_role": "osm_reference",
        "radius_m": 1000,
        "geometry_clipped": false,
        "center_status": "unverified_geocoded_station_reference"
      }
    },
    {
      "type": "Feature",
      "id": "osm:way/1093006637",
      "geometry": {
        "type": "LineString",
        "coordinates": [
          [
            107.1514907,
            -6.256803599999999
          ],
          [
            107.1515056,
            -6.256742000000002
          ]
        ]
      },
      "properties": {
        "@id": "way/1093006637",
        "highway": "residential",
        "import": "yes",
        "source": "digitalglobe",
        "source_records": [
          {
            "file": "export.geojson",
            "record": 201
          },
          {
            "file": "jalan_cikarang.geojson",
            "record": 519
          },
          {
            "file": "osm_cikarang_1km.geojson",
            "record": 519
          }
        ],
        "dataset_role": "osm_reference",
        "radius_m": 1000,
        "geometry_clipped": false,
        "center_status": "unverified_geocoded_station_reference"
      }
    },
    {
      "type": "Feature",
      "id": "osm:way/1093159899",
      "geometry": {
        "type": "LineString",
        "coordinates": [
          [
            107.14162680000001,
            -6.2557368
          ],
          [
            107.1415955,
            -6.255332600000001
          ]
        ]
      },
      "properties": {
        "@id": "way/1093159899",
        "access": "private",
        "highway": "residential",
        "import": "yes",
        "source": "digitalglobe",
        "source_records": [
          {
            "file": "export.geojson",
            "record": 202
          },
          {
            "file": "jalan_cikarang.geojson",
            "record": 520
          },
          {
            "file": "osm_cikarang_1km.geojson",
            "record": 520
          }
        ],
        "dataset_role": "osm_reference",
        "radius_m": 1000,
        "geometry_clipped": false,
        "center_status": "unverified_geocoded_station_reference"
      }
    },
    {
      "type": "Feature",
      "id": "osm:way/1093159900",
      "geometry": {
        "type": "LineString",
        "coordinates": [
          [
            107.14743170000001,
            -6.256311499999999
          ],
          [
            107.1474249,
            -6.2563802
          ]
        ]
      },
      "properties": {
        "@id": "way/1093159900",
        "highway": "residential",
        "import": "yes",
        "source": "digitalglobe",
        "source_records": [
          {
            "file": "export.geojson",
            "record": 203
          },
          {
            "file": "jalan_cikarang.geojson",
            "record": 521
          },
          {
            "file": "osm_cikarang_1km.geojson",
            "record": 521
          }
        ],
        "dataset_role": "osm_reference",
        "radius_m": 1000,
        "geometry_clipped": false,
        "center_status": "unverified_geocoded_station_reference"
      }
    },
    {
      "type": "Feature",
      "id": "osm:way/1093159901",
      "geometry": {
        "type": "LineString",
        "coordinates": [
          [
            107.1489372,
            -6.256309399999998
          ],
          [
            107.1488901,
            -6.256401199999997
          ]
        ]
      },
      "properties": {
        "@id": "way/1093159901",
        "highway": "residential",
        "source_records": [
          {
            "file": "export.geojson",
            "record": 204
          },
          {
            "file": "jalan_cikarang.geojson",
            "record": 522
          },
          {
            "file": "osm_cikarang_1km.geojson",
            "record": 522
          }
        ],
        "dataset_role": "osm_reference",
        "radius_m": 1000,
        "geometry_clipped": false,
        "center_status": "unverified_geocoded_station_reference"
      }
    },
    {
      "type": "Feature",
      "id": "osm:way/1093159902",
      "geometry": {
        "type": "LineString",
        "coordinates": [
          [
            107.1515378,
            -6.256942
          ],
          [
            107.1515806,
            -6.256819299999999
          ]
        ]
      },
      "properties": {
        "@id": "way/1093159902",
        "highway": "residential",
        "source_records": [
          {
            "file": "export.geojson",
            "record": 205
          },
          {
            "file": "jalan_cikarang.geojson",
            "record": 523
          },
          {
            "file": "osm_cikarang_1km.geojson",
            "record": 523
          }
        ],
        "dataset_role": "osm_reference",
        "radius_m": 1000,
        "geometry_clipped": false,
        "center_status": "unverified_geocoded_station_reference"
      }
    },
    {
      "type": "Feature",
      "id": "osm:way/1093163482",
      "geometry": {
        "type": "LineString",
        "coordinates": [
          [
            107.139925,
            -6.2580425
          ],
          [
            107.1398627,
            -6.258014099999999
          ]
        ]
      },
      "properties": {
        "@id": "way/1093163482",
        "highway": "service",
        "source_records": [
          {
            "file": "export.geojson",
            "record": 206
          },
          {
            "file": "jalan_cikarang.geojson",
            "record": 524
          },
          {
            "file": "osm_cikarang_1km.geojson",
            "record": 524
          }
        ],
        "dataset_role": "osm_reference",
        "radius_m": 1000,
        "geometry_clipped": false,
        "center_status": "unverified_geocoded_station_reference"
      }
    },
    {
      "type": "Feature",
      "id": "osm:way/1093163483",
      "geometry": {
        "type": "LineString",
        "coordinates": [
          [
            107.1398534,
            -6.2583538
          ],
          [
            107.1397909,
            -6.258324799999998
          ]
        ]
      },
      "properties": {
        "@id": "way/1093163483",
        "highway": "service",
        "source_records": [
          {
            "file": "export.geojson",
            "record": 207
          },
          {
            "file": "jalan_cikarang.geojson",
            "record": 525
          },
          {
            "file": "osm_cikarang_1km.geojson",
            "record": 525
          }
        ],
        "dataset_role": "osm_reference",
        "radius_m": 1000,
        "geometry_clipped": false,
        "center_status": "unverified_geocoded_station_reference"
      }
    },
    {
      "type": "Feature",
      "id": "osm:way/1093175500",
      "geometry": {
        "type": "LineString",
        "coordinates": [
          [
            107.14657170000001,
            -6.262833499999999
          ],
          [
            107.14642350000001,
            -6.263862199999999
          ]
        ]
      },
      "properties": {
        "@id": "way/1093175500",
        "access": "private",
        "highway": "residential",
        "source_records": [
          {
            "file": "jalan_cikarang.geojson",
            "record": 526
          },
          {
            "file": "osm_cikarang_1km.geojson",
            "record": 526
          }
        ],
        "dataset_role": "osm_reference",
        "radius_m": 1000,
        "geometry_clipped": false,
        "center_status": "unverified_geocoded_station_reference"
      }
    },
    {
      "type": "Feature",
      "id": "osm:way/1093175501",
      "geometry": {
        "type": "LineString",
        "coordinates": [
          [
            107.1459948,
            -6.262553199999999
          ],
          [
            107.1460627,
            -6.262342399999999
          ]
        ]
      },
      "properties": {
        "@id": "way/1093175501",
        "access": "private",
        "highway": "residential",
        "surface": "unpaved",
        "source_records": [
          {
            "file": "jalan_cikarang.geojson",
            "record": 527
          },
          {
            "file": "osm_cikarang_1km.geojson",
            "record": 527
          }
        ],
        "dataset_role": "osm_reference",
        "radius_m": 1000,
        "geometry_clipped": false,
        "center_status": "unverified_geocoded_station_reference"
      }
    },
    {
      "type": "Feature",
      "id": "osm:way/1093175502",
      "geometry": {
        "type": "LineString",
        "coordinates": [
          [
            107.1439096,
            -6.2620287999999995
          ],
          [
            107.1437305,
            -6.2623744
          ]
        ]
      },
      "properties": {
        "@id": "way/1093175502",
        "access": "private",
        "highway": "service",
        "source_records": [
          {
            "file": "jalan_cikarang.geojson",
            "record": 528
          },
          {
            "file": "osm_cikarang_1km.geojson",
            "record": 528
          }
        ],
        "dataset_role": "osm_reference",
        "radius_m": 1000,
        "geometry_clipped": false,
        "center_status": "unverified_geocoded_station_reference"
      }
    },
    {
      "type": "Feature",
      "id": "osm:way/1093175503",
      "geometry": {
        "type": "LineString",
        "coordinates": [
          [
            107.146872,
            -6.257958499999996
          ],
          [
            107.1469438,
            -6.257958799999998
          ]
        ]
      },
      "properties": {
        "@id": "way/1093175503",
        "highway": "service",
        "source_records": [
          {
            "file": "export.geojson",
            "record": 208
          },
          {
            "file": "jalan_cikarang.geojson",
            "record": 529
          },
          {
            "file": "osm_cikarang_1km.geojson",
            "record": 529
          }
        ],
        "dataset_role": "osm_reference",
        "radius_m": 1000,
        "geometry_clipped": false,
        "center_status": "unverified_geocoded_station_reference"
      }
    },
    {
      "type": "Feature",
      "id": "osm:way/1093175504",
      "geometry": {
        "type": "LineString",
        "coordinates": [
          [
            107.1469438,
            -6.257958799999998
          ],
          [
            107.1470784,
            -6.257959499999999
          ],
          [
            107.1471157,
            -6.257961699999998
          ]
        ]
      },
      "properties": {
        "@id": "way/1093175504",
        "highway": "service",
        "source_records": [
          {
            "file": "export.geojson",
            "record": 209
          },
          {
            "file": "jalan_cikarang.geojson",
            "record": 530
          },
          {
            "file": "osm_cikarang_1km.geojson",
            "record": 530
          }
        ],
        "dataset_role": "osm_reference",
        "radius_m": 1000,
        "geometry_clipped": false,
        "center_status": "unverified_geocoded_station_reference"
      }
    },
    {
      "type": "Feature",
      "id": "osm:way/1093181733",
      "geometry": {
        "type": "LineString",
        "coordinates": [
          [
            107.1470736,
            -6.258521000000001
          ],
          [
            107.1470585,
            -6.2584474000000005
          ],
          [
            107.1470673,
            -6.2582313
          ]
        ]
      },
      "properties": {
        "@id": "way/1093181733",
        "access": "yes",
        "highway": "secondary",
        "lanes": "1",
        "name": "Jalan Raya Industri Pasir Gombong",
        "oneway": "yes",
        "ref": "1",
        "source_records": [
          {
            "file": "export.geojson",
            "record": 210
          },
          {
            "file": "jalan_cikarang.geojson",
            "record": 531
          },
          {
            "file": "osm_cikarang_1km.geojson",
            "record": 531
          }
        ],
        "dataset_role": "osm_reference",
        "radius_m": 1000,
        "geometry_clipped": false,
        "center_status": "unverified_geocoded_station_reference"
      }
    },
    {
      "type": "Feature",
      "id": "osm:way/1093181734",
      "geometry": {
        "type": "LineString",
        "coordinates": [
          [
            107.1471056,
            -6.2582259
          ],
          [
            107.14709860000002,
            -6.258453699999998
          ],
          [
            107.1470736,
            -6.258521000000001
          ]
        ]
      },
      "properties": {
        "@id": "way/1093181734",
        "access": "yes",
        "highway": "secondary",
        "lanes": "1",
        "name": "Jalan Raya Industri Pasir Gombong",
        "oneway": "yes",
        "ref": "1",
        "source_records": [
          {
            "file": "export.geojson",
            "record": 211
          },
          {
            "file": "jalan_cikarang.geojson",
            "record": 532
          },
          {
            "file": "osm_cikarang_1km.geojson",
            "record": 532
          }
        ],
        "dataset_role": "osm_reference",
        "radius_m": 1000,
        "geometry_clipped": false,
        "center_status": "unverified_geocoded_station_reference"
      }
    },
    {
      "type": "Feature",
      "id": "osm:way/1093181735",
      "geometry": {
        "type": "LineString",
        "coordinates": [
          [
            107.15379256810087,
            -6.257688829955162
          ],
          [
            107.1531362,
            -6.257780799999999
          ],
          [
            107.15255210000001,
            -6.2578608000000004
          ]
        ]
      },
      "properties": {
        "@id": "way/1093181735",
        "access": "yes",
        "alt_name": "Jalan Gatot Subroto",
        "bicycle": "yes",
        "cycleway": "no",
        "foot": "yes",
        "highway": "trunk",
        "lanes": "2",
        "maxspeed": "60",
        "name": "Jalan R.E. Martadinata",
        "name:etymology:wikidata": "Q5928807",
        "name:etymology:wikipedia": "id:Raden Eddy Martadinata",
        "oneway": "yes",
        "ref": "1",
        "sidewalk": "left",
        "surface": "asphalt",
        "source_records": [
          {
            "file": "jalan_cikarang.geojson",
            "record": 533
          },
          {
            "file": "osm_cikarang_1km.geojson",
            "record": 533
          }
        ],
        "dataset_role": "osm_reference",
        "radius_m": 1000,
        "geometry_clipped": true,
        "center_status": "unverified_geocoded_station_reference"
      }
    },
    {
      "type": "Feature",
      "id": "osm:way/1093203967",
      "geometry": {
        "type": "LineString",
        "coordinates": [
          [
            107.14609700000001,
            -6.2467975
          ],
          [
            107.14612790000001,
            -6.246802599999999
          ]
        ]
      },
      "properties": {
        "@id": "way/1093203967",
        "highway": "residential",
        "source_records": [
          {
            "file": "jalan_cikarang.geojson",
            "record": 534
          },
          {
            "file": "osm_cikarang_1km.geojson",
            "record": 534
          }
        ],
        "dataset_role": "osm_reference",
        "radius_m": 1000,
        "geometry_clipped": false,
        "center_status": "unverified_geocoded_station_reference"
      }
    },
    {
      "type": "Feature",
      "id": "osm:way/1093206061",
      "geometry": {
        "type": "LineString",
        "coordinates": [
          [
            107.13948060000001,
            -6.255220899999999
          ],
          [
            107.1400532,
            -6.2553296
          ]
        ]
      },
      "properties": {
        "@id": "way/1093206061",
        "highway": "service",
        "surface": "unpaved",
        "source_records": [
          {
            "file": "export.geojson",
            "record": 212
          },
          {
            "file": "jalan_cikarang.geojson",
            "record": 535
          },
          {
            "file": "osm_cikarang_1km.geojson",
            "record": 535
          }
        ],
        "dataset_role": "osm_reference",
        "radius_m": 1000,
        "geometry_clipped": false,
        "center_status": "unverified_geocoded_station_reference"
      }
    },
    {
      "type": "Feature",
      "id": "osm:way/1093206062",
      "geometry": {
        "type": "LineString",
        "coordinates": [
          [
            107.14031419999999,
            -6.254183499999999
          ],
          [
            107.14024490000001,
            -6.254172500000001
          ]
        ]
      },
      "properties": {
        "@id": "way/1093206062",
        "highway": "residential",
        "source_records": [
          {
            "file": "jalan_cikarang.geojson",
            "record": 536
          },
          {
            "file": "osm_cikarang_1km.geojson",
            "record": 536
          }
        ],
        "dataset_role": "osm_reference",
        "radius_m": 1000,
        "geometry_clipped": false,
        "center_status": "unverified_geocoded_station_reference"
      }
    },
    {
      "type": "Feature",
      "id": "osm:way/1093206063",
      "geometry": {
        "type": "LineString",
        "coordinates": [
          [
            107.13806019999998,
            -6.253176399999999
          ],
          [
            107.1377673,
            -6.253236700000001
          ],
          [
            107.1362243071643,
            -6.253481274855414
          ]
        ]
      },
      "properties": {
        "@id": "way/1093206063",
        "highway": "living_street",
        "motorcar": "no",
        "surface": "gravel",
        "source_records": [
          {
            "file": "jalan_cikarang.geojson",
            "record": 537
          },
          {
            "file": "osm_cikarang_1km.geojson",
            "record": 537
          }
        ],
        "dataset_role": "osm_reference",
        "radius_m": 1000,
        "geometry_clipped": true,
        "center_status": "unverified_geocoded_station_reference"
      }
    },
    {
      "type": "Feature",
      "id": "osm:way/1093206064",
      "geometry": {
        "type": "LineString",
        "coordinates": [
          [
            107.1411529,
            -6.250897600000001
          ],
          [
            107.14098929999999,
            -6.250789599999999
          ]
        ]
      },
      "properties": {
        "@id": "way/1093206064",
        "highway": "footway",
        "source_records": [
          {
            "file": "jalan_cikarang.geojson",
            "record": 538
          },
          {
            "file": "osm_cikarang_1km.geojson",
            "record": 538
          }
        ],
        "dataset_role": "osm_reference",
        "radius_m": 1000,
        "geometry_clipped": false,
        "center_status": "unverified_geocoded_station_reference"
      }
    },
    {
      "type": "Feature",
      "id": "osm:way/1093206065",
      "geometry": {
        "type": "LineString",
        "coordinates": [
          [
            107.1430106,
            -6.250115799999999
          ],
          [
            107.1436527,
            -6.2504669999999996
          ],
          [
            107.143703,
            -6.2505037
          ],
          [
            107.1437453,
            -6.2505443000000005
          ],
          [
            107.1438606,
            -6.250653699999999
          ]
        ]
      },
      "properties": {
        "@id": "way/1093206065",
        "highway": "residential",
        "surface": "unpaved",
        "source_records": [
          {
            "file": "jalan_cikarang.geojson",
            "record": 539
          },
          {
            "file": "osm_cikarang_1km.geojson",
            "record": 539
          }
        ],
        "dataset_role": "osm_reference",
        "radius_m": 1000,
        "geometry_clipped": false,
        "center_status": "unverified_geocoded_station_reference"
      }
    },
    {
      "type": "Feature",
      "id": "osm:way/1093209202",
      "geometry": {
        "type": "LineString",
        "coordinates": [
          [
            107.1439865,
            -6.252526400000001
          ],
          [
            107.1440121,
            -6.252563699999998
          ]
        ]
      },
      "properties": {
        "@id": "way/1093209202",
        "highway": "residential",
        "source_records": [
          {
            "file": "jalan_cikarang.geojson",
            "record": 540
          },
          {
            "file": "osm_cikarang_1km.geojson",
            "record": 540
          }
        ],
        "dataset_role": "osm_reference",
        "radius_m": 1000,
        "geometry_clipped": false,
        "center_status": "unverified_geocoded_station_reference"
      }
    },
    {
      "type": "Feature",
      "id": "osm:way/1093209203",
      "geometry": {
        "type": "LineString",
        "coordinates": [
          [
            107.14418070000002,
            -6.252338399999998
          ],
          [
            107.1439317,
            -6.2520614000000005
          ]
        ]
      },
      "properties": {
        "@id": "way/1093209203",
        "access": "private",
        "highway": "residential",
        "source_records": [
          {
            "file": "jalan_cikarang.geojson",
            "record": 541
          },
          {
            "file": "osm_cikarang_1km.geojson",
            "record": 541
          }
        ],
        "dataset_role": "osm_reference",
        "radius_m": 1000,
        "geometry_clipped": false,
        "center_status": "unverified_geocoded_station_reference"
      }
    },
    {
      "type": "Feature",
      "id": "osm:way/1093209204",
      "geometry": {
        "type": "LineString",
        "coordinates": [
          [
            107.1427016,
            -6.254802799999998
          ],
          [
            107.1426543,
            -6.2547893
          ]
        ]
      },
      "properties": {
        "@id": "way/1093209204",
        "highway": "service",
        "source_records": [
          {
            "file": "jalan_cikarang.geojson",
            "record": 542
          },
          {
            "file": "osm_cikarang_1km.geojson",
            "record": 542
          }
        ],
        "dataset_role": "osm_reference",
        "radius_m": 1000,
        "geometry_clipped": false,
        "center_status": "unverified_geocoded_station_reference"
      }
    },
    {
      "type": "Feature",
      "id": "osm:way/113361103",
      "geometry": {
        "type": "LineString",
        "coordinates": [
          [
            107.1470768,
            -6.2590046
          ],
          [
            107.1470701,
            -6.259855299999998
          ],
          [
            107.1470677,
            -6.260413399999999
          ],
          [
            107.1470654,
            -6.2609390000000005
          ],
          [
            107.147077,
            -6.261249699999999
          ],
          [
            107.14710410000002,
            -6.2617538
          ],
          [
            107.14712230000002,
            -6.2619974
          ],
          [
            107.14719720000001,
            -6.2627853
          ],
          [
            107.14726470000001,
            -6.263477
          ],
          [
            107.1472823,
            -6.263657600000001
          ],
          [
            107.1472982,
            -6.263821200000001
          ],
          [
            107.1473226490968,
            -6.264071754532782
          ]
        ]
      },
      "properties": {
        "@id": "way/113361103",
        "access": "yes",
        "highway": "secondary",
        "lanes": "2",
        "maxspeed": "50",
        "name": "Jalan Raya Industri Pasir Gombong",
        "oneway": "no",
        "source_records": [
          {
            "file": "export.geojson",
            "record": 1
          },
          {
            "file": "jalan_cikarang.geojson",
            "record": 1
          },
          {
            "file": "osm_cikarang_1km.geojson",
            "record": 1
          }
        ],
        "dataset_role": "osm_reference",
        "radius_m": 1000,
        "geometry_clipped": true,
        "center_status": "unverified_geocoded_station_reference"
      }
    },
    {
      "type": "Feature",
      "id": "osm:way/1154272121",
      "geometry": {
        "type": "LineString",
        "coordinates": [
          [
            107.15120880000002,
            -6.251637399999997
          ],
          [
            107.151133,
            -6.2519786
          ],
          [
            107.1511261,
            -6.2520306
          ]
        ]
      },
      "properties": {
        "@id": "way/1154272121",
        "highway": "living_street",
        "motorcycle": "yes",
        "oneway": "no",
        "source_records": [
          {
            "file": "jalan_cikarang.geojson",
            "record": 543
          },
          {
            "file": "osm_cikarang_1km.geojson",
            "record": 543
          }
        ],
        "dataset_role": "osm_reference",
        "radius_m": 1000,
        "geometry_clipped": false,
        "center_status": "unverified_geocoded_station_reference"
      }
    },
    {
      "type": "Feature",
      "id": "osm:way/1166282183",
      "geometry": {
        "type": "LineString",
        "coordinates": [
          [
            107.14948,
            -6.258225499999998
          ],
          [
            107.1494507,
            -6.258175299999999
          ],
          [
            107.1494204,
            -6.258123299999998
          ]
        ]
      },
      "properties": {
        "@id": "way/1166282183",
        "highway": "trunk_link",
        "source_records": [
          {
            "file": "export.geojson",
            "record": 213
          },
          {
            "file": "jalan_cikarang.geojson",
            "record": 544
          },
          {
            "file": "osm_cikarang_1km.geojson",
            "record": 544
          }
        ],
        "dataset_role": "osm_reference",
        "radius_m": 1000,
        "geometry_clipped": false,
        "center_status": "unverified_geocoded_station_reference"
      }
    },
    {
      "type": "Feature",
      "id": "osm:way/1168434744",
      "geometry": {
        "type": "LineString",
        "coordinates": [
          [
            107.1440914,
            -6.2554737000000005
          ],
          [
            107.14412980000002,
            -6.255390199999996
          ]
        ]
      },
      "properties": {
        "@id": "way/1168434744",
        "access": "private",
        "highway": "service",
        "source_records": [
          {
            "file": "export.geojson",
            "record": 214
          },
          {
            "file": "jalan_cikarang.geojson",
            "record": 545
          },
          {
            "file": "osm_cikarang_1km.geojson",
            "record": 545
          }
        ],
        "dataset_role": "osm_reference",
        "radius_m": 1000,
        "geometry_clipped": false,
        "center_status": "unverified_geocoded_station_reference"
      }
    },
    {
      "type": "Feature",
      "id": "osm:way/1173968807",
      "geometry": {
        "type": "LineString",
        "coordinates": [
          [
            107.1441946,
            -6.255234299999997
          ],
          [
            107.14435550000002,
            -6.2552996
          ],
          [
            107.1443662,
            -6.255344899999997
          ],
          [
            107.1444078,
            -6.2553795999999995
          ],
          [
            107.1444815,
            -6.255410199999998
          ]
        ]
      },
      "properties": {
        "@id": "way/1173968807",
        "access": "private",
        "highway": "service",
        "oneway": "yes",
        "source_records": [
          {
            "file": "export.geojson",
            "record": 215
          },
          {
            "file": "jalan_cikarang.geojson",
            "record": 546
          },
          {
            "file": "osm_cikarang_1km.geojson",
            "record": 546
          }
        ],
        "dataset_role": "osm_reference",
        "radius_m": 1000,
        "geometry_clipped": false,
        "center_status": "unverified_geocoded_station_reference"
      }
    },
    {
      "type": "Feature",
      "id": "osm:way/1173968873",
      "geometry": {
        "type": "LineString",
        "coordinates": [
          [
            107.14412980000002,
            -6.255390199999996
          ],
          [
            107.1441946,
            -6.255234299999997
          ]
        ]
      },
      "properties": {
        "@id": "way/1173968873",
        "access": "private",
        "highway": "service",
        "oneway": "yes",
        "service": "parking_aisle",
        "source_records": [
          {
            "file": "export.geojson",
            "record": 216
          },
          {
            "file": "jalan_cikarang.geojson",
            "record": 547
          },
          {
            "file": "osm_cikarang_1km.geojson",
            "record": 547
          }
        ],
        "dataset_role": "osm_reference",
        "radius_m": 1000,
        "geometry_clipped": false,
        "center_status": "unverified_geocoded_station_reference"
      }
    },
    {
      "type": "Feature",
      "id": "osm:way/1181333528",
      "geometry": {
        "type": "LineString",
        "coordinates": [
          [
            107.13890249999999,
            -6.252740299999997
          ],
          [
            107.13860469999999,
            -6.252969299999996
          ]
        ]
      },
      "properties": {
        "@id": "way/1181333528",
        "highway": "residential",
        "source_records": [
          {
            "file": "jalan_cikarang.geojson",
            "record": 548
          },
          {
            "file": "osm_cikarang_1km.geojson",
            "record": 548
          }
        ],
        "dataset_role": "osm_reference",
        "radius_m": 1000,
        "geometry_clipped": false,
        "center_status": "unverified_geocoded_station_reference"
      }
    },
    {
      "type": "Feature",
      "id": "osm:way/1193688416",
      "geometry": {
        "type": "LineString",
        "coordinates": [
          [
            107.1495321,
            -6.2492899
          ],
          [
            107.149512,
            -6.2485193
          ]
        ]
      },
      "properties": {
        "@id": "way/1193688416",
        "highway": "living_street",
        "motorcar": "no",
        "motorcycle": "yes",
        "source_records": [
          {
            "file": "jalan_cikarang.geojson",
            "record": 549
          },
          {
            "file": "osm_cikarang_1km.geojson",
            "record": 549
          }
        ],
        "dataset_role": "osm_reference",
        "radius_m": 1000,
        "geometry_clipped": false,
        "center_status": "unverified_geocoded_station_reference"
      }
    },
    {
      "type": "Feature",
      "id": "osm:way/1217443113",
      "geometry": {
        "type": "LineString",
        "coordinates": [
          [
            107.1476448,
            -6.258467699999997
          ],
          [
            107.1475925,
            -6.2586040999999994
          ]
        ]
      },
      "properties": {
        "@id": "way/1217443113",
        "highway": "service",
        "source_records": [
          {
            "file": "export.geojson",
            "record": 217
          },
          {
            "file": "jalan_cikarang.geojson",
            "record": 550
          },
          {
            "file": "osm_cikarang_1km.geojson",
            "record": 550
          }
        ],
        "dataset_role": "osm_reference",
        "radius_m": 1000,
        "geometry_clipped": false,
        "center_status": "unverified_geocoded_station_reference"
      }
    },
    {
      "type": "Feature",
      "id": "osm:way/1231714303",
      "geometry": {
        "type": "LineString",
        "coordinates": [
          [
            107.13792089999998,
            -6.251254999999999
          ],
          [
            107.13792349999999,
            -6.251114900000001
          ],
          [
            107.13934779999998,
            -6.2512136
          ]
        ]
      },
      "properties": {
        "@id": "way/1231714303",
        "highway": "residential",
        "source_records": [
          {
            "file": "jalan_cikarang.geojson",
            "record": 551
          },
          {
            "file": "osm_cikarang_1km.geojson",
            "record": 551
          }
        ],
        "dataset_role": "osm_reference",
        "radius_m": 1000,
        "geometry_clipped": false,
        "center_status": "unverified_geocoded_station_reference"
      }
    },
    {
      "type": "Feature",
      "id": "osm:way/1232314822",
      "geometry": {
        "type": "LineString",
        "coordinates": [
          [
            107.15175310000001,
            -6.254955300000001
          ],
          [
            107.15185790000001,
            -6.254709999999999
          ],
          [
            107.15185690000001,
            -6.254704899999998
          ],
          [
            107.15185540000002,
            -6.254701499999998
          ],
          [
            107.1518526,
            -6.2546991999999975
          ],
          [
            107.15121659999998,
            -6.254439100000003
          ],
          [
            107.1512067,
            -6.2544391
          ],
          [
            107.15119910000001,
            -6.254441399999998
          ],
          [
            107.1511886,
            -6.254444599999999
          ],
          [
            107.1511837,
            -6.2544491
          ],
          [
            107.15108380000001,
            -6.254682399999998
          ],
          [
            107.1509551,
            -6.255030999999999
          ]
        ]
      },
      "properties": {
        "@id": "way/1232314822",
        "highway": "residential",
        "source_records": [
          {
            "file": "export.geojson",
            "record": 218
          },
          {
            "file": "jalan_cikarang.geojson",
            "record": 552
          },
          {
            "file": "osm_cikarang_1km.geojson",
            "record": 552
          }
        ],
        "dataset_role": "osm_reference",
        "radius_m": 1000,
        "geometry_clipped": false,
        "center_status": "unverified_geocoded_station_reference"
      }
    },
    {
      "type": "Feature",
      "id": "osm:way/1232314823",
      "geometry": {
        "type": "LineString",
        "coordinates": [
          [
            107.1519119,
            -6.255018999999999
          ],
          [
            107.1518134,
            -6.2553143
          ]
        ]
      },
      "properties": {
        "@id": "way/1232314823",
        "highway": "residential",
        "source_records": [
          {
            "file": "jalan_cikarang.geojson",
            "record": 553
          },
          {
            "file": "osm_cikarang_1km.geojson",
            "record": 553
          }
        ],
        "dataset_role": "osm_reference",
        "radius_m": 1000,
        "geometry_clipped": false,
        "center_status": "unverified_geocoded_station_reference"
      }
    },
    {
      "type": "Feature",
      "id": "osm:way/1232314824",
      "geometry": {
        "type": "LineString",
        "coordinates": [
          [
            107.15108380000001,
            -6.254682399999998
          ],
          [
            107.15175310000001,
            -6.254955300000001
          ],
          [
            107.1519119,
            -6.255018999999999
          ],
          [
            107.1519978,
            -6.255055000000001
          ],
          [
            107.15204,
            -6.2550663
          ],
          [
            107.1520916,
            -6.255074999999998
          ]
        ]
      },
      "properties": {
        "@id": "way/1232314824",
        "highway": "residential",
        "source_records": [
          {
            "file": "export.geojson",
            "record": 219
          },
          {
            "file": "jalan_cikarang.geojson",
            "record": 554
          },
          {
            "file": "osm_cikarang_1km.geojson",
            "record": 554
          }
        ],
        "dataset_role": "osm_reference",
        "radius_m": 1000,
        "geometry_clipped": false,
        "center_status": "unverified_geocoded_station_reference"
      }
    },
    {
      "type": "Feature",
      "id": "osm:way/1287362095",
      "geometry": {
        "type": "LineString",
        "coordinates": [
          [
            107.15220070000001,
            -6.251298
          ],
          [
            107.15215580000002,
            -6.251830599999999
          ]
        ]
      },
      "properties": {
        "@id": "way/1287362095",
        "highway": "living_street",
        "motorcycle": "yes",
        "oneway": "no",
        "source_records": [
          {
            "file": "jalan_cikarang.geojson",
            "record": 555
          },
          {
            "file": "osm_cikarang_1km.geojson",
            "record": 555
          }
        ],
        "dataset_role": "osm_reference",
        "radius_m": 1000,
        "geometry_clipped": false,
        "center_status": "unverified_geocoded_station_reference"
      }
    },
    {
      "type": "Feature",
      "id": "osm:way/1289109940",
      "geometry": {
        "type": "LineString",
        "coordinates": [
          [
            107.15303220000001,
            -6.253093299999996
          ],
          [
            107.15291170000002,
            -6.253061299999998
          ],
          [
            107.15273740000002,
            -6.2530253
          ],
          [
            107.1524994,
            -6.252975599999999
          ],
          [
            107.15236320000001,
            -6.2529452999999995
          ],
          [
            107.1521406,
            -6.252882600000002
          ],
          [
            107.15185090000001,
            -6.2528027
          ],
          [
            107.15172880000001,
            -6.252778699999998
          ],
          [
            107.15162500000001,
            -6.252762499999998
          ],
          [
            107.15125210000001,
            -6.252712300000001
          ],
          [
            107.1511327,
            -6.252696200000002
          ],
          [
            107.1509578,
            -6.252663799999999
          ],
          [
            107.1505622,
            -6.252566499999999
          ],
          [
            107.15011690000001,
            -6.252454499999999
          ],
          [
            107.1500327,
            -6.252430999999999
          ],
          [
            107.14997020000001,
            -6.2524185
          ]
        ]
      },
      "properties": {
        "@id": "way/1289109940",
        "highway": "residential",
        "source_records": [
          {
            "file": "jalan_cikarang.geojson",
            "record": 556
          },
          {
            "file": "osm_cikarang_1km.geojson",
            "record": 556
          }
        ],
        "dataset_role": "osm_reference",
        "radius_m": 1000,
        "geometry_clipped": false,
        "center_status": "unverified_geocoded_station_reference"
      }
    },
    {
      "type": "Feature",
      "id": "osm:way/1289109941",
      "geometry": {
        "type": "LineString",
        "coordinates": [
          [
            107.1495481,
            -6.2494418000000005
          ],
          [
            107.1495321,
            -6.2492899
          ]
        ]
      },
      "properties": {
        "@id": "way/1289109941",
        "highway": "living_street",
        "motorcar": "no",
        "motorcycle": "yes",
        "source_records": [
          {
            "file": "jalan_cikarang.geojson",
            "record": 557
          },
          {
            "file": "osm_cikarang_1km.geojson",
            "record": 557
          }
        ],
        "dataset_role": "osm_reference",
        "radius_m": 1000,
        "geometry_clipped": false,
        "center_status": "unverified_geocoded_station_reference"
      }
    },
    {
      "type": "Feature",
      "id": "osm:way/1289522489",
      "geometry": {
        "type": "LineString",
        "coordinates": [
          [
            107.1392688,
            -6.2522563
          ],
          [
            107.13915470000002,
            -6.252496499999999
          ],
          [
            107.1391158,
            -6.252586699999998
          ],
          [
            107.13904340000002,
            -6.252665299999998
          ],
          [
            107.13890249999999,
            -6.252740299999997
          ]
        ]
      },
      "properties": {
        "@id": "way/1289522489",
        "highway": "residential",
        "source_records": [
          {
            "file": "jalan_cikarang.geojson",
            "record": 558
          },
          {
            "file": "osm_cikarang_1km.geojson",
            "record": 558
          }
        ],
        "dataset_role": "osm_reference",
        "radius_m": 1000,
        "geometry_clipped": false,
        "center_status": "unverified_geocoded_station_reference"
      }
    },
    {
      "type": "Feature",
      "id": "osm:way/1289552383",
      "geometry": {
        "type": "LineString",
        "coordinates": [
          [
            107.1505233,
            -6.261825899999999
          ],
          [
            107.150652,
            -6.261889199999998
          ],
          [
            107.1507565,
            -6.261942500000003
          ],
          [
            107.1508437,
            -6.261974499999999
          ],
          [
            107.150943,
            -6.261998499999999
          ],
          [
            107.15108898501951,
            -6.262061475642021
          ]
        ]
      },
      "properties": {
        "@id": "way/1289552383",
        "highway": "living_street",
        "lanes": "1",
        "motorcycle": "yes",
        "source_records": [
          {
            "file": "jalan_cikarang.geojson",
            "record": 559
          },
          {
            "file": "osm_cikarang_1km.geojson",
            "record": 559
          }
        ],
        "dataset_role": "osm_reference",
        "radius_m": 1000,
        "geometry_clipped": true,
        "center_status": "unverified_geocoded_station_reference"
      }
    },
    {
      "type": "Feature",
      "id": "osm:way/1289552384",
      "geometry": {
        "type": "LineString",
        "coordinates": [
          [
            107.1460935,
            -6.254211799999999
          ],
          [
            107.1459085,
            -6.254576999999999
          ]
        ]
      },
      "properties": {
        "@id": "way/1289552384",
        "highway": "living_street",
        "motorcycle": "yes",
        "source_records": [
          {
            "file": "jalan_cikarang.geojson",
            "record": 560
          },
          {
            "file": "osm_cikarang_1km.geojson",
            "record": 560
          }
        ],
        "dataset_role": "osm_reference",
        "radius_m": 1000,
        "geometry_clipped": false,
        "center_status": "unverified_geocoded_station_reference"
      }
    },
    {
      "type": "Feature",
      "id": "osm:way/1289552385",
      "geometry": {
        "type": "LineString",
        "coordinates": [
          [
            107.1459085,
            -6.254576999999999
          ],
          [
            107.1456766,
            -6.255099799999999
          ]
        ]
      },
      "properties": {
        "@id": "way/1289552385",
        "highway": "living_street",
        "motorcycle": "yes",
        "source_records": [
          {
            "file": "export.geojson",
            "record": 220
          },
          {
            "file": "jalan_cikarang.geojson",
            "record": 561
          },
          {
            "file": "osm_cikarang_1km.geojson",
            "record": 561
          }
        ],
        "dataset_role": "osm_reference",
        "radius_m": 1000,
        "geometry_clipped": false,
        "center_status": "unverified_geocoded_station_reference"
      }
    },
    {
      "type": "Feature",
      "id": "osm:way/1289767870",
      "geometry": {
        "type": "LineString",
        "coordinates": [
          [
            107.14203209999998,
            -6.2606498
          ],
          [
            107.1421172,
            -6.260426399999998
          ],
          [
            107.14219769999998,
            -6.260244100000001
          ],
          [
            107.1422748,
            -6.260072099999997
          ],
          [
            107.1423348,
            -6.259871500000001
          ]
        ]
      },
      "properties": {
        "@id": "way/1289767870",
        "highway": "living_street",
        "motorcycle": "yes",
        "source_records": [
          {
            "file": "export.geojson",
            "record": 221
          },
          {
            "file": "jalan_cikarang.geojson",
            "record": 562
          },
          {
            "file": "osm_cikarang_1km.geojson",
            "record": 562
          }
        ],
        "dataset_role": "osm_reference",
        "radius_m": 1000,
        "geometry_clipped": false,
        "center_status": "unverified_geocoded_station_reference"
      }
    },
    {
      "type": "Feature",
      "id": "osm:way/1292086321",
      "geometry": {
        "type": "LineString",
        "coordinates": [
          [
            107.1487958,
            -6.254419100000002
          ],
          [
            107.1490976,
            -6.2545304
          ]
        ]
      },
      "properties": {
        "@id": "way/1292086321",
        "highway": "living_street",
        "maxspeed": "5",
        "motorcar": "no",
        "source_records": [
          {
            "file": "jalan_cikarang.geojson",
            "record": 563
          },
          {
            "file": "osm_cikarang_1km.geojson",
            "record": 563
          }
        ],
        "dataset_role": "osm_reference",
        "radius_m": 1000,
        "geometry_clipped": false,
        "center_status": "unverified_geocoded_station_reference"
      }
    },
    {
      "type": "Feature",
      "id": "osm:way/1293801693",
      "geometry": {
        "type": "LineString",
        "coordinates": [
          [
            107.1396013,
            -6.252376100000001
          ],
          [
            107.1395583,
            -6.2525067
          ]
        ]
      },
      "properties": {
        "@id": "way/1293801693",
        "highway": "living_street",
        "source_records": [
          {
            "file": "jalan_cikarang.geojson",
            "record": 564
          },
          {
            "file": "osm_cikarang_1km.geojson",
            "record": 564
          }
        ],
        "dataset_role": "osm_reference",
        "radius_m": 1000,
        "geometry_clipped": false,
        "center_status": "unverified_geocoded_station_reference"
      }
    },
    {
      "type": "Feature",
      "id": "osm:way/1293801694",
      "geometry": {
        "type": "LineString",
        "coordinates": [
          [
            107.1397408,
            -6.252056099999999
          ],
          [
            107.1398869,
            -6.252112099999999
          ],
          [
            107.1399819,
            -6.251915200000001
          ]
        ]
      },
      "properties": {
        "@id": "way/1293801694",
        "highway": "living_street",
        "source_records": [
          {
            "file": "jalan_cikarang.geojson",
            "record": 565
          },
          {
            "file": "osm_cikarang_1km.geojson",
            "record": 565
          }
        ],
        "dataset_role": "osm_reference",
        "radius_m": 1000,
        "geometry_clipped": false,
        "center_status": "unverified_geocoded_station_reference"
      }
    },
    {
      "type": "Feature",
      "id": "osm:way/1293801695",
      "geometry": {
        "type": "LineString",
        "coordinates": [
          [
            107.1392688,
            -6.2522563
          ],
          [
            107.1396013,
            -6.252376100000001
          ],
          [
            107.1397408,
            -6.252056099999999
          ]
        ]
      },
      "properties": {
        "@id": "way/1293801695",
        "highway": "living_street",
        "source_records": [
          {
            "file": "jalan_cikarang.geojson",
            "record": 566
          },
          {
            "file": "osm_cikarang_1km.geojson",
            "record": 566
          }
        ],
        "dataset_role": "osm_reference",
        "radius_m": 1000,
        "geometry_clipped": false,
        "center_status": "unverified_geocoded_station_reference"
      }
    },
    {
      "type": "Feature",
      "id": "osm:way/1293801696",
      "geometry": {
        "type": "LineString",
        "coordinates": [
          [
            107.1395228,
            -6.251955500000001
          ],
          [
            107.13962000000001,
            -6.252001400000001
          ],
          [
            107.1397408,
            -6.252056099999999
          ]
        ]
      },
      "properties": {
        "@id": "way/1293801696",
        "highway": "residential",
        "source_records": [
          {
            "file": "jalan_cikarang.geojson",
            "record": 567
          },
          {
            "file": "osm_cikarang_1km.geojson",
            "record": 567
          }
        ],
        "dataset_role": "osm_reference",
        "radius_m": 1000,
        "geometry_clipped": false,
        "center_status": "unverified_geocoded_station_reference"
      }
    },
    {
      "type": "Feature",
      "id": "osm:way/1293801697",
      "geometry": {
        "type": "LineString",
        "coordinates": [
          [
            107.14079889999998,
            -6.251652199999998
          ],
          [
            107.14023019999999,
            -6.251410899999999
          ],
          [
            107.1400586,
            -6.251365499999999
          ],
          [
            107.1397836,
            -6.2513389
          ],
          [
            107.13970889999999,
            -6.2513368
          ]
        ]
      },
      "properties": {
        "@id": "way/1293801697",
        "highway": "residential",
        "source_records": [
          {
            "file": "jalan_cikarang.geojson",
            "record": 568
          },
          {
            "file": "osm_cikarang_1km.geojson",
            "record": 568
          }
        ],
        "dataset_role": "osm_reference",
        "radius_m": 1000,
        "geometry_clipped": false,
        "center_status": "unverified_geocoded_station_reference"
      }
    },
    {
      "type": "Feature",
      "id": "osm:way/1298952523",
      "geometry": {
        "type": "LineString",
        "coordinates": [
          [
            107.1433644,
            -6.2588097
          ],
          [
            107.1434677,
            -6.2588297
          ],
          [
            107.1435481,
            -6.258846999999998
          ],
          [
            107.1435817,
            -6.258832399999999
          ],
          [
            107.1436098,
            -6.258810999999999
          ],
          [
            107.1436715,
            -6.2587524000000005
          ],
          [
            107.1437292,
            -6.258693700000002
          ],
          [
            107.1438539,
            -6.258589699999996
          ],
          [
            107.1439196,
            -6.258537200000001
          ]
        ]
      },
      "properties": {
        "@id": "way/1298952523",
        "highway": "living_street",
        "motorcar": "no",
        "source_records": [
          {
            "file": "export.geojson",
            "record": 222
          },
          {
            "file": "jalan_cikarang.geojson",
            "record": 569
          },
          {
            "file": "osm_cikarang_1km.geojson",
            "record": 569
          }
        ],
        "dataset_role": "osm_reference",
        "radius_m": 1000,
        "geometry_clipped": false,
        "center_status": "unverified_geocoded_station_reference"
      }
    },
    {
      "type": "Feature",
      "id": "osm:way/1327760616",
      "geometry": {
        "type": "LineString",
        "coordinates": [
          [
            107.1447135,
            -6.255591600000001
          ],
          [
            107.1444534,
            -6.255490199999999
          ]
        ]
      },
      "properties": {
        "@id": "way/1327760616",
        "access": "private",
        "highway": "service",
        "oneway": "yes",
        "source_records": [
          {
            "file": "export.geojson",
            "record": 223
          },
          {
            "file": "jalan_cikarang.geojson",
            "record": 570
          },
          {
            "file": "osm_cikarang_1km.geojson",
            "record": 570
          }
        ],
        "dataset_role": "osm_reference",
        "radius_m": 1000,
        "geometry_clipped": false,
        "center_status": "unverified_geocoded_station_reference"
      }
    },
    {
      "type": "Feature",
      "id": "osm:way/1327760617",
      "geometry": {
        "type": "LineString",
        "coordinates": [
          [
            107.1444534,
            -6.255490199999999
          ],
          [
            107.1444815,
            -6.255410199999998
          ]
        ]
      },
      "properties": {
        "@id": "way/1327760617",
        "access": "private",
        "highway": "service",
        "source_records": [
          {
            "file": "export.geojson",
            "record": 224
          },
          {
            "file": "jalan_cikarang.geojson",
            "record": 571
          },
          {
            "file": "osm_cikarang_1km.geojson",
            "record": 571
          }
        ],
        "dataset_role": "osm_reference",
        "radius_m": 1000,
        "geometry_clipped": false,
        "center_status": "unverified_geocoded_station_reference"
      }
    },
    {
      "type": "Feature",
      "id": "osm:way/1327766788",
      "geometry": {
        "type": "LineString",
        "coordinates": [
          [
            107.14909900000002,
            -6.252707999999999
          ],
          [
            107.1491741,
            -6.252658699999997
          ],
          [
            107.1491962,
            -6.252634700000001
          ],
          [
            107.149213,
            -6.2526054
          ],
          [
            107.1493256,
            -6.2523947
          ],
          [
            107.1493726,
            -6.252298800000001
          ]
        ]
      },
      "properties": {
        "@id": "way/1327766788",
        "highway": "living_street",
        "motorcar": "destination",
        "motorcycle": "yes",
        "source_records": [
          {
            "file": "jalan_cikarang.geojson",
            "record": 572
          },
          {
            "file": "osm_cikarang_1km.geojson",
            "record": 572
          }
        ],
        "dataset_role": "osm_reference",
        "radius_m": 1000,
        "geometry_clipped": false,
        "center_status": "unverified_geocoded_station_reference"
      }
    },
    {
      "type": "Feature",
      "id": "osm:way/1329414408",
      "geometry": {
        "type": "LineString",
        "coordinates": [
          [
            107.141284,
            -6.255837399999999
          ],
          [
            107.1412981,
            -6.255834200000001
          ]
        ]
      },
      "properties": {
        "@id": "way/1329414408",
        "access": "yes",
        "alt_name": "Jalan Raya Yos Sudarso",
        "highway": "trunk",
        "lanes": "2",
        "motor_vehicle": "yes",
        "name": "Jalan Yos Sudarso",
        "name:etymology:wikidata": "Q3738184",
        "name:etymology:wikipedia": "id:Yos Sudarso",
        "ref": "1",
        "source_records": [
          {
            "file": "export.geojson",
            "record": 225
          },
          {
            "file": "jalan_cikarang.geojson",
            "record": 573
          },
          {
            "file": "osm_cikarang_1km.geojson",
            "record": 573
          }
        ],
        "dataset_role": "osm_reference",
        "radius_m": 1000,
        "geometry_clipped": false,
        "center_status": "unverified_geocoded_station_reference"
      }
    },
    {
      "type": "Feature",
      "id": "osm:way/1329414409",
      "geometry": {
        "type": "LineString",
        "coordinates": [
          [
            107.1416116,
            -6.2557842
          ],
          [
            107.1416302,
            -6.255781299999999
          ]
        ]
      },
      "properties": {
        "@id": "way/1329414409",
        "access": "yes",
        "alt_name": "Jalan Raya Yos Sudarso",
        "highway": "trunk",
        "lanes": "2",
        "motor_vehicle": "yes",
        "name": "Jalan Yos Sudarso",
        "name:etymology:wikidata": "Q3738184",
        "name:etymology:wikipedia": "id:Yos Sudarso",
        "ref": "1",
        "source_records": [
          {
            "file": "export.geojson",
            "record": 226
          },
          {
            "file": "jalan_cikarang.geojson",
            "record": 574
          },
          {
            "file": "osm_cikarang_1km.geojson",
            "record": 574
          }
        ],
        "dataset_role": "osm_reference",
        "radius_m": 1000,
        "geometry_clipped": false,
        "center_status": "unverified_geocoded_station_reference"
      }
    },
    {
      "type": "Feature",
      "id": "osm:way/1365348749",
      "geometry": {
        "type": "LineString",
        "coordinates": [
          [
            107.1416302,
            -6.255781299999999
          ],
          [
            107.141971,
            -6.2557428999999996
          ],
          [
            107.14206420000001,
            -6.255739499999998
          ],
          [
            107.1422251,
            -6.255751499999999
          ],
          [
            107.1424404,
            -6.255779499999998
          ],
          [
            107.14257230000001,
            -6.255801799999999
          ],
          [
            107.1428668,
            -6.2558514999999995
          ],
          [
            107.1433322,
            -6.2559262
          ],
          [
            107.1435193,
            -6.255954
          ],
          [
            107.1438482,
            -6.256002800000001
          ],
          [
            107.1439672,
            -6.256016599999998
          ],
          [
            107.1441995,
            -6.2560435
          ]
        ]
      },
      "properties": {
        "@id": "way/1365348749",
        "access": "yes",
        "alt_name": "Jalan Raya Yos Sudarso",
        "highway": "trunk",
        "lanes": "2",
        "name": "Jalan Yos Sudarso",
        "name:etymology:wikidata": "Q3738184",
        "name:etymology:wikipedia": "id:Yos Sudarso",
        "ref": "1",
        "source_records": [
          {
            "file": "export.geojson",
            "record": 227
          },
          {
            "file": "jalan_cikarang.geojson",
            "record": 575
          },
          {
            "file": "osm_cikarang_1km.geojson",
            "record": 575
          }
        ],
        "dataset_role": "osm_reference",
        "radius_m": 1000,
        "geometry_clipped": false,
        "center_status": "unverified_geocoded_station_reference"
      }
    },
    {
      "type": "Feature",
      "id": "osm:way/1365366237",
      "geometry": {
        "type": "LineString",
        "coordinates": [
          [
            107.1392754,
            -6.2617696999999986
          ],
          [
            107.139435,
            -6.261841000000001
          ],
          [
            107.1395826,
            -6.261906299999999
          ]
        ]
      },
      "properties": {
        "@id": "way/1365366237",
        "highway": "trunk",
        "lanes": "2",
        "name": "Jalan R.E. Martadinata",
        "name:etymology:wikidata": "Q5928807",
        "name:etymology:wikipedia": "id:Raden Eddy Martadinata",
        "oneway": "yes",
        "ref": "1",
        "source_records": [
          {
            "file": "jalan_cikarang.geojson",
            "record": 577
          },
          {
            "file": "osm_cikarang_1km.geojson",
            "record": 577
          }
        ],
        "dataset_role": "osm_reference",
        "radius_m": 1000,
        "geometry_clipped": false,
        "center_status": "unverified_geocoded_station_reference"
      }
    },
    {
      "type": "Feature",
      "id": "osm:way/1365366238",
      "geometry": {
        "type": "LineString",
        "coordinates": [
          [
            107.1395081,
            -6.261997099999999
          ],
          [
            107.1393937,
            -6.261939599999997
          ],
          [
            107.1392357,
            -6.261865199999998
          ]
        ]
      },
      "properties": {
        "@id": "way/1365366238",
        "access": "yes",
        "highway": "trunk",
        "lanes": "2",
        "name": "Jalan R.E. Martadinata",
        "name:etymology:wikidata": "Q5928807",
        "name:etymology:wikipedia": "id:Raden Eddy Martadinata",
        "oneway": "yes",
        "ref": "1",
        "source_records": [
          {
            "file": "jalan_cikarang.geojson",
            "record": 578
          },
          {
            "file": "osm_cikarang_1km.geojson",
            "record": 578
          }
        ],
        "dataset_role": "osm_reference",
        "radius_m": 1000,
        "geometry_clipped": false,
        "center_status": "unverified_geocoded_station_reference"
      }
    },
    {
      "type": "Feature",
      "id": "osm:way/1366525119",
      "geometry": {
        "type": "LineString",
        "coordinates": [
          [
            107.1423894,
            -6.252364099999998
          ],
          [
            107.1423425,
            -6.252474699999997
          ],
          [
            107.1423552,
            -6.252506
          ],
          [
            107.1423653,
            -6.252541399999998
          ],
          [
            107.1424022,
            -6.2525619999999975
          ],
          [
            107.14245110000002,
            -6.252563999999998
          ],
          [
            107.1425249,
            -6.2525667
          ],
          [
            107.142781,
            -6.2526607
          ],
          [
            107.1427419,
            -6.252769299999997
          ]
        ]
      },
      "properties": {
        "@id": "way/1366525119",
        "highway": "residential",
        "motorcar": "no",
        "source_records": [
          {
            "file": "jalan_cikarang.geojson",
            "record": 579
          },
          {
            "file": "osm_cikarang_1km.geojson",
            "record": 579
          }
        ],
        "dataset_role": "osm_reference",
        "radius_m": 1000,
        "geometry_clipped": false,
        "center_status": "unverified_geocoded_station_reference"
      }
    },
    {
      "type": "Feature",
      "id": "osm:way/1371972475",
      "geometry": {
        "type": "LineString",
        "coordinates": [
          [
            107.1470736,
            -6.258521000000001
          ],
          [
            107.1470763,
            -6.258630899999999
          ]
        ]
      },
      "properties": {
        "@id": "way/1371972475",
        "highway": "secondary",
        "name": "Jalan Raya Industri Pasir Gombong",
        "source_records": [
          {
            "file": "export.geojson",
            "record": 228
          },
          {
            "file": "jalan_cikarang.geojson",
            "record": 580
          },
          {
            "file": "osm_cikarang_1km.geojson",
            "record": 580
          }
        ],
        "dataset_role": "osm_reference",
        "radius_m": 1000,
        "geometry_clipped": false,
        "center_status": "unverified_geocoded_station_reference"
      }
    },
    {
      "type": "Feature",
      "id": "osm:way/1372980783",
      "geometry": {
        "type": "LineString",
        "coordinates": [
          [
            107.1452451,
            -6.258335399999999
          ],
          [
            107.1457132,
            -6.2581552
          ]
        ]
      },
      "properties": {
        "@id": "way/1372980783",
        "highway": "service",
        "source_records": [
          {
            "file": "export.geojson",
            "record": 229
          },
          {
            "file": "jalan_cikarang.geojson",
            "record": 581
          },
          {
            "file": "osm_cikarang_1km.geojson",
            "record": 581
          }
        ],
        "dataset_role": "osm_reference",
        "radius_m": 1000,
        "geometry_clipped": false,
        "center_status": "unverified_geocoded_station_reference"
      }
    },
    {
      "type": "Feature",
      "id": "osm:way/1372980867",
      "geometry": {
        "type": "LineString",
        "coordinates": [
          [
            107.1457732,
            -6.257878900000001
          ],
          [
            107.1457132,
            -6.2581552
          ]
        ]
      },
      "properties": {
        "@id": "way/1372980867",
        "access": "destination",
        "highway": "service",
        "motorcar": "no",
        "source_records": [
          {
            "file": "export.geojson",
            "record": 230
          },
          {
            "file": "jalan_cikarang.geojson",
            "record": 582
          },
          {
            "file": "osm_cikarang_1km.geojson",
            "record": 582
          }
        ],
        "dataset_role": "osm_reference",
        "radius_m": 1000,
        "geometry_clipped": false,
        "center_status": "unverified_geocoded_station_reference"
      }
    },
    {
      "type": "Feature",
      "id": "osm:way/1413419819",
      "geometry": {
        "type": "LineString",
        "coordinates": [
          [
            107.14800110000002,
            -6.249115499999999
          ],
          [
            107.14747200000001,
            -6.248662399999999
          ]
        ]
      },
      "properties": {
        "@id": "way/1413419819",
        "highway": "living_street",
        "motorcar": "no",
        "source_records": [
          {
            "file": "jalan_cikarang.geojson",
            "record": 583
          },
          {
            "file": "osm_cikarang_1km.geojson",
            "record": 583
          }
        ],
        "dataset_role": "osm_reference",
        "radius_m": 1000,
        "geometry_clipped": false,
        "center_status": "unverified_geocoded_station_reference"
      }
    },
    {
      "type": "Feature",
      "id": "osm:way/1413419820",
      "geometry": {
        "type": "LineString",
        "coordinates": [
          [
            107.14800110000002,
            -6.249115499999999
          ],
          [
            107.14807690000002,
            -6.249182299999998
          ],
          [
            107.14816980000002,
            -6.249263999999998
          ]
        ]
      },
      "properties": {
        "@id": "way/1413419820",
        "highway": "living_street",
        "motorcar": "no",
        "source_records": [
          {
            "file": "jalan_cikarang.geojson",
            "record": 584
          },
          {
            "file": "osm_cikarang_1km.geojson",
            "record": 584
          }
        ],
        "dataset_role": "osm_reference",
        "radius_m": 1000,
        "geometry_clipped": false,
        "center_status": "unverified_geocoded_station_reference"
      }
    },
    {
      "type": "Feature",
      "id": "osm:way/1422288630",
      "geometry": {
        "type": "LineString",
        "coordinates": [
          [
            107.1446133,
            -6.2499543
          ],
          [
            107.14470150000001,
            -6.2500507
          ]
        ]
      },
      "properties": {
        "@id": "way/1422288630",
        "highway": "residential",
        "source_records": [
          {
            "file": "jalan_cikarang.geojson",
            "record": 585
          },
          {
            "file": "osm_cikarang_1km.geojson",
            "record": 585
          }
        ],
        "dataset_role": "osm_reference",
        "radius_m": 1000,
        "geometry_clipped": false,
        "center_status": "unverified_geocoded_station_reference"
      }
    },
    {
      "type": "Feature",
      "id": "osm:way/1422288631",
      "geometry": {
        "type": "LineString",
        "coordinates": [
          [
            107.1434685,
            -6.250164300000001
          ],
          [
            107.1434596,
            -6.250140399999999
          ],
          [
            107.1434556,
            -6.250120099999999
          ],
          [
            107.1434529,
            -6.2500841000000005
          ],
          [
            107.1434492,
            -6.250061099999997
          ],
          [
            107.14344250000002,
            -6.2500331
          ],
          [
            107.14337,
            -6.249873699999999
          ]
        ]
      },
      "properties": {
        "@id": "way/1422288631",
        "highway": "living_street",
        "source_records": [
          {
            "file": "jalan_cikarang.geojson",
            "record": 586
          },
          {
            "file": "osm_cikarang_1km.geojson",
            "record": 586
          }
        ],
        "dataset_role": "osm_reference",
        "radius_m": 1000,
        "geometry_clipped": false,
        "center_status": "unverified_geocoded_station_reference"
      }
    },
    {
      "type": "Feature",
      "id": "osm:way/1432680504",
      "geometry": {
        "type": "LineString",
        "coordinates": [
          [
            107.1492532,
            -6.2559129
          ],
          [
            107.14926119999998,
            -6.2558875
          ],
          [
            107.1494222,
            -6.2554115999999995
          ]
        ]
      },
      "properties": {
        "@id": "way/1432680504",
        "highway": "service",
        "source_records": [
          {
            "file": "export.geojson",
            "record": 231
          },
          {
            "file": "jalan_cikarang.geojson",
            "record": 587
          },
          {
            "file": "osm_cikarang_1km.geojson",
            "record": 587
          }
        ],
        "dataset_role": "osm_reference",
        "radius_m": 1000,
        "geometry_clipped": false,
        "center_status": "unverified_geocoded_station_reference"
      }
    },
    {
      "type": "Feature",
      "id": "osm:way/1465985197",
      "geometry": {
        "type": "LineString",
        "coordinates": [
          [
            107.14784910000002,
            -6.2482486999999995
          ],
          [
            107.1478558,
            -6.2479927
          ],
          [
            107.1478531,
            -6.247862099999999
          ],
          [
            107.147841,
            -6.247763399999999
          ],
          [
            107.1478249,
            -6.247752799999997
          ],
          [
            107.1477739,
            -6.247756700000001
          ],
          [
            107.14747760000002,
            -6.247775399999998
          ]
        ]
      },
      "properties": {
        "@id": "way/1465985197",
        "highway": "residential",
        "source_records": [
          {
            "file": "jalan_cikarang.geojson",
            "record": 588
          },
          {
            "file": "osm_cikarang_1km.geojson",
            "record": 588
          }
        ],
        "dataset_role": "osm_reference",
        "radius_m": 1000,
        "geometry_clipped": false,
        "center_status": "unverified_geocoded_station_reference"
      }
    },
    {
      "type": "Feature",
      "id": "osm:way/1490944520",
      "geometry": {
        "type": "LineString",
        "coordinates": [
          [
            107.1427061,
            -6.263511600000001
          ],
          [
            107.1427073,
            -6.263678199999999
          ],
          [
            107.142722,
            -6.263791499999998
          ],
          [
            107.1427354,
            -6.263848799999998
          ],
          [
            107.1427361,
            -6.263963399999999
          ]
        ]
      },
      "properties": {
        "@id": "way/1490944520",
        "foot": "permissive",
        "highway": "living_street",
        "motorcar": "no",
        "motorcycle": "destination",
        "surface": "unpaved",
        "source_records": [
          {
            "file": "jalan_cikarang.geojson",
            "record": 589
          },
          {
            "file": "osm_cikarang_1km.geojson",
            "record": 589
          }
        ],
        "dataset_role": "osm_reference",
        "radius_m": 1000,
        "geometry_clipped": false,
        "center_status": "unverified_geocoded_station_reference"
      }
    },
    {
      "type": "Feature",
      "id": "osm:way/188843262",
      "geometry": {
        "type": "LineString",
        "coordinates": [
          [
            107.15255210000001,
            -6.2578608000000004
          ],
          [
            107.15145550000001,
            -6.258009600000001
          ]
        ]
      },
      "properties": {
        "@id": "way/188843262",
        "access": "yes",
        "alt_name": "Jalan Gatot Subroto",
        "bicycle": "yes",
        "bridge": "yes",
        "cycleway": "no",
        "foot": "yes",
        "highway": "trunk",
        "lanes": "2",
        "layer": "1",
        "name": "Jalan R.E. Martadinata",
        "name:etymology:wikidata": "Q5928807",
        "name:etymology:wikipedia": "id:Raden Eddy Martadinata",
        "oneway": "yes",
        "ref": "1",
        "sidewalk": "left",
        "surface": "asphalt",
        "source_records": [
          {
            "file": "export.geojson",
            "record": 2
          },
          {
            "file": "jalan_cikarang.geojson",
            "record": 2
          },
          {
            "file": "osm_cikarang_1km.geojson",
            "record": 2
          }
        ],
        "dataset_role": "osm_reference",
        "radius_m": 1000,
        "geometry_clipped": false,
        "center_status": "unverified_geocoded_station_reference"
      }
    },
    {
      "type": "Feature",
      "id": "osm:way/188843276",
      "geometry": {
        "type": "LineString",
        "coordinates": [
          [
            107.14948,
            -6.258225499999998
          ],
          [
            107.14834390000001,
            -6.258353800000001
          ],
          [
            107.1476448,
            -6.258467699999997
          ],
          [
            107.1475422,
            -6.258487100000002
          ]
        ]
      },
      "properties": {
        "@id": "way/188843276",
        "access": "yes",
        "alt_name": "Jalan Gatot Subroto",
        "bicycle": "yes",
        "cycleway": "no",
        "foot": "yes",
        "highway": "trunk",
        "lanes": "2",
        "name": "Jalan R.E. Martadinata",
        "name:etymology:wikidata": "Q5928807",
        "name:etymology:wikipedia": "id:Raden Eddy Martadinata",
        "oneway": "yes",
        "ref": "1",
        "sidewalk": "left",
        "source_records": [
          {
            "file": "export.geojson",
            "record": 3
          },
          {
            "file": "jalan_cikarang.geojson",
            "record": 3
          },
          {
            "file": "osm_cikarang_1km.geojson",
            "record": 3
          }
        ],
        "dataset_role": "osm_reference",
        "radius_m": 1000,
        "geometry_clipped": false,
        "center_status": "unverified_geocoded_station_reference"
      }
    },
    {
      "type": "Feature",
      "id": "osm:way/188843383",
      "geometry": {
        "type": "LineString",
        "coordinates": [
          [
            107.1513428,
            -6.2578922
          ],
          [
            107.1524126,
            -6.2577473999999995
          ]
        ]
      },
      "properties": {
        "@id": "way/188843383",
        "access": "yes",
        "alt_name": "Jalan Gatot Subroto",
        "bridge": "yes",
        "highway": "trunk",
        "lanes": "2",
        "layer": "1",
        "name": "Jalan R.E. Martadinata",
        "name:etymology:wikidata": "Q5928807",
        "name:etymology:wikipedia": "id:Raden Eddy Martadinata",
        "oneway": "yes",
        "ref": "1",
        "surface": "asphalt",
        "source_records": [
          {
            "file": "export.geojson",
            "record": 4
          },
          {
            "file": "jalan_cikarang.geojson",
            "record": 4
          },
          {
            "file": "osm_cikarang_1km.geojson",
            "record": 4
          }
        ],
        "dataset_role": "osm_reference",
        "radius_m": 1000,
        "geometry_clipped": false,
        "center_status": "unverified_geocoded_station_reference"
      }
    },
    {
      "type": "Feature",
      "id": "osm:way/188843440",
      "geometry": {
        "type": "LineString",
        "coordinates": [
          [
            107.1468602,
            -6.258751199999999
          ],
          [
            107.1449022,
            -6.2600139
          ],
          [
            107.1448215,
            -6.2600672
          ],
          [
            107.14440210000001,
            -6.2603442
          ],
          [
            107.1439316,
            -6.2606583
          ],
          [
            107.1436141,
            -6.260870299999998
          ],
          [
            107.1431193,
            -6.261200599999998
          ],
          [
            107.14285959999998,
            -6.261373999999999
          ],
          [
            107.14259599999998,
            -6.2615502
          ],
          [
            107.1422847,
            -6.2617582999999994
          ],
          [
            107.14208409999999,
            -6.2618923
          ],
          [
            107.141835,
            -6.262046400000001
          ],
          [
            107.1416624,
            -6.262138199999998
          ],
          [
            107.141298,
            -6.262278799999997
          ],
          [
            107.14107,
            -6.262338200000002
          ],
          [
            107.1409458,
            -6.2623569
          ],
          [
            107.1407781,
            -6.262365199999999
          ],
          [
            107.1406419,
            -6.262354399999998
          ],
          [
            107.1403625,
            -6.2623301
          ],
          [
            107.1402774,
            -6.2623167
          ],
          [
            107.14020070000001,
            -6.2623025000000005
          ],
          [
            107.1400901,
            -6.2622682
          ],
          [
            107.1399566,
            -6.262218899999999
          ],
          [
            107.139783,
            -6.262136900000001
          ]
        ]
      },
      "properties": {
        "@id": "way/188843440",
        "access": "yes",
        "highway": "trunk",
        "lanes": "2",
        "name": "Jalan R.E. Martadinata",
        "name:etymology:wikidata": "Q5928807",
        "name:etymology:wikipedia": "id:Raden Eddy Martadinata",
        "oneway": "yes",
        "ref": "1",
        "source_records": [
          {
            "file": "export.geojson",
            "record": 5
          },
          {
            "file": "jalan_cikarang.geojson",
            "record": 5
          },
          {
            "file": "osm_cikarang_1km.geojson",
            "record": 5
          }
        ],
        "dataset_role": "osm_reference",
        "radius_m": 1000,
        "geometry_clipped": false,
        "center_status": "unverified_geocoded_station_reference"
      }
    },
    {
      "type": "Feature",
      "id": "osm:way/188843470",
      "geometry": {
        "type": "LineString",
        "coordinates": [
          [
            107.13833980129898,
            -6.261344355847942
          ],
          [
            107.1383888,
            -6.261216400000001
          ],
          [
            107.1386413,
            -6.260737
          ],
          [
            107.13891489999999,
            -6.2601626
          ],
          [
            107.13912039999998,
            -6.259731699999997
          ],
          [
            107.13920789999999,
            -6.259548199999997
          ],
          [
            107.13923209999999,
            -6.259497500000001
          ],
          [
            107.13925979999999,
            -6.259439500000001
          ],
          [
            107.1394334,
            -6.2590755
          ],
          [
            107.139559,
            -6.258811999999997
          ],
          [
            107.139676,
            -6.258566599999998
          ],
          [
            107.1397909,
            -6.258324799999998
          ],
          [
            107.1398353,
            -6.2582313
          ],
          [
            107.1398803,
            -6.258136600000001
          ],
          [
            107.1398904,
            -6.2581154
          ],
          [
            107.1399125,
            -6.2580689
          ],
          [
            107.139925,
            -6.2580425
          ],
          [
            107.139968,
            -6.2579519999999995
          ],
          [
            107.1401302,
            -6.257610499999999
          ],
          [
            107.1402248,
            -6.257397900000001
          ],
          [
            107.1404971,
            -6.2567857999999985
          ],
          [
            107.1406148,
            -6.256521199999999
          ],
          [
            107.1406701,
            -6.256396800000001
          ],
          [
            107.14073180000001,
            -6.256272199999997
          ],
          [
            107.14079750000002,
            -6.256165500000001
          ],
          [
            107.14089140000002,
            -6.256055899999999
          ],
          [
            107.1409692,
            -6.255971499999999
          ],
          [
            107.1410577,
            -6.255917499999999
          ],
          [
            107.14115690000001,
            -6.255873499999999
          ],
          [
            107.141284,
            -6.255837399999999
          ]
        ]
      },
      "properties": {
        "@id": "way/188843470",
        "access": "yes",
        "alt_name": "Jalan Yos Sudarso",
        "highway": "trunk",
        "lanes": "2",
        "name": "Jalan H.O.S. Cokroaminoto",
        "name:etymology:wikidata": "Q2603591",
        "name:etymology:wikipedia": "id:Oemar Said Tjokroaminoto",
        "ref": "1",
        "source_records": [
          {
            "file": "export.geojson",
            "record": 6
          },
          {
            "file": "jalan_cikarang.geojson",
            "record": 6
          },
          {
            "file": "osm_cikarang_1km.geojson",
            "record": 6
          }
        ],
        "dataset_role": "osm_reference",
        "radius_m": 1000,
        "geometry_clipped": true,
        "center_status": "unverified_geocoded_station_reference"
      }
    },
    {
      "type": "Feature",
      "id": "osm:way/188843474",
      "geometry": {
        "type": "LineString",
        "coordinates": [
          [
            107.1470673,
            -6.2582313
          ],
          [
            107.1470784,
            -6.257959499999999
          ],
          [
            107.1470846,
            -6.257805899999998
          ],
          [
            107.14708850000001,
            -6.2574993
          ],
          [
            107.1470939,
            -6.2572885
          ],
          [
            107.1471083,
            -6.257236600000002
          ]
        ]
      },
      "properties": {
        "@id": "way/188843474",
        "access": "yes",
        "highway": "secondary",
        "lanes": "1",
        "name": "Jalan Raya Industri Pasir Gombong",
        "oneway": "yes",
        "ref": "1",
        "source_records": [
          {
            "file": "export.geojson",
            "record": 7
          },
          {
            "file": "jalan_cikarang.geojson",
            "record": 7
          },
          {
            "file": "osm_cikarang_1km.geojson",
            "record": 7
          }
        ],
        "dataset_role": "osm_reference",
        "radius_m": 1000,
        "geometry_clipped": false,
        "center_status": "unverified_geocoded_station_reference"
      }
    },
    {
      "type": "Feature",
      "id": "osm:way/188843559",
      "geometry": {
        "type": "LineString",
        "coordinates": [
          [
            107.14712,
            -6.2563534
          ],
          [
            107.1474249,
            -6.2563802
          ],
          [
            107.1476028,
            -6.256395799999999
          ],
          [
            107.1481874,
            -6.256510699999998
          ],
          [
            107.1482651,
            -6.256524899999998
          ],
          [
            107.1483958,
            -6.2565108999999985
          ],
          [
            107.1484446,
            -6.2565064999999995
          ],
          [
            107.1485423,
            -6.256491699999999
          ],
          [
            107.1485451,
            -6.256490099999998
          ],
          [
            107.1486009,
            -6.256450899999998
          ],
          [
            107.1486547,
            -6.256421100000001
          ],
          [
            107.1487642,
            -6.256385800000003
          ],
          [
            107.148818,
            -6.256389399999998
          ],
          [
            107.1488901,
            -6.256401199999997
          ],
          [
            107.1496259,
            -6.2565197999999995
          ],
          [
            107.1499978,
            -6.2565797000000005
          ],
          [
            107.1507298,
            -6.256679700000001
          ],
          [
            107.1514907,
            -6.256803599999999
          ],
          [
            107.1515806,
            -6.256819299999999
          ],
          [
            107.1521068,
            -6.2569024
          ],
          [
            107.15304250000001,
            -6.257053400000002
          ],
          [
            107.15391207688226,
            -6.2571955473021745
          ]
        ]
      },
      "properties": {
        "@id": "way/188843559",
        "access": "yes",
        "highway": "trunk",
        "lanes": "2",
        "name": "Jalan Yos Sudarso",
        "name:etymology:wikidata": "Q3738184",
        "name:etymology:wikipedia": "id:Yos Sudarso",
        "oneway": "no",
        "ref": "1",
        "source_records": [
          {
            "file": "export.geojson",
            "record": 8
          },
          {
            "file": "jalan_cikarang.geojson",
            "record": 8
          },
          {
            "file": "osm_cikarang_1km.geojson",
            "record": 8
          }
        ],
        "dataset_role": "osm_reference",
        "radius_m": 1000,
        "geometry_clipped": true,
        "center_status": "unverified_geocoded_station_reference"
      }
    },
    {
      "type": "Feature",
      "id": "osm:way/188927846",
      "geometry": {
        "type": "LineString",
        "coordinates": [
          [
            107.1438482,
            -6.256002800000001
          ],
          [
            107.1440317,
            -6.255603699999997
          ],
          [
            107.1440914,
            -6.2554737000000005
          ]
        ]
      },
      "properties": {
        "@id": "way/188927846",
        "highway": "unclassified",
        "source_records": [
          {
            "file": "export.geojson",
            "record": 9
          },
          {
            "file": "jalan_cikarang.geojson",
            "record": 9
          },
          {
            "file": "osm_cikarang_1km.geojson",
            "record": 9
          }
        ],
        "dataset_role": "osm_reference",
        "radius_m": 1000,
        "geometry_clipped": false,
        "center_status": "unverified_geocoded_station_reference"
      }
    },
    {
      "type": "Feature",
      "id": "osm:way/188928000",
      "geometry": {
        "type": "LineString",
        "coordinates": [
          [
            107.14719720000001,
            -6.2627853
          ],
          [
            107.14709540000001,
            -6.262779699999999
          ],
          [
            107.14697400000001,
            -6.262774299999999
          ],
          [
            107.14686540000001,
            -6.262762299999999
          ],
          [
            107.14673910000002,
            -6.2627482
          ],
          [
            107.14658780000002,
            -6.262721999999999
          ],
          [
            107.14643710000001,
            -6.262693699999999
          ],
          [
            107.1459759,
            -6.262611899999999
          ],
          [
            107.1454857,
            -6.262523300000001
          ],
          [
            107.145258,
            -6.262481999999999
          ],
          [
            107.1447832,
            -6.262400099999999
          ],
          [
            107.1446986,
            -6.26236
          ],
          [
            107.1443971,
            -6.262217
          ],
          [
            107.1439408,
            -6.261968699999999
          ],
          [
            107.14366230000002,
            -6.2618115
          ],
          [
            107.142914,
            -6.261405600000002
          ],
          [
            107.14285959999998,
            -6.261373999999999
          ]
        ]
      },
      "properties": {
        "@id": "way/188928000",
        "highway": "secondary",
        "lanes": "2",
        "oneway": "no",
        "source_records": [
          {
            "file": "export.geojson",
            "record": 10
          },
          {
            "file": "jalan_cikarang.geojson",
            "record": 10
          },
          {
            "file": "osm_cikarang_1km.geojson",
            "record": 10
          }
        ],
        "dataset_role": "osm_reference",
        "radius_m": 1000,
        "geometry_clipped": false,
        "center_status": "unverified_geocoded_station_reference"
      }
    },
    {
      "type": "Feature",
      "id": "osm:way/197472030",
      "geometry": {
        "type": "LineString",
        "coordinates": [
          [
            107.1470736,
            -6.258521000000001
          ],
          [
            107.1473902,
            -6.2584271
          ],
          [
            107.147447,
            -6.258413299999999
          ],
          [
            107.1478679,
            -6.258352899999999
          ],
          [
            107.1484029,
            -6.258247099999999
          ]
        ]
      },
      "properties": {
        "@id": "way/197472030",
        "access": "yes",
        "alt_name": "Jalan Gatot Subroto",
        "cycleway": "no",
        "highway": "trunk",
        "lanes": "3",
        "name": "Jalan R.E. Martadinata",
        "name:etymology:wikidata": "Q5928807",
        "name:etymology:wikipedia": "id:Raden Eddy Martadinata",
        "oneway": "yes",
        "ref": "1",
        "sidewalk": "left",
        "source_records": [
          {
            "file": "export.geojson",
            "record": 11
          },
          {
            "file": "jalan_cikarang.geojson",
            "record": 11
          },
          {
            "file": "osm_cikarang_1km.geojson",
            "record": 11
          }
        ],
        "dataset_role": "osm_reference",
        "radius_m": 1000,
        "geometry_clipped": false,
        "center_status": "unverified_geocoded_station_reference"
      }
    },
    {
      "type": "Feature",
      "id": "osm:way/460566694",
      "geometry": {
        "type": "LineString",
        "coordinates": [
          [
            107.1398446,
            -6.262037799999999
          ],
          [
            107.1399834,
            -6.2620989
          ],
          [
            107.1401339,
            -6.262157200000002
          ],
          [
            107.1403053,
            -6.2622104
          ],
          [
            107.140538,
            -6.2622466
          ],
          [
            107.140855,
            -6.262263100000001
          ],
          [
            107.1410449,
            -6.262247899999998
          ],
          [
            107.1412052,
            -6.262217099999999
          ],
          [
            107.1413233,
            -6.2621778
          ],
          [
            107.141511,
            -6.262107799999999
          ],
          [
            107.1416303,
            -6.2620485
          ],
          [
            107.14180010000001,
            -6.261957599999999
          ],
          [
            107.14202449999999,
            -6.261827200000001
          ],
          [
            107.14227739999998,
            -6.261657900000001
          ],
          [
            107.14253089999998,
            -6.261488199999999
          ],
          [
            107.14257139999998,
            -6.2614593
          ],
          [
            107.1431058,
            -6.2611026
          ],
          [
            107.1432988,
            -6.260973799999999
          ],
          [
            107.1437076,
            -6.260700899999999
          ],
          [
            107.14380900000002,
            -6.2606346
          ],
          [
            107.1438793,
            -6.260588600000001
          ],
          [
            107.1443917,
            -6.2602535
          ],
          [
            107.144786,
            -6.2599842
          ],
          [
            107.1449258,
            -6.2598996
          ]
        ]
      },
      "properties": {
        "@id": "way/460566694",
        "highway": "trunk",
        "lanes": "2",
        "name": "Jalan R.E. Martadinata",
        "name:etymology:wikidata": "Q5928807",
        "name:etymology:wikipedia": "id:Raden Eddy Martadinata",
        "oneway": "yes",
        "ref": "1",
        "source_records": [
          {
            "file": "export.geojson",
            "record": 12
          },
          {
            "file": "jalan_cikarang.geojson",
            "record": 14
          },
          {
            "file": "osm_cikarang_1km.geojson",
            "record": 14
          }
        ],
        "dataset_role": "osm_reference",
        "radius_m": 1000,
        "geometry_clipped": false,
        "center_status": "unverified_geocoded_station_reference"
      }
    },
    {
      "type": "Feature",
      "id": "osm:way/468745517",
      "geometry": {
        "type": "LineString",
        "coordinates": [
          [
            107.1424404,
            -6.255779499999998
          ],
          [
            107.142486,
            -6.255508899999997
          ],
          [
            107.14251820000001,
            -6.255296900000002
          ],
          [
            107.1425691,
            -6.255062999999999
          ],
          [
            107.14260529999999,
            -6.2549237
          ],
          [
            107.1426543,
            -6.2547893
          ],
          [
            107.1427335,
            -6.254560799999999
          ],
          [
            107.14283770000002,
            -6.2543125999999996
          ],
          [
            107.1428522,
            -6.254279600000001
          ],
          [
            107.1428953,
            -6.254143899999998
          ],
          [
            107.1429177,
            -6.254083799999999
          ],
          [
            107.1429564,
            -6.253984199999999
          ],
          [
            107.1430372,
            -6.2537597999999965
          ],
          [
            107.1431203,
            -6.253541500000002
          ],
          [
            107.1431874,
            -6.253397199999999
          ],
          [
            107.143262,
            -6.253259199999998
          ],
          [
            107.1433134,
            -6.2531719
          ],
          [
            107.1433871,
            -6.253085600000002
          ],
          [
            107.1434824,
            -6.2529999999999974
          ],
          [
            107.1436018,
            -6.252901599999999
          ],
          [
            107.143811,
            -6.252722699999999
          ],
          [
            107.1440121,
            -6.252563699999998
          ],
          [
            107.1442146,
            -6.252376100000001
          ],
          [
            107.1444298,
            -6.252189799999999
          ],
          [
            107.1446746,
            -6.251988099999999
          ],
          [
            107.14509290000001,
            -6.251637099999999
          ],
          [
            107.1453077,
            -6.2514495
          ],
          [
            107.1455169,
            -6.251270899999999
          ],
          [
            107.1458669,
            -6.250970899999998
          ],
          [
            107.1461269,
            -6.250755300000001
          ],
          [
            107.1463323,
            -6.250566999999999
          ],
          [
            107.1465375,
            -6.250380399999997
          ],
          [
            107.1466622,
            -6.2502824
          ],
          [
            107.1467455,
            -6.250220999999999
          ],
          [
            107.1470189,
            -6.2500191
          ],
          [
            107.1472064,
            -6.249886499999999
          ],
          [
            107.14736220000002,
            -6.2497837
          ],
          [
            107.14746570000001,
            -6.249719399999999
          ],
          [
            107.14785350000001,
            -6.249471899999999
          ],
          [
            107.14809570000001,
            -6.249313
          ],
          [
            107.14816980000002,
            -6.249263999999998
          ],
          [
            107.14833230000002,
            -6.249156600000001
          ],
          [
            107.14840940000002,
            -6.249103999999999
          ],
          [
            107.14850350000002,
            -6.249044599999999
          ],
          [
            107.14860940000001,
            -6.2489894999999995
          ],
          [
            107.1491338,
            -6.2487126
          ],
          [
            107.149512,
            -6.2485193
          ],
          [
            107.1497638,
            -6.248399699999999
          ],
          [
            107.1498284,
            -6.248372800000001
          ],
          [
            107.1498937,
            -6.248351599999999
          ],
          [
            107.1499948,
            -6.248322000000001
          ],
          [
            107.1502351,
            -6.248269100000002
          ],
          [
            107.1505287,
            -6.248215399999999
          ],
          [
            107.1505976,
            -6.2482028
          ],
          [
            107.15064399459489,
            -6.2481938371517645
          ]
        ]
      },
      "properties": {
        "@id": "way/468745517",
        "highway": "secondary",
        "lanes": "2",
        "name": "Jalal KH. Fudholi",
        "surface": "concrete",
        "source_records": [
          {
            "file": "export.geojson",
            "record": 13
          },
          {
            "file": "jalan_cikarang.geojson",
            "record": 15
          },
          {
            "file": "osm_cikarang_1km.geojson",
            "record": 15
          }
        ],
        "dataset_role": "osm_reference",
        "radius_m": 1000,
        "geometry_clipped": true,
        "center_status": "unverified_geocoded_station_reference"
      }
    },
    {
      "type": "Feature",
      "id": "osm:way/468754736",
      "geometry": {
        "type": "LineString",
        "coordinates": [
          [
            107.1402248,
            -6.257397900000001
          ],
          [
            107.139987,
            -6.257251800000002
          ],
          [
            107.1398655,
            -6.257167300000001
          ],
          [
            107.139837,
            -6.257125999999998
          ],
          [
            107.1398348,
            -6.257081900000001
          ],
          [
            107.1398346,
            -6.2570313
          ],
          [
            107.13987120000002,
            -6.2568574
          ],
          [
            107.139907,
            -6.2566067
          ],
          [
            107.139938,
            -6.256356599999999
          ],
          [
            107.1400532,
            -6.2553296
          ],
          [
            107.1401726,
            -6.254754400000001
          ],
          [
            107.14031419999999,
            -6.254183499999999
          ],
          [
            107.1404178,
            -6.253378999999997
          ],
          [
            107.140424,
            -6.253339499999998
          ],
          [
            107.14043220000002,
            -6.2532816
          ],
          [
            107.1404377,
            -6.253242799999999
          ],
          [
            107.1404517,
            -6.2531539
          ],
          [
            107.1404978,
            -6.2528169
          ],
          [
            107.140539,
            -6.252515100000001
          ],
          [
            107.1405615,
            -6.252350699999999
          ],
          [
            107.1406031,
            -6.252209400000001
          ],
          [
            107.14079889999998,
            -6.251652199999998
          ],
          [
            107.1409089,
            -6.251388199999997
          ],
          [
            107.1411529,
            -6.250897600000001
          ],
          [
            107.14134339999998,
            -6.250542999999998
          ],
          [
            107.14148879999999,
            -6.250333199999999
          ],
          [
            107.1415304,
            -6.250297
          ],
          [
            107.14157889999998,
            -6.250276399999998
          ],
          [
            107.14164309999998,
            -6.250267700000001
          ],
          [
            107.14170959999998,
            -6.250276399999999
          ],
          [
            107.1419965,
            -6.2503804
          ],
          [
            107.1424444,
            -6.250519000000001
          ],
          [
            107.1425343,
            -6.250526299999998
          ],
          [
            107.14257770000002,
            -6.2505212000000006
          ],
          [
            107.14261670000002,
            -6.250504299999999
          ],
          [
            107.1426694,
            -6.250487699999998
          ],
          [
            107.1427428,
            -6.250399699999999
          ],
          [
            107.1428065,
            -6.250335
          ],
          [
            107.1430106,
            -6.250115799999999
          ],
          [
            107.1430908,
            -6.250029700000001
          ],
          [
            107.1431954,
            -6.249965799999999
          ],
          [
            107.14337,
            -6.249873699999999
          ],
          [
            107.1434346,
            -6.249839699999999
          ],
          [
            107.1435736,
            -6.249799099999999
          ],
          [
            107.143764,
            -6.249711099999998
          ],
          [
            107.1439286,
            -6.2496254
          ],
          [
            107.1440339,
            -6.249473600000001
          ],
          [
            107.1440889,
            -6.249316299999999
          ]
        ]
      },
      "properties": {
        "@id": "way/468754736",
        "highway": "tertiary",
        "lanes": "2",
        "surface": "concrete",
        "source_records": [
          {
            "file": "export.geojson",
            "record": 14
          },
          {
            "file": "jalan_cikarang.geojson",
            "record": 16
          },
          {
            "file": "osm_cikarang_1km.geojson",
            "record": 16
          }
        ],
        "dataset_role": "osm_reference",
        "radius_m": 1000,
        "geometry_clipped": false,
        "center_status": "unverified_geocoded_station_reference"
      }
    },
    {
      "type": "Feature",
      "id": "osm:way/492128210",
      "geometry": {
        "type": "LineString",
        "coordinates": [
          [
            107.1392754,
            -6.2617696999999986
          ],
          [
            107.1392794,
            -6.261795800000001
          ],
          [
            107.1392748,
            -6.261821699999999
          ],
          [
            107.13926200000002,
            -6.261844799999999
          ],
          [
            107.1392357,
            -6.261865199999998
          ]
        ]
      },
      "properties": {
        "@id": "way/492128210",
        "highway": "trunk_link",
        "lanes": "1",
        "oneway": "yes",
        "source_records": [
          {
            "file": "jalan_cikarang.geojson",
            "record": 17
          },
          {
            "file": "osm_cikarang_1km.geojson",
            "record": 17
          }
        ],
        "dataset_role": "osm_reference",
        "radius_m": 1000,
        "geometry_clipped": false,
        "center_status": "unverified_geocoded_station_reference"
      }
    },
    {
      "type": "Feature",
      "id": "osm:way/492128212",
      "geometry": {
        "type": "LineString",
        "coordinates": [
          [
            107.1399834,
            -6.2620989
          ],
          [
            107.1401109,
            -6.261928800000001
          ],
          [
            107.14020070000001,
            -6.261797199999999
          ],
          [
            107.1402705,
            -6.261678099999997
          ],
          [
            107.1403281,
            -6.2615586
          ],
          [
            107.1403898,
            -6.261397300000001
          ],
          [
            107.1404408,
            -6.2612566
          ],
          [
            107.140477,
            -6.261151999999999
          ],
          [
            107.14051589999998,
            -6.261017299999999
          ],
          [
            107.14054809999999,
            -6.260899599999999
          ],
          [
            107.14058579999998,
            -6.260786300000003
          ],
          [
            107.14061709999999,
            -6.26067
          ],
          [
            107.14067149999998,
            -6.2605249999999995
          ],
          [
            107.14069359999999,
            -6.260497399999998
          ],
          [
            107.14071569999999,
            -6.260482799999999
          ],
          [
            107.14077209999999,
            -6.260460999999999
          ],
          [
            107.14092089999998,
            -6.260396299999999
          ],
          [
            107.14105899999998,
            -6.260352100000001
          ],
          [
            107.14113409999999,
            -6.260333399999998
          ],
          [
            107.14119579999999,
            -6.260333399999998
          ],
          [
            107.14126289999999,
            -6.2603141
          ],
          [
            107.141346,
            -6.260272999999999
          ],
          [
            107.14154319999999,
            -6.260190100000001
          ],
          [
            107.1417162,
            -6.2601302
          ],
          [
            107.1418838,
            -6.260054799999999
          ],
          [
            107.14212120000002,
            -6.2599651000000005
          ],
          [
            107.1421923,
            -6.2599242
          ],
          [
            107.1422694,
            -6.2598936999999975
          ],
          [
            107.1423348,
            -6.259871500000001
          ],
          [
            107.1424927,
            -6.259837500000002
          ],
          [
            107.1426101,
            -6.259822399999999
          ],
          [
            107.14268180000002,
            -6.2597895
          ],
          [
            107.142774,
            -6.2597399000000005
          ],
          [
            107.1428286,
            -6.259698199999998
          ],
          [
            107.1428836,
            -6.259655599999999
          ],
          [
            107.1429286,
            -6.2596105
          ]
        ]
      },
      "properties": {
        "@id": "way/492128212",
        "highway": "residential",
        "source_records": [
          {
            "file": "export.geojson",
            "record": 15
          },
          {
            "file": "jalan_cikarang.geojson",
            "record": 18
          },
          {
            "file": "osm_cikarang_1km.geojson",
            "record": 18
          }
        ],
        "dataset_role": "osm_reference",
        "radius_m": 1000,
        "geometry_clipped": false,
        "center_status": "unverified_geocoded_station_reference"
      }
    },
    {
      "type": "Feature",
      "id": "osm:way/492128213",
      "geometry": {
        "type": "LineString",
        "coordinates": [
          [
            107.14136879999998,
            -6.2606943
          ],
          [
            107.14132189999998,
            -6.260818700000001
          ],
          [
            107.14126349999998,
            -6.260998
          ],
          [
            107.1410966,
            -6.261452799999998
          ],
          [
            107.1410322,
            -6.2616305
          ],
          [
            107.1409933,
            -6.261751899999999
          ],
          [
            107.1409236,
            -6.2619878
          ],
          [
            107.140855,
            -6.262263100000001
          ]
        ]
      },
      "properties": {
        "@id": "way/492128213",
        "highway": "residential",
        "source_records": [
          {
            "file": "export.geojson",
            "record": 16
          },
          {
            "file": "jalan_cikarang.geojson",
            "record": 19
          },
          {
            "file": "osm_cikarang_1km.geojson",
            "record": 19
          }
        ],
        "dataset_role": "osm_reference",
        "radius_m": 1000,
        "geometry_clipped": false,
        "center_status": "unverified_geocoded_station_reference"
      }
    },
    {
      "type": "Feature",
      "id": "osm:way/492128215",
      "geometry": {
        "type": "LineString",
        "coordinates": [
          [
            107.1413274,
            -6.262119699999999
          ],
          [
            107.1413313,
            -6.262063800000001
          ],
          [
            107.1413568,
            -6.261946499999999
          ],
          [
            107.1414078,
            -6.261801200000001
          ],
          [
            107.14145869999999,
            -6.261711400000001
          ],
          [
            107.14170279999999,
            -6.261294100000001
          ],
          [
            107.14186769999999,
            -6.2609783000000006
          ],
          [
            107.14203209999998,
            -6.2606498
          ]
        ]
      },
      "properties": {
        "@id": "way/492128215",
        "highway": "residential",
        "source_records": [
          {
            "file": "export.geojson",
            "record": 17
          },
          {
            "file": "jalan_cikarang.geojson",
            "record": 20
          },
          {
            "file": "osm_cikarang_1km.geojson",
            "record": 20
          }
        ],
        "dataset_role": "osm_reference",
        "radius_m": 1000,
        "geometry_clipped": false,
        "center_status": "unverified_geocoded_station_reference"
      }
    },
    {
      "type": "Feature",
      "id": "osm:way/492128216",
      "geometry": {
        "type": "LineString",
        "coordinates": [
          [
            107.14202449999999,
            -6.261827200000001
          ],
          [
            107.14215869999998,
            -6.2614358999999995
          ],
          [
            107.14224589999999,
            -6.261190599999999
          ],
          [
            107.14237259999999,
            -6.260821599999999
          ],
          [
            107.1423659,
            -6.260792699999999
          ],
          [
            107.14234849999998,
            -6.260776
          ],
          [
            107.1422465,
            -6.260710899999999
          ]
        ]
      },
      "properties": {
        "@id": "way/492128216",
        "highway": "residential",
        "oneway": "yes",
        "source_records": [
          {
            "file": "export.geojson",
            "record": 18
          },
          {
            "file": "jalan_cikarang.geojson",
            "record": 21
          },
          {
            "file": "osm_cikarang_1km.geojson",
            "record": 21
          }
        ],
        "dataset_role": "osm_reference",
        "radius_m": 1000,
        "geometry_clipped": false,
        "center_status": "unverified_geocoded_station_reference"
      }
    },
    {
      "type": "Feature",
      "id": "osm:way/492128217",
      "geometry": {
        "type": "LineString",
        "coordinates": [
          [
            107.1422465,
            -6.260710899999999
          ],
          [
            107.14231569999998,
            -6.2605214
          ],
          [
            107.1423747,
            -6.2603748
          ],
          [
            107.1424176,
            -6.2602601
          ],
          [
            107.1425202,
            -6.2600768
          ],
          [
            107.1425624,
            -6.259958100000001
          ],
          [
            107.1425792,
            -6.259939499999999
          ],
          [
            107.1426,
            -6.2599055
          ],
          [
            107.1426094,
            -6.259867499999999
          ],
          [
            107.1426101,
            -6.259822399999999
          ]
        ]
      },
      "properties": {
        "@id": "way/492128217",
        "highway": "residential",
        "source_records": [
          {
            "file": "export.geojson",
            "record": 19
          },
          {
            "file": "jalan_cikarang.geojson",
            "record": 22
          },
          {
            "file": "osm_cikarang_1km.geojson",
            "record": 22
          }
        ],
        "dataset_role": "osm_reference",
        "radius_m": 1000,
        "geometry_clipped": false,
        "center_status": "unverified_geocoded_station_reference"
      }
    },
    {
      "type": "Feature",
      "id": "osm:way/492128218",
      "geometry": {
        "type": "LineString",
        "coordinates": [
          [
            107.14257139999998,
            -6.2614593
          ],
          [
            107.1426259,
            -6.2612828
          ],
          [
            107.14264629999998,
            -6.2612169
          ],
          [
            107.1427435,
            -6.260878699999999
          ],
          [
            107.14277700000001,
            -6.2607974
          ],
          [
            107.1428159,
            -6.2607174
          ],
          [
            107.1428481,
            -6.260609399999999
          ],
          [
            107.1428749,
            -6.2605294
          ],
          [
            107.1428901,
            -6.2604944
          ],
          [
            107.1429312,
            -6.260400099999999
          ],
          [
            107.1429607,
            -6.260336100000001
          ],
          [
            107.1429803,
            -6.260280500000002
          ],
          [
            107.1429989,
            -6.260227800000001
          ],
          [
            107.1430079,
            -6.2601292000000015
          ],
          [
            107.1430097,
            -6.2601095
          ],
          [
            107.1430083,
            -6.260021500000001
          ],
          [
            107.1430057,
            -6.2599344
          ],
          [
            107.1429788,
            -6.2597688
          ],
          [
            107.1429607,
            -6.259688200000001
          ],
          [
            107.1429286,
            -6.2596105
          ],
          [
            107.1429433,
            -6.259536199999999
          ],
          [
            107.1429815,
            -6.2594531
          ],
          [
            107.1430888,
            -6.2593079
          ],
          [
            107.1432598,
            -6.259121599999998
          ],
          [
            107.1433262,
            -6.2590332
          ],
          [
            107.1433564,
            -6.2589429999999995
          ],
          [
            107.1433598,
            -6.2588799
          ],
          [
            107.1433644,
            -6.2588097
          ],
          [
            107.1433349,
            -6.258752399999998
          ],
          [
            107.1433148,
            -6.2586816999999995
          ],
          [
            107.1433169,
            -6.258442999999998
          ],
          [
            107.14330870000002,
            -6.258406400000001
          ],
          [
            107.1432826,
            -6.258378599999998
          ],
          [
            107.14321020000001,
            -6.2583233
          ],
          [
            107.1431411,
            -6.2582671
          ],
          [
            107.1431096,
            -6.258237099999999
          ],
          [
            107.1430882,
            -6.258190700000001
          ],
          [
            107.1430727,
            -6.258107099999999
          ],
          [
            107.1430741,
            -6.258017400000001
          ],
          [
            107.1430854,
            -6.2577818999999995
          ],
          [
            107.1430915,
            -6.257596100000001
          ],
          [
            107.1431042,
            -6.2573726
          ],
          [
            107.1430922,
            -6.257300599999998
          ],
          [
            107.1430875,
            -6.2572495
          ],
          [
            107.1430466,
            -6.2570885999999994
          ],
          [
            107.1430084,
            -6.256980200000004
          ],
          [
            107.1429131,
            -6.256579000000001
          ],
          [
            107.1428668,
            -6.2563848
          ],
          [
            107.1428521,
            -6.256295400000001
          ],
          [
            107.1428407,
            -6.256207
          ],
          [
            107.142836,
            -6.256106099999999
          ],
          [
            107.142844,
            -6.255931499999999
          ],
          [
            107.1428507,
            -6.255888900000001
          ],
          [
            107.1428668,
            -6.2558514999999995
          ]
        ]
      },
      "properties": {
        "@id": "way/492128218",
        "highway": "residential",
        "source_records": [
          {
            "file": "export.geojson",
            "record": 20
          },
          {
            "file": "jalan_cikarang.geojson",
            "record": 23
          },
          {
            "file": "osm_cikarang_1km.geojson",
            "record": 23
          }
        ],
        "dataset_role": "osm_reference",
        "radius_m": 1000,
        "geometry_clipped": false,
        "center_status": "unverified_geocoded_station_reference"
      }
    },
    {
      "type": "Feature",
      "id": "osm:way/492128221",
      "geometry": {
        "type": "LineString",
        "coordinates": [
          [
            107.1441995,
            -6.2560435
          ],
          [
            107.14418110000001,
            -6.256251400000002
          ],
          [
            107.14415700000002,
            -6.256476699999999
          ],
          [
            107.1441033,
            -6.2567908999999995
          ],
          [
            107.1440068,
            -6.257234
          ],
          [
            107.1439139,
            -6.257783099999999
          ],
          [
            107.14390220000001,
            -6.257851999999999
          ],
          [
            107.1438512,
            -6.258016500000001
          ],
          [
            107.1438297,
            -6.258137400000001
          ],
          [
            107.1438365,
            -6.2581738
          ],
          [
            107.1439196,
            -6.258537200000001
          ],
          [
            107.1439384,
            -6.2586193
          ]
        ]
      },
      "properties": {
        "@id": "way/492128221",
        "highway": "service",
        "source_records": [
          {
            "file": "export.geojson",
            "record": 21
          },
          {
            "file": "jalan_cikarang.geojson",
            "record": 24
          },
          {
            "file": "osm_cikarang_1km.geojson",
            "record": 24
          }
        ],
        "dataset_role": "osm_reference",
        "radius_m": 1000,
        "geometry_clipped": false,
        "center_status": "unverified_geocoded_station_reference"
      }
    },
    {
      "type": "Feature",
      "id": "osm:way/492375014",
      "geometry": {
        "type": "LineString",
        "coordinates": [
          [
            107.1440889,
            -6.249316299999999
          ],
          [
            107.1441752,
            -6.2491442
          ],
          [
            107.14424180000002,
            -6.249013499999999
          ]
        ]
      },
      "properties": {
        "@id": "way/492375014",
        "bridge": "yes",
        "highway": "tertiary",
        "lanes": "2",
        "layer": "1",
        "surface": "concrete",
        "source_records": [
          {
            "file": "jalan_cikarang.geojson",
            "record": 25
          },
          {
            "file": "osm_cikarang_1km.geojson",
            "record": 25
          }
        ],
        "dataset_role": "osm_reference",
        "radius_m": 1000,
        "geometry_clipped": false,
        "center_status": "unverified_geocoded_station_reference"
      }
    },
    {
      "type": "Feature",
      "id": "osm:way/492375020",
      "geometry": {
        "type": "LineString",
        "coordinates": [
          [
            107.1412981,
            -6.255834200000001
          ],
          [
            107.1414559,
            -6.255809800000001
          ],
          [
            107.1416116,
            -6.2557842
          ]
        ]
      },
      "properties": {
        "@id": "way/492375020",
        "access": "yes",
        "alt_name": "Jalan Raya Yos Sudarso",
        "bridge": "yes",
        "highway": "trunk",
        "lanes": "2",
        "layer": "1",
        "motor_vehicle": "yes",
        "name": "Jalan Yos Sudarso",
        "name:etymology:wikidata": "Q3738184",
        "name:etymology:wikipedia": "id:Yos Sudarso",
        "ref": "1",
        "source_records": [
          {
            "file": "export.geojson",
            "record": 22
          },
          {
            "file": "jalan_cikarang.geojson",
            "record": 26
          },
          {
            "file": "osm_cikarang_1km.geojson",
            "record": 26
          }
        ],
        "dataset_role": "osm_reference",
        "radius_m": 1000,
        "geometry_clipped": false,
        "center_status": "unverified_geocoded_station_reference"
      }
    },
    {
      "type": "Feature",
      "id": "osm:way/492375025",
      "geometry": {
        "type": "LineString",
        "coordinates": [
          [
            107.1532439486663,
            -6.251451360341963
          ],
          [
            107.15284910000001,
            -6.251395599999999
          ],
          [
            107.15220070000001,
            -6.251298
          ],
          [
            107.15099400000001,
            -6.2510705
          ],
          [
            107.15068780000001,
            -6.251030899999999
          ]
        ]
      },
      "properties": {
        "@id": "way/492375025",
        "highway": "living_street",
        "motorcycle": "yes",
        "source_records": [
          {
            "file": "jalan_cikarang.geojson",
            "record": 27
          },
          {
            "file": "osm_cikarang_1km.geojson",
            "record": 27
          }
        ],
        "dataset_role": "osm_reference",
        "radius_m": 1000,
        "geometry_clipped": true,
        "center_status": "unverified_geocoded_station_reference"
      }
    },
    {
      "type": "Feature",
      "id": "osm:way/492375037",
      "geometry": {
        "type": "LineString",
        "coordinates": [
          [
            107.15293825987308,
            -6.250860894630555
          ],
          [
            107.15225270000002,
            -6.2507593
          ],
          [
            107.1519896,
            -6.250720299999999
          ],
          [
            107.1509862,
            -6.2505717
          ]
        ]
      },
      "properties": {
        "@id": "way/492375037",
        "highway": "living_street",
        "motorcycle": "yes",
        "source_records": [
          {
            "file": "jalan_cikarang.geojson",
            "record": 28
          },
          {
            "file": "osm_cikarang_1km.geojson",
            "record": 28
          }
        ],
        "dataset_role": "osm_reference",
        "radius_m": 1000,
        "geometry_clipped": true,
        "center_status": "unverified_geocoded_station_reference"
      }
    },
    {
      "type": "Feature",
      "id": "osm:way/492375038",
      "geometry": {
        "type": "LineString",
        "coordinates": [
          [
            107.14997020000001,
            -6.2524185
          ],
          [
            107.15036210000001,
            -6.251510099999999
          ],
          [
            107.15042250000002,
            -6.251386799999999
          ],
          [
            107.15047790000001,
            -6.251267000000001
          ],
          [
            107.1505232,
            -6.251168900000002
          ],
          [
            107.15054270000002,
            -6.251132899999997
          ],
          [
            107.15057890000001,
            -6.251098899999999
          ],
          [
            107.15068780000001,
            -6.251030899999999
          ],
          [
            107.15073870000002,
            -6.2509727999999996
          ],
          [
            107.15079860000002,
            -6.2508742999999996
          ],
          [
            107.1509862,
            -6.2505717
          ],
          [
            107.1513826,
            -6.249913499999999
          ],
          [
            107.1516396,
            -6.249561800000002
          ],
          [
            107.1517517,
            -6.249410500000001
          ],
          [
            107.1518113,
            -6.2493612
          ],
          [
            107.15185674152384,
            -6.249339630628909
          ]
        ]
      },
      "properties": {
        "@id": "way/492375038",
        "highway": "living_street",
        "motorcycle": "yes",
        "source_records": [
          {
            "file": "jalan_cikarang.geojson",
            "record": 29
          },
          {
            "file": "osm_cikarang_1km.geojson",
            "record": 29
          }
        ],
        "dataset_role": "osm_reference",
        "radius_m": 1000,
        "geometry_clipped": true,
        "center_status": "unverified_geocoded_station_reference"
      }
    },
    {
      "type": "Feature",
      "id": "osm:way/500875428",
      "geometry": {
        "type": "Polygon",
        "coordinates": [
          [
            [
              107.14000380000002,
              -6.2595317999999995
            ],
            [
              107.13995689999999,
              -6.259583799999999
            ],
            [
              107.13987219999999,
              -6.2595082
            ],
            [
              107.13991909999999,
              -6.2594562
            ],
            [
              107.14000380000002,
              -6.2595317999999995
            ]
          ]
        ]
      },
      "properties": {
        "@id": "way/500875428",
        "building": "yes",
        "name": "Soleh Pulsa",
        "shop": "yes",
        "source_records": [
          {
            "file": "osm_cikarang_1km(2).geojson",
            "record": 1
          }
        ],
        "dataset_role": "osm_reference",
        "radius_m": 1000,
        "geometry_clipped": false,
        "center_status": "unverified_geocoded_station_reference"
      }
    },
    {
      "type": "Feature",
      "id": "osm:way/507444933",
      "geometry": {
        "type": "LineString",
        "coordinates": [
          [
            107.14270271713131,
            -6.24658796585724
          ],
          [
            107.1426435,
            -6.246806899999999
          ],
          [
            107.1425885,
            -6.2470101
          ]
        ]
      },
      "properties": {
        "@id": "way/507444933",
        "highway": "residential",
        "oneway": "yes",
        "source_records": [
          {
            "file": "jalan_cikarang.geojson",
            "record": 30
          },
          {
            "file": "osm_cikarang_1km.geojson",
            "record": 30
          }
        ],
        "dataset_role": "osm_reference",
        "radius_m": 1000,
        "geometry_clipped": true,
        "center_status": "unverified_geocoded_station_reference"
      }
    },
    {
      "type": "Feature",
      "id": "osm:way/507444935",
      "geometry": {
        "type": "LineString",
        "coordinates": [
          [
            107.1424866,
            -6.24698
          ],
          [
            107.1425416,
            -6.246774399999998
          ],
          [
            107.142582510947,
            -6.2466214734846295
          ]
        ]
      },
      "properties": {
        "@id": "way/507444935",
        "highway": "residential",
        "oneway": "yes",
        "source_records": [
          {
            "file": "jalan_cikarang.geojson",
            "record": 31
          },
          {
            "file": "osm_cikarang_1km.geojson",
            "record": 31
          }
        ],
        "dataset_role": "osm_reference",
        "radius_m": 1000,
        "geometry_clipped": true,
        "center_status": "unverified_geocoded_station_reference"
      }
    },
    {
      "type": "Feature",
      "id": "osm:way/513746711",
      "geometry": {
        "type": "LineString",
        "coordinates": [
          [
            107.1518322,
            -6.259999099999999
          ],
          [
            107.1517047,
            -6.2603401000000005
          ],
          [
            107.151623,
            -6.260580099999998
          ],
          [
            107.1516102,
            -6.260622700000001
          ],
          [
            107.1516021,
            -6.2606387
          ],
          [
            107.1515961,
            -6.260644700000001
          ],
          [
            107.1515881,
            -6.260644899999998
          ],
          [
            107.1515774,
            -6.2606434
          ]
        ]
      },
      "properties": {
        "@id": "way/513746711",
        "highway": "residential",
        "oneway": "no",
        "source_records": [
          {
            "file": "export.geojson",
            "record": 23
          },
          {
            "file": "jalan_cikarang.geojson",
            "record": 32
          },
          {
            "file": "osm_cikarang_1km.geojson",
            "record": 32
          }
        ],
        "dataset_role": "osm_reference",
        "radius_m": 1000,
        "geometry_clipped": false,
        "center_status": "unverified_geocoded_station_reference"
      }
    },
    {
      "type": "Feature",
      "id": "osm:way/513746712",
      "geometry": {
        "type": "LineString",
        "coordinates": [
          [
            107.15090640000001,
            -6.259027900000001
          ],
          [
            107.15084110000001,
            -6.259245599999999
          ],
          [
            107.15078650000001,
            -6.259421199999999
          ],
          [
            107.15067200000001,
            -6.259877899999998
          ],
          [
            107.15063820000002,
            -6.260067500000001
          ],
          [
            107.15061840000001,
            -6.260158799999998
          ],
          [
            107.15060770000001,
            -6.260184799999999
          ],
          [
            107.15059900000001,
            -6.260202100000001
          ],
          [
            107.15059460000002,
            -6.2602127
          ],
          [
            107.15057250000001,
            -6.260207800000001
          ],
          [
            107.15055200000002,
            -6.260204099999999
          ],
          [
            107.15013430000002,
            -6.2600991
          ],
          [
            107.14965480000001,
            -6.259961500000001
          ],
          [
            107.14964480000002,
            -6.259962200000001
          ],
          [
            107.14963670000002,
            -6.259964199999998
          ],
          [
            107.14956460000002,
            -6.260124399999996
          ]
        ]
      },
      "properties": {
        "@id": "way/513746712",
        "highway": "living_street",
        "lanes": "1",
        "oneway": "no",
        "source_records": [
          {
            "file": "export.geojson",
            "record": 24
          },
          {
            "file": "jalan_cikarang.geojson",
            "record": 33
          },
          {
            "file": "osm_cikarang_1km.geojson",
            "record": 33
          }
        ],
        "dataset_role": "osm_reference",
        "radius_m": 1000,
        "geometry_clipped": false,
        "center_status": "unverified_geocoded_station_reference"
      }
    },
    {
      "type": "Feature",
      "id": "osm:way/513746714",
      "geometry": {
        "type": "LineString",
        "coordinates": [
          [
            107.1504856,
            -6.258885899999998
          ],
          [
            107.15032140000001,
            -6.2594889
          ],
          [
            107.15026600000002,
            -6.259669400000001
          ],
          [
            107.15013430000002,
            -6.2600991
          ],
          [
            107.15009670000002,
            -6.2602168
          ],
          [
            107.15008270000001,
            -6.2602548
          ],
          [
            107.15007800000001,
            -6.260282799999999
          ],
          [
            107.15006680000002,
            -6.260421200000001
          ]
        ]
      },
      "properties": {
        "@id": "way/513746714",
        "highway": "living_street",
        "motorcycle": "yes",
        "oneway": "no",
        "source_records": [
          {
            "file": "export.geojson",
            "record": 25
          },
          {
            "file": "jalan_cikarang.geojson",
            "record": 34
          },
          {
            "file": "osm_cikarang_1km.geojson",
            "record": 34
          }
        ],
        "dataset_role": "osm_reference",
        "radius_m": 1000,
        "geometry_clipped": false,
        "center_status": "unverified_geocoded_station_reference"
      }
    },
    {
      "type": "Feature",
      "id": "osm:way/513746715",
      "geometry": {
        "type": "LineString",
        "coordinates": [
          [
            107.1518322,
            -6.259999099999999
          ],
          [
            107.1519824,
            -6.260029799999998
          ],
          [
            107.1522063,
            -6.2600697
          ],
          [
            107.1525993,
            -6.2601484
          ],
          [
            107.1526766,
            -6.2601747
          ],
          [
            107.15269026109213,
            -6.260179337061968
          ]
        ]
      },
      "properties": {
        "@id": "way/513746715",
        "highway": "track",
        "oneway": "no",
        "source_records": [
          {
            "file": "jalan_cikarang.geojson",
            "record": 35
          },
          {
            "file": "osm_cikarang_1km.geojson",
            "record": 35
          }
        ],
        "dataset_role": "osm_reference",
        "radius_m": 1000,
        "geometry_clipped": true,
        "center_status": "unverified_geocoded_station_reference"
      }
    },
    {
      "type": "Feature",
      "id": "osm:way/513746718",
      "geometry": {
        "type": "LineString",
        "coordinates": [
          [
            107.15304250000001,
            -6.257053400000002
          ],
          [
            107.1532849,
            -6.256143699999999
          ]
        ]
      },
      "properties": {
        "@id": "way/513746718",
        "highway": "residential",
        "oneway": "no",
        "source_records": [
          {
            "file": "jalan_cikarang.geojson",
            "record": 36
          },
          {
            "file": "osm_cikarang_1km.geojson",
            "record": 36
          }
        ],
        "dataset_role": "osm_reference",
        "radius_m": 1000,
        "geometry_clipped": false,
        "center_status": "unverified_geocoded_station_reference"
      }
    },
    {
      "type": "Feature",
      "id": "osm:way/513746731",
      "geometry": {
        "type": "LineString",
        "coordinates": [
          [
            107.1528179,
            -6.2536194
          ],
          [
            107.15296940000002,
            -6.2536211999999995
          ],
          [
            107.15311420000002,
            -6.253633199999999
          ],
          [
            107.15323380000001,
            -6.2536463
          ],
          [
            107.1533315,
            -6.253661200000001
          ],
          [
            107.15341220000002,
            -6.253682199999997
          ],
          [
            107.15350850000002,
            -6.2537185
          ],
          [
            107.1536413,
            -6.253775799999999
          ],
          [
            107.15372430000001,
            -6.253819499999999
          ],
          [
            107.15382640000001,
            -6.2538452
          ],
          [
            107.15399708862371,
            -6.2538897505756434
          ]
        ]
      },
      "properties": {
        "@id": "way/513746731",
        "highway": "residential",
        "oneway": "no",
        "source_records": [
          {
            "file": "jalan_cikarang.geojson",
            "record": 37
          },
          {
            "file": "osm_cikarang_1km.geojson",
            "record": 37
          }
        ],
        "dataset_role": "osm_reference",
        "radius_m": 1000,
        "geometry_clipped": true,
        "center_status": "unverified_geocoded_station_reference"
      }
    },
    {
      "type": "Feature",
      "id": "osm:way/513746735",
      "geometry": {
        "type": "LineString",
        "coordinates": [
          [
            107.1508494,
            -6.251566700000001
          ],
          [
            107.15120880000002,
            -6.251637399999997
          ],
          [
            107.15134910000002,
            -6.251671899999999
          ],
          [
            107.15215580000002,
            -6.251830599999999
          ],
          [
            107.15272970000001,
            -6.251931899999999
          ],
          [
            107.15301270000002,
            -6.2519705
          ],
          [
            107.1534448,
            -6.2520263
          ]
        ]
      },
      "properties": {
        "@id": "way/513746735",
        "highway": "living_street",
        "motorcycle": "yes",
        "oneway": "no",
        "source_records": [
          {
            "file": "jalan_cikarang.geojson",
            "record": 38
          },
          {
            "file": "osm_cikarang_1km.geojson",
            "record": 38
          }
        ],
        "dataset_role": "osm_reference",
        "radius_m": 1000,
        "geometry_clipped": false,
        "center_status": "unverified_geocoded_station_reference"
      }
    },
    {
      "type": "Feature",
      "id": "osm:way/513746736",
      "geometry": {
        "type": "LineString",
        "coordinates": [
          [
            107.15225270000002,
            -6.2507593
          ],
          [
            107.15220070000001,
            -6.251298
          ]
        ]
      },
      "properties": {
        "@id": "way/513746736",
        "highway": "living_street",
        "motorcycle": "yes",
        "oneway": "no",
        "source_records": [
          {
            "file": "jalan_cikarang.geojson",
            "record": 39
          },
          {
            "file": "osm_cikarang_1km.geojson",
            "record": 39
          }
        ],
        "dataset_role": "osm_reference",
        "radius_m": 1000,
        "geometry_clipped": false,
        "center_status": "unverified_geocoded_station_reference"
      }
    },
    {
      "type": "Feature",
      "id": "osm:way/513746737",
      "geometry": {
        "type": "LineString",
        "coordinates": [
          [
            107.1509578,
            -6.252663799999999
          ],
          [
            107.1508223,
            -6.253023999999999
          ],
          [
            107.1507314,
            -6.253248999999999
          ],
          [
            107.1504927,
            -6.2537442999999975
          ]
        ]
      },
      "properties": {
        "@id": "way/513746737",
        "highway": "living_street",
        "oneway": "no",
        "source_records": [
          {
            "file": "jalan_cikarang.geojson",
            "record": 40
          },
          {
            "file": "osm_cikarang_1km.geojson",
            "record": 40
          }
        ],
        "dataset_role": "osm_reference",
        "radius_m": 1000,
        "geometry_clipped": false,
        "center_status": "unverified_geocoded_station_reference"
      }
    },
    {
      "type": "Feature",
      "id": "osm:way/513751337",
      "geometry": {
        "type": "LineString",
        "coordinates": [
          [
            107.15007190000001,
            -6.258656599999999
          ],
          [
            107.15001490000002,
            -6.258767
          ],
          [
            107.1499513,
            -6.258905099999997
          ],
          [
            107.1497561,
            -6.259472499999999
          ],
          [
            107.14971720000001,
            -6.259585600000003
          ]
        ]
      },
      "properties": {
        "@id": "way/513751337",
        "highway": "residential",
        "oneway": "no",
        "source_records": [
          {
            "file": "export.geojson",
            "record": 26
          },
          {
            "file": "jalan_cikarang.geojson",
            "record": 41
          },
          {
            "file": "osm_cikarang_1km.geojson",
            "record": 41
          }
        ],
        "dataset_role": "osm_reference",
        "radius_m": 1000,
        "geometry_clipped": false,
        "center_status": "unverified_geocoded_station_reference"
      }
    },
    {
      "type": "Feature",
      "id": "osm:way/513755657",
      "geometry": {
        "type": "LineString",
        "coordinates": [
          [
            107.1507298,
            -6.256679700000001
          ],
          [
            107.1509282,
            -6.256046099999998
          ],
          [
            107.1509409,
            -6.256019800000002
          ],
          [
            107.15095419999999,
            -6.2560072
          ],
          [
            107.1509718,
            -6.256000499999999
          ],
          [
            107.1510771,
            -6.255998199999999
          ],
          [
            107.151195,
            -6.25599
          ],
          [
            107.1512521,
            -6.255985399999998
          ],
          [
            107.1512682,
            -6.255978800000001
          ],
          [
            107.1512823,
            -6.255961499999997
          ],
          [
            107.1513011,
            -6.255934799999998
          ],
          [
            107.1513291,
            -6.255918799999999
          ],
          [
            107.1513654,
            -6.2559208
          ],
          [
            107.1515209,
            -6.255971399999999
          ],
          [
            107.1515606,
            -6.255976799999999
          ],
          [
            107.1515961,
            -6.255973499999997
          ],
          [
            107.15162089999998,
            -6.255961499999999
          ],
          [
            107.151657,
            -6.255906100000001
          ]
        ]
      },
      "properties": {
        "@id": "way/513755657",
        "highway": "residential",
        "oneway": "no",
        "source_records": [
          {
            "file": "export.geojson",
            "record": 27
          },
          {
            "file": "jalan_cikarang.geojson",
            "record": 42
          },
          {
            "file": "osm_cikarang_1km.geojson",
            "record": 42
          }
        ],
        "dataset_role": "osm_reference",
        "radius_m": 1000,
        "geometry_clipped": false,
        "center_status": "unverified_geocoded_station_reference"
      }
    },
    {
      "type": "Feature",
      "id": "osm:way/513755658",
      "geometry": {
        "type": "LineString",
        "coordinates": [
          [
            107.15042250000002,
            -6.251386799999999
          ],
          [
            107.15022680000001,
            -6.251318099999998
          ],
          [
            107.15009670000002,
            -6.251272899999998
          ],
          [
            107.15004980000002,
            -6.2512576
          ],
          [
            107.15003100000001,
            -6.2512449000000005
          ],
          [
            107.15002430000001,
            -6.251233899999998
          ],
          [
            107.15002430000001,
            -6.2512216
          ],
          [
            107.15002770000001,
            -6.251181599999997
          ],
          [
            107.15005110000001,
            -6.2510429
          ],
          [
            107.15008530000001,
            -6.250962899999998
          ]
        ]
      },
      "properties": {
        "@id": "way/513755658",
        "highway": "living_street",
        "motorcycle": "yes",
        "oneway": "no",
        "source_records": [
          {
            "file": "jalan_cikarang.geojson",
            "record": 43
          },
          {
            "file": "osm_cikarang_1km.geojson",
            "record": 43
          }
        ],
        "dataset_role": "osm_reference",
        "radius_m": 1000,
        "geometry_clipped": false,
        "center_status": "unverified_geocoded_station_reference"
      }
    },
    {
      "type": "Feature",
      "id": "osm:way/513755660",
      "geometry": {
        "type": "LineString",
        "coordinates": [
          [
            107.1493998,
            -6.2523067999999995
          ],
          [
            107.1495119,
            -6.252059599999997
          ],
          [
            107.1495643,
            -6.251940499999998
          ],
          [
            107.14968530000002,
            -6.251665299999999
          ],
          [
            107.14975440000002,
            -6.2515088
          ],
          [
            107.149766,
            -6.251479500000001
          ],
          [
            107.14977290000002,
            -6.2514575
          ],
          [
            107.14981380000002,
            -6.251316199999998
          ],
          [
            107.14980960000001,
            -6.2513022000000005
          ],
          [
            107.14980380000002,
            -6.251294599999999
          ],
          [
            107.1497975,
            -6.2512907
          ]
        ]
      },
      "properties": {
        "@id": "way/513755660",
        "highway": "living_street",
        "motorcycle": "yes",
        "oneway": "no",
        "source_records": [
          {
            "file": "jalan_cikarang.geojson",
            "record": 44
          },
          {
            "file": "osm_cikarang_1km.geojson",
            "record": 44
          }
        ],
        "dataset_role": "osm_reference",
        "radius_m": 1000,
        "geometry_clipped": false,
        "center_status": "unverified_geocoded_station_reference"
      }
    },
    {
      "type": "Feature",
      "id": "osm:way/513755712",
      "geometry": {
        "type": "LineString",
        "coordinates": [
          [
            107.15219079999999,
            -6.2558117
          ],
          [
            107.15235320000001,
            -6.255851400000001
          ],
          [
            107.15262409999998,
            -6.255913399999999
          ],
          [
            107.1528883,
            -6.256036699999999
          ]
        ]
      },
      "properties": {
        "@id": "way/513755712",
        "highway": "residential",
        "oneway": "no",
        "source_records": [
          {
            "file": "jalan_cikarang.geojson",
            "record": 45
          },
          {
            "file": "osm_cikarang_1km.geojson",
            "record": 45
          }
        ],
        "dataset_role": "osm_reference",
        "radius_m": 1000,
        "geometry_clipped": false,
        "center_status": "unverified_geocoded_station_reference"
      }
    },
    {
      "type": "Feature",
      "id": "osm:way/513755738",
      "geometry": {
        "type": "LineString",
        "coordinates": [
          [
            107.15323740000001,
            -6.2525626
          ],
          [
            107.15285810000002,
            -6.2524590999999985
          ],
          [
            107.15269600000002,
            -6.252413299999996
          ]
        ]
      },
      "properties": {
        "@id": "way/513755738",
        "highway": "residential",
        "oneway": "no",
        "source_records": [
          {
            "file": "jalan_cikarang.geojson",
            "record": 46
          },
          {
            "file": "osm_cikarang_1km.geojson",
            "record": 46
          }
        ],
        "dataset_role": "osm_reference",
        "radius_m": 1000,
        "geometry_clipped": false,
        "center_status": "unverified_geocoded_station_reference"
      }
    },
    {
      "type": "Feature",
      "id": "osm:way/513755739",
      "geometry": {
        "type": "LineString",
        "coordinates": [
          [
            107.1512523,
            -6.2523132
          ],
          [
            107.1511327,
            -6.252696200000002
          ]
        ]
      },
      "properties": {
        "@id": "way/513755739",
        "highway": "living_street",
        "motorcycle": "yes",
        "oneway": "no",
        "source_records": [
          {
            "file": "jalan_cikarang.geojson",
            "record": 47
          },
          {
            "file": "osm_cikarang_1km.geojson",
            "record": 47
          }
        ],
        "dataset_role": "osm_reference",
        "radius_m": 1000,
        "geometry_clipped": false,
        "center_status": "unverified_geocoded_station_reference"
      }
    },
    {
      "type": "Feature",
      "id": "osm:way/513755740",
      "geometry": {
        "type": "LineString",
        "coordinates": [
          [
            107.1506274,
            -6.251994700000002
          ],
          [
            107.1511261,
            -6.2520306
          ],
          [
            107.1512115,
            -6.252036699999997
          ],
          [
            107.15165470000001,
            -6.252050699999999
          ],
          [
            107.15179680000001,
            -6.2520679999999995
          ]
        ]
      },
      "properties": {
        "@id": "way/513755740",
        "highway": "living_street",
        "motorcycle": "yes",
        "oneway": "no",
        "source_records": [
          {
            "file": "jalan_cikarang.geojson",
            "record": 48
          },
          {
            "file": "osm_cikarang_1km.geojson",
            "record": 48
          }
        ],
        "dataset_role": "osm_reference",
        "radius_m": 1000,
        "geometry_clipped": false,
        "center_status": "unverified_geocoded_station_reference"
      }
    },
    {
      "type": "Feature",
      "id": "osm:way/513755741",
      "geometry": {
        "type": "LineString",
        "coordinates": [
          [
            107.1512115,
            -6.252036699999997
          ],
          [
            107.15119340000001,
            -6.252287699999999
          ],
          [
            107.15120080000001,
            -6.252298399999999
          ],
          [
            107.1512125,
            -6.252304400000001
          ],
          [
            107.1512523,
            -6.2523132
          ],
          [
            107.1517942,
            -6.2524159000000035
          ]
        ]
      },
      "properties": {
        "@id": "way/513755741",
        "highway": "living_street",
        "motorcycle": "yes",
        "oneway": "no",
        "source_records": [
          {
            "file": "jalan_cikarang.geojson",
            "record": 49
          },
          {
            "file": "osm_cikarang_1km.geojson",
            "record": 49
          }
        ],
        "dataset_role": "osm_reference",
        "radius_m": 1000,
        "geometry_clipped": false,
        "center_status": "unverified_geocoded_station_reference"
      }
    },
    {
      "type": "Feature",
      "id": "osm:way/513755757",
      "geometry": {
        "type": "LineString",
        "coordinates": [
          [
            107.1467455,
            -6.250220999999999
          ],
          [
            107.14732200000002,
            -6.251050899999999
          ],
          [
            107.1474883,
            -6.251322900000001
          ],
          [
            107.1475044,
            -6.2513549
          ],
          [
            107.1477001,
            -6.2516495
          ],
          [
            107.1478303,
            -6.251789500000001
          ],
          [
            107.1479577,
            -6.2519068
          ],
          [
            107.148069,
            -6.251979499999999
          ],
          [
            107.1481334,
            -6.2520033999999995
          ],
          [
            107.148191,
            -6.252022100000001
          ],
          [
            107.1483523,
            -6.2520661
          ],
          [
            107.1483922,
            -6.252073799999998
          ],
          [
            107.1484318,
            -6.252078399999999
          ],
          [
            107.1486624,
            -6.2520907999999995
          ],
          [
            107.1493726,
            -6.252298800000001
          ],
          [
            107.1493998,
            -6.2523067999999995
          ],
          [
            107.1496676,
            -6.2523838
          ],
          [
            107.14977090000001,
            -6.252404699999999
          ],
          [
            107.14987580000002,
            -6.252418499999998
          ],
          [
            107.1499358,
            -6.252418099999997
          ],
          [
            107.14997020000001,
            -6.2524185
          ]
        ]
      },
      "properties": {
        "@id": "way/513755757",
        "highway": "living_street",
        "source_records": [
          {
            "file": "jalan_cikarang.geojson",
            "record": 50
          },
          {
            "file": "osm_cikarang_1km.geojson",
            "record": 50
          }
        ],
        "dataset_role": "osm_reference",
        "radius_m": 1000,
        "geometry_clipped": false,
        "center_status": "unverified_geocoded_station_reference"
      }
    },
    {
      "type": "Feature",
      "id": "osm:way/513757471",
      "geometry": {
        "type": "LineString",
        "coordinates": [
          [
            107.15326749999998,
            -6.2545533
          ],
          [
            107.1535304,
            -6.2546493000000005
          ],
          [
            107.1538008,
            -6.254724499999998
          ]
        ]
      },
      "properties": {
        "@id": "way/513757471",
        "highway": "living_street",
        "motorcycle": "yes",
        "oneway": "no",
        "source_records": [
          {
            "file": "jalan_cikarang.geojson",
            "record": 51
          },
          {
            "file": "osm_cikarang_1km.geojson",
            "record": 51
          }
        ],
        "dataset_role": "osm_reference",
        "radius_m": 1000,
        "geometry_clipped": false,
        "center_status": "unverified_geocoded_station_reference"
      }
    },
    {
      "type": "Feature",
      "id": "osm:way/513757472",
      "geometry": {
        "type": "LineString",
        "coordinates": [
          [
            107.15372430000001,
            -6.253819499999999
          ],
          [
            107.1536306,
            -6.254105999999999
          ],
          [
            107.15355680000002,
            -6.2543784
          ],
          [
            107.1535549,
            -6.254389100000001
          ],
          [
            107.1535548,
            -6.254408099999998
          ],
          [
            107.1535598,
            -6.254489399999999
          ],
          [
            107.15356120000001,
            -6.2545254
          ],
          [
            107.1535581,
            -6.254554099999999
          ],
          [
            107.1535304,
            -6.2546493000000005
          ],
          [
            107.153459,
            -6.254873000000001
          ]
        ]
      },
      "properties": {
        "@id": "way/513757472",
        "highway": "living_street",
        "motorcycle": "yes",
        "oneway": "no",
        "source_records": [
          {
            "file": "jalan_cikarang.geojson",
            "record": 52
          },
          {
            "file": "osm_cikarang_1km.geojson",
            "record": 52
          }
        ],
        "dataset_role": "osm_reference",
        "radius_m": 1000,
        "geometry_clipped": false,
        "center_status": "unverified_geocoded_station_reference"
      }
    },
    {
      "type": "Feature",
      "id": "osm:way/513757474",
      "geometry": {
        "type": "LineString",
        "coordinates": [
          [
            107.1523216,
            -6.2549568
          ],
          [
            107.1524348,
            -6.2549728
          ],
          [
            107.15249060000001,
            -6.254983000000001
          ],
          [
            107.1525503,
            -6.2549963
          ],
          [
            107.15261449999998,
            -6.2550119
          ],
          [
            107.1527064,
            -6.2550286
          ],
          [
            107.15275280000002,
            -6.2550296
          ],
          [
            107.15278100000002,
            -6.255024999999999
          ],
          [
            107.1528191,
            -6.255010300000001
          ],
          [
            107.15285,
            -6.254998500000001
          ]
        ]
      },
      "properties": {
        "@id": "way/513757474",
        "highway": "living_street",
        "motorcycle": "yes",
        "oneway": "no",
        "source_records": [
          {
            "file": "jalan_cikarang.geojson",
            "record": 53
          },
          {
            "file": "osm_cikarang_1km.geojson",
            "record": 53
          }
        ],
        "dataset_role": "osm_reference",
        "radius_m": 1000,
        "geometry_clipped": false,
        "center_status": "unverified_geocoded_station_reference"
      }
    },
    {
      "type": "Feature",
      "id": "osm:way/542570301",
      "geometry": {
        "type": "LineString",
        "coordinates": [
          [
            107.14134339999998,
            -6.250542999999998
          ],
          [
            107.14071239999998,
            -6.2502390000000005
          ],
          [
            107.14055479999999,
            -6.2501411
          ],
          [
            107.14042539999998,
            -6.250042400000001
          ],
          [
            107.14032299999998,
            -6.249932699999999
          ],
          [
            107.14017420000002,
            -6.249843399999997
          ],
          [
            107.14009409999998,
            -6.249804400000002
          ],
          [
            107.1396555,
            -6.249670000000001
          ],
          [
            107.13954370000002,
            -6.2496348
          ],
          [
            107.1394269,
            -6.2495958
          ],
          [
            107.1393786,
            -6.249548500000002
          ],
          [
            107.1393698,
            -6.249495299999999
          ],
          [
            107.1393705,
            -6.2494383
          ],
          [
            107.1393735,
            -6.249213500000002
          ],
          [
            107.1393719,
            -6.249043200000002
          ],
          [
            107.1393592,
            -6.248964600000002
          ],
          [
            107.1393384,
            -6.2489239
          ],
          [
            107.13931,
            -6.248901399999999
          ],
          [
            107.1388288,
            -6.248823299999999
          ],
          [
            107.13878928246012,
            -6.24881562453546
          ]
        ]
      },
      "properties": {
        "@id": "way/542570301",
        "highway": "living_street",
        "source_records": [
          {
            "file": "jalan_cikarang.geojson",
            "record": 54
          },
          {
            "file": "osm_cikarang_1km.geojson",
            "record": 54
          }
        ],
        "dataset_role": "osm_reference",
        "radius_m": 1000,
        "geometry_clipped": true,
        "center_status": "unverified_geocoded_station_reference"
      }
    },
    {
      "type": "Feature",
      "id": "osm:way/542570305",
      "geometry": {
        "type": "LineString",
        "coordinates": [
          [
            107.13890249999999,
            -6.252740299999997
          ],
          [
            107.1377304,
            -6.252482400000002
          ],
          [
            107.13657529999999,
            -6.2522546
          ],
          [
            107.13657057580842,
            -6.252252048775978
          ]
        ]
      },
      "properties": {
        "@id": "way/542570305",
        "highway": "living_street",
        "motorcycle": "yes",
        "source_records": [
          {
            "file": "jalan_cikarang.geojson",
            "record": 55
          },
          {
            "file": "osm_cikarang_1km.geojson",
            "record": 55
          }
        ],
        "dataset_role": "osm_reference",
        "radius_m": 1000,
        "geometry_clipped": true,
        "center_status": "unverified_geocoded_station_reference"
      }
    },
    {
      "type": "Feature",
      "id": "osm:way/542570306",
      "geometry": {
        "type": "LineString",
        "coordinates": [
          [
            107.13915470000002,
            -6.252496499999999
          ],
          [
            107.1377878,
            -6.2522008
          ],
          [
            107.13712279999999,
            -6.2520641
          ],
          [
            107.13667382270232,
            -6.251978838137406
          ]
        ]
      },
      "properties": {
        "@id": "way/542570306",
        "highway": "living_street",
        "motorcycle": "yes",
        "source_records": [
          {
            "file": "jalan_cikarang.geojson",
            "record": 56
          },
          {
            "file": "osm_cikarang_1km.geojson",
            "record": 56
          }
        ],
        "dataset_role": "osm_reference",
        "radius_m": 1000,
        "geometry_clipped": true,
        "center_status": "unverified_geocoded_station_reference"
      }
    },
    {
      "type": "Feature",
      "id": "osm:way/542570307",
      "geometry": {
        "type": "LineString",
        "coordinates": [
          [
            107.13860469999999,
            -6.252969299999996
          ],
          [
            107.13766289999998,
            -6.252763899999999
          ],
          [
            107.1365595,
            -6.252537099999998
          ]
        ]
      },
      "properties": {
        "@id": "way/542570307",
        "highway": "residential",
        "name": "Jalan Harumanis 1",
        "source_records": [
          {
            "file": "jalan_cikarang.geojson",
            "record": 57
          },
          {
            "file": "osm_cikarang_1km.geojson",
            "record": 57
          }
        ],
        "dataset_role": "osm_reference",
        "radius_m": 1000,
        "geometry_clipped": false,
        "center_status": "unverified_geocoded_station_reference"
      }
    },
    {
      "type": "Feature",
      "id": "osm:way/542570308",
      "geometry": {
        "type": "LineString",
        "coordinates": [
          [
            107.13641649999998,
            -6.252769299999997
          ],
          [
            107.13732969999998,
            -6.252980799999998
          ],
          [
            107.13806019999998,
            -6.253176399999999
          ]
        ]
      },
      "properties": {
        "@id": "way/542570308",
        "highway": "residential",
        "source_records": [
          {
            "file": "jalan_cikarang.geojson",
            "record": 58
          },
          {
            "file": "osm_cikarang_1km.geojson",
            "record": 58
          }
        ],
        "dataset_role": "osm_reference",
        "radius_m": 1000,
        "geometry_clipped": false,
        "center_status": "unverified_geocoded_station_reference"
      }
    },
    {
      "type": "Feature",
      "id": "osm:way/542570309",
      "geometry": {
        "type": "LineString",
        "coordinates": [
          [
            107.1404517,
            -6.2531539
          ],
          [
            107.1399994,
            -6.2529961999999975
          ],
          [
            107.1396254,
            -6.2530643999999995
          ],
          [
            107.1394028,
            -6.2530819000000015
          ],
          [
            107.13893570000002,
            -6.253059499999997
          ],
          [
            107.1389296,
            -6.253059499999998
          ],
          [
            107.1385753,
            -6.2531064
          ],
          [
            107.13806019999998,
            -6.253176399999999
          ]
        ]
      },
      "properties": {
        "@id": "way/542570309",
        "highway": "residential",
        "surface": "unpaved",
        "source_records": [
          {
            "file": "jalan_cikarang.geojson",
            "record": 59
          },
          {
            "file": "osm_cikarang_1km.geojson",
            "record": 59
          }
        ],
        "dataset_role": "osm_reference",
        "radius_m": 1000,
        "geometry_clipped": false,
        "center_status": "unverified_geocoded_station_reference"
      }
    },
    {
      "type": "Feature",
      "id": "osm:way/542573511",
      "geometry": {
        "type": "LineString",
        "coordinates": [
          [
            107.14231179174782,
            -6.246703851266381
          ],
          [
            107.1422446,
            -6.247353499999998
          ],
          [
            107.1422479,
            -6.2474388
          ],
          [
            107.1422647,
            -6.247514799999999
          ],
          [
            107.1423274,
            -6.247608499999998
          ]
        ]
      },
      "properties": {
        "@id": "way/542573511",
        "highway": "construction",
        "surface": "unpaved",
        "source_records": [
          {
            "file": "jalan_cikarang.geojson",
            "record": 60
          },
          {
            "file": "osm_cikarang_1km.geojson",
            "record": 60
          }
        ],
        "dataset_role": "osm_reference",
        "radius_m": 1000,
        "geometry_clipped": true,
        "center_status": "unverified_geocoded_station_reference"
      }
    },
    {
      "type": "Feature",
      "id": "osm:way/557901822",
      "geometry": {
        "type": "LineString",
        "coordinates": [
          [
            107.1484535,
            -6.256743800000002
          ],
          [
            107.1483386,
            -6.257138
          ],
          [
            107.1482742,
            -6.257335300000001
          ],
          [
            107.14821250000001,
            -6.2574819
          ],
          [
            107.1480998,
            -6.257677899999999
          ],
          [
            107.1479577,
            -6.257844499999999
          ],
          [
            107.1478263,
            -6.2579645
          ],
          [
            107.1477056,
            -6.258064499999999
          ],
          [
            107.1474528,
            -6.258211799999999
          ],
          [
            107.14743330000002,
            -6.2582331
          ],
          [
            107.1474239,
            -6.258262399999997
          ],
          [
            107.1474226,
            -6.258295099999999
          ],
          [
            107.1474497,
            -6.258382700000001
          ]
        ]
      },
      "properties": {
        "@id": "way/557901822",
        "highway": "residential",
        "source_records": [
          {
            "file": "export.geojson",
            "record": 28
          },
          {
            "file": "jalan_cikarang.geojson",
            "record": 61
          },
          {
            "file": "osm_cikarang_1km.geojson",
            "record": 61
          }
        ],
        "dataset_role": "osm_reference",
        "radius_m": 1000,
        "geometry_clipped": false,
        "center_status": "unverified_geocoded_station_reference"
      }
    },
    {
      "type": "Feature",
      "id": "osm:way/557901823",
      "geometry": {
        "type": "LineString",
        "coordinates": [
          [
            107.14126349999998,
            -6.260998
          ],
          [
            107.14058579999998,
            -6.260786300000003
          ]
        ]
      },
      "properties": {
        "@id": "way/557901823",
        "highway": "living_street",
        "motorcycle": "yes",
        "source_records": [
          {
            "file": "export.geojson",
            "record": 29
          },
          {
            "file": "jalan_cikarang.geojson",
            "record": 62
          },
          {
            "file": "osm_cikarang_1km.geojson",
            "record": 62
          }
        ],
        "dataset_role": "osm_reference",
        "radius_m": 1000,
        "geometry_clipped": false,
        "center_status": "unverified_geocoded_station_reference"
      }
    },
    {
      "type": "Feature",
      "id": "osm:way/562428795",
      "geometry": {
        "type": "LineString",
        "coordinates": [
          [
            107.1392357,
            -6.261865199999998
          ],
          [
            107.1390951,
            -6.2618136999999985
          ],
          [
            107.1389911,
            -6.261782500000001
          ],
          [
            107.1389025,
            -6.261767900000001
          ],
          [
            107.138792,
            -6.261777500000002
          ],
          [
            107.13875950649306,
            -6.261783023898391
          ]
        ]
      },
      "properties": {
        "@id": "way/562428795",
        "access": "yes",
        "highway": "trunk",
        "lanes": "2",
        "name": "Jalan R.E. Martadinata",
        "name:etymology:wikidata": "Q5928807",
        "name:etymology:wikipedia": "id:Raden Eddy Martadinata",
        "oneway": "yes",
        "ref": "1",
        "source_records": [
          {
            "file": "jalan_cikarang.geojson",
            "record": 63
          },
          {
            "file": "osm_cikarang_1km.geojson",
            "record": 63
          }
        ],
        "dataset_role": "osm_reference",
        "radius_m": 1000,
        "geometry_clipped": true,
        "center_status": "unverified_geocoded_station_reference"
      }
    },
    {
      "type": "Feature",
      "id": "osm:way/562428799",
      "geometry": {
        "type": "LineString",
        "coordinates": [
          [
            107.139783,
            -6.262136900000001
          ],
          [
            107.13971530000002,
            -6.2621025999999995
          ],
          [
            107.1395286,
            -6.262007500000001
          ],
          [
            107.1395081,
            -6.261997099999999
          ]
        ]
      },
      "properties": {
        "@id": "way/562428799",
        "access": "yes",
        "bridge": "yes",
        "highway": "trunk",
        "lanes": "2",
        "layer": "1",
        "motor_vehicle": "yes",
        "name": "Jalan R.E. Martadinata",
        "name:etymology:wikidata": "Q5928807",
        "name:etymology:wikipedia": "id:Raden Eddy Martadinata",
        "oneway": "yes",
        "ref": "1",
        "source_records": [
          {
            "file": "jalan_cikarang.geojson",
            "record": 64
          },
          {
            "file": "osm_cikarang_1km.geojson",
            "record": 64
          }
        ],
        "dataset_role": "osm_reference",
        "radius_m": 1000,
        "geometry_clipped": false,
        "center_status": "unverified_geocoded_station_reference"
      }
    },
    {
      "type": "Feature",
      "id": "osm:way/562428803",
      "geometry": {
        "type": "LineString",
        "coordinates": [
          [
            107.1395826,
            -6.261906299999999
          ],
          [
            107.13969880000002,
            -6.261965900000001
          ],
          [
            107.1397718,
            -6.2620019000000005
          ],
          [
            107.1398446,
            -6.262037799999999
          ]
        ]
      },
      "properties": {
        "@id": "way/562428803",
        "access": "yes",
        "bridge": "yes",
        "highway": "trunk",
        "lanes": "2",
        "layer": "1",
        "motor_vehicle": "yes",
        "name": "Jalan R.E. Martadinata",
        "name:etymology:wikidata": "Q5928807",
        "name:etymology:wikipedia": "id:Raden Eddy Martadinata",
        "oneway": "yes",
        "ref": "1",
        "source_records": [
          {
            "file": "jalan_cikarang.geojson",
            "record": 65
          },
          {
            "file": "osm_cikarang_1km.geojson",
            "record": 65
          }
        ],
        "dataset_role": "osm_reference",
        "radius_m": 1000,
        "geometry_clipped": false,
        "center_status": "unverified_geocoded_station_reference"
      }
    },
    {
      "type": "Feature",
      "id": "osm:way/562428807",
      "geometry": {
        "type": "LineString",
        "coordinates": [
          [
            107.1386639838789,
            -6.2616882736240225
          ],
          [
            107.1386893,
            -6.261681199999997
          ],
          [
            107.1388031,
            -6.2616629
          ],
          [
            107.1389137,
            -6.2616597999999986
          ],
          [
            107.1390048,
            -6.2616752
          ],
          [
            107.1391677,
            -6.2617254
          ],
          [
            107.1392754,
            -6.2617696999999986
          ]
        ]
      },
      "properties": {
        "@id": "way/562428807",
        "highway": "trunk",
        "lanes": "2",
        "name": "Jalan R.E. Martadinata",
        "name:etymology:wikidata": "Q5928807",
        "name:etymology:wikipedia": "id:Raden Eddy Martadinata",
        "oneway": "yes",
        "ref": "1",
        "source_records": [
          {
            "file": "export.geojson",
            "record": 30
          },
          {
            "file": "jalan_cikarang.geojson",
            "record": 66
          },
          {
            "file": "osm_cikarang_1km.geojson",
            "record": 66
          }
        ],
        "dataset_role": "osm_reference",
        "radius_m": 1000,
        "geometry_clipped": true,
        "center_status": "unverified_geocoded_station_reference"
      }
    },
    {
      "type": "Feature",
      "id": "osm:way/563251766",
      "geometry": {
        "type": "LineString",
        "coordinates": [
          [
            107.13950444333103,
            -6.248192387294289
          ],
          [
            107.1400712,
            -6.248420399999998
          ],
          [
            107.1405923,
            -6.248629999999999
          ],
          [
            107.1407306,
            -6.2486737
          ],
          [
            107.141171,
            -6.248825899999999
          ],
          [
            107.1412121,
            -6.2488415
          ],
          [
            107.1412729,
            -6.248864599999998
          ],
          [
            107.1413527,
            -6.248881899999999
          ],
          [
            107.1414547,
            -6.248873299999999
          ],
          [
            107.1415901,
            -6.248856599999999
          ],
          [
            107.1416666,
            -6.248877299999999
          ],
          [
            107.14177179999999,
            -6.2489212
          ],
          [
            107.14201729999999,
            -6.249067899999998
          ],
          [
            107.14227539999999,
            -6.249190499999999
          ],
          [
            107.14235769999999,
            -6.249220899999999
          ],
          [
            107.14250539999999,
            -6.249251899999998
          ],
          [
            107.14280779999999,
            -6.249329199999999
          ],
          [
            107.1431364,
            -6.249443200000002
          ],
          [
            107.1432108,
            -6.249482500000001
          ],
          [
            107.1433081,
            -6.2496031
          ],
          [
            107.1434346,
            -6.249839699999999
          ]
        ]
      },
      "properties": {
        "@id": "way/563251766",
        "highway": "residential",
        "source_records": [
          {
            "file": "jalan_cikarang.geojson",
            "record": 67
          },
          {
            "file": "osm_cikarang_1km.geojson",
            "record": 67
          }
        ],
        "dataset_role": "osm_reference",
        "radius_m": 1000,
        "geometry_clipped": true,
        "center_status": "unverified_geocoded_station_reference"
      }
    },
    {
      "type": "Feature",
      "id": "osm:way/563251767",
      "geometry": {
        "type": "LineString",
        "coordinates": [
          [
            107.1390937,
            -6.249712699999999
          ],
          [
            107.1390097,
            -6.249965
          ],
          [
            107.1389227,
            -6.2502113999999995
          ],
          [
            107.1388186,
            -6.250480099999998
          ],
          [
            107.1387314,
            -6.250739299999999
          ]
        ]
      },
      "properties": {
        "@id": "way/563251767",
        "access": "private",
        "highway": "residential",
        "source_records": [
          {
            "file": "jalan_cikarang.geojson",
            "record": 68
          },
          {
            "file": "osm_cikarang_1km.geojson",
            "record": 68
          }
        ],
        "dataset_role": "osm_reference",
        "radius_m": 1000,
        "geometry_clipped": false,
        "center_status": "unverified_geocoded_station_reference"
      }
    },
    {
      "type": "Feature",
      "id": "osm:way/563251768",
      "geometry": {
        "type": "LineString",
        "coordinates": [
          [
            107.1386598,
            -6.2507261
          ],
          [
            107.1387089,
            -6.250455299999996
          ]
        ]
      },
      "properties": {
        "@id": "way/563251768",
        "access": "private",
        "highway": "residential",
        "source_records": [
          {
            "file": "jalan_cikarang.geojson",
            "record": 69
          },
          {
            "file": "osm_cikarang_1km.geojson",
            "record": 69
          }
        ],
        "dataset_role": "osm_reference",
        "radius_m": 1000,
        "geometry_clipped": false,
        "center_status": "unverified_geocoded_station_reference"
      }
    },
    {
      "type": "Feature",
      "id": "osm:way/563251769",
      "geometry": {
        "type": "LineString",
        "coordinates": [
          [
            107.1392928,
            -6.2506375999999975
          ],
          [
            107.1391808,
            -6.2506054
          ],
          [
            107.1388186,
            -6.250480099999998
          ],
          [
            107.1387518,
            -6.2504633
          ],
          [
            107.1387089,
            -6.250455299999996
          ]
        ]
      },
      "properties": {
        "@id": "way/563251769",
        "access": "private",
        "highway": "residential",
        "source_records": [
          {
            "file": "jalan_cikarang.geojson",
            "record": 70
          },
          {
            "file": "osm_cikarang_1km.geojson",
            "record": 70
          }
        ],
        "dataset_role": "osm_reference",
        "radius_m": 1000,
        "geometry_clipped": false,
        "center_status": "unverified_geocoded_station_reference"
      }
    },
    {
      "type": "Feature",
      "id": "osm:way/563251770",
      "geometry": {
        "type": "LineString",
        "coordinates": [
          [
            107.13925659999998,
            -6.2508056
          ],
          [
            107.1392928,
            -6.2506375999999975
          ]
        ]
      },
      "properties": {
        "@id": "way/563251770",
        "access": "private",
        "highway": "residential",
        "source_records": [
          {
            "file": "jalan_cikarang.geojson",
            "record": 71
          },
          {
            "file": "osm_cikarang_1km.geojson",
            "record": 71
          }
        ],
        "dataset_role": "osm_reference",
        "radius_m": 1000,
        "geometry_clipped": false,
        "center_status": "unverified_geocoded_station_reference"
      }
    },
    {
      "type": "Feature",
      "id": "osm:way/563251771",
      "geometry": {
        "type": "LineString",
        "coordinates": [
          [
            107.1377614,
            -6.250347799999999
          ],
          [
            107.1382934,
            -6.250404199999998
          ],
          [
            107.1387089,
            -6.250455299999996
          ]
        ]
      },
      "properties": {
        "@id": "way/563251771",
        "access": "private",
        "highway": "residential",
        "source_records": [
          {
            "file": "jalan_cikarang.geojson",
            "record": 72
          },
          {
            "file": "osm_cikarang_1km.geojson",
            "record": 72
          }
        ],
        "dataset_role": "osm_reference",
        "radius_m": 1000,
        "geometry_clipped": false,
        "center_status": "unverified_geocoded_station_reference"
      }
    },
    {
      "type": "Feature",
      "id": "osm:way/563251772",
      "geometry": {
        "type": "LineString",
        "coordinates": [
          [
            107.1377344,
            -6.2505429999999995
          ],
          [
            107.1377432,
            -6.250566999999999
          ],
          [
            107.1377733,
            -6.250585700000002
          ],
          [
            107.1386598,
            -6.2507261
          ],
          [
            107.1387314,
            -6.250739299999999
          ],
          [
            107.1391198,
            -6.250816299999999
          ],
          [
            107.13919759999999,
            -6.250836299999999
          ],
          [
            107.1392318,
            -6.250831
          ],
          [
            107.13925659999998,
            -6.2508056
          ]
        ]
      },
      "properties": {
        "@id": "way/563251772",
        "access": "private",
        "highway": "residential",
        "source_records": [
          {
            "file": "jalan_cikarang.geojson",
            "record": 73
          },
          {
            "file": "osm_cikarang_1km.geojson",
            "record": 73
          }
        ],
        "dataset_role": "osm_reference",
        "radius_m": 1000,
        "geometry_clipped": false,
        "center_status": "unverified_geocoded_station_reference"
      }
    },
    {
      "type": "Feature",
      "id": "osm:way/563251773",
      "geometry": {
        "type": "LineString",
        "coordinates": [
          [
            107.13783739546389,
            -6.249897269998853
          ],
          [
            107.1378074,
            -6.2500740000000015
          ],
          [
            107.1377614,
            -6.250347799999999
          ],
          [
            107.1377344,
            -6.2505429999999995
          ]
        ]
      },
      "properties": {
        "@id": "way/563251773",
        "access": "private",
        "highway": "residential",
        "source_records": [
          {
            "file": "jalan_cikarang.geojson",
            "record": 74
          },
          {
            "file": "osm_cikarang_1km.geojson",
            "record": 74
          }
        ],
        "dataset_role": "osm_reference",
        "radius_m": 1000,
        "geometry_clipped": true,
        "center_status": "unverified_geocoded_station_reference"
      }
    },
    {
      "type": "Feature",
      "id": "osm:way/563251774",
      "geometry": {
        "type": "LineString",
        "coordinates": [
          [
            107.13690893108782,
            -6.251438036925595
          ],
          [
            107.13717519999999,
            -6.251477499999998
          ],
          [
            107.13778339999999,
            -6.251553099999997
          ]
        ]
      },
      "properties": {
        "@id": "way/563251774",
        "highway": "residential",
        "source_records": [
          {
            "file": "jalan_cikarang.geojson",
            "record": 75
          },
          {
            "file": "osm_cikarang_1km.geojson",
            "record": 75
          }
        ],
        "dataset_role": "osm_reference",
        "radius_m": 1000,
        "geometry_clipped": true,
        "center_status": "unverified_geocoded_station_reference"
      }
    },
    {
      "type": "Feature",
      "id": "osm:way/563251775",
      "geometry": {
        "type": "LineString",
        "coordinates": [
          [
            107.1371167,
            -6.251778199999997
          ],
          [
            107.13717519999999,
            -6.251477499999998
          ]
        ]
      },
      "properties": {
        "@id": "way/563251775",
        "highway": "residential",
        "source_records": [
          {
            "file": "jalan_cikarang.geojson",
            "record": 76
          },
          {
            "file": "osm_cikarang_1km.geojson",
            "record": 76
          }
        ],
        "dataset_role": "osm_reference",
        "radius_m": 1000,
        "geometry_clipped": false,
        "center_status": "unverified_geocoded_station_reference"
      }
    },
    {
      "type": "Feature",
      "id": "osm:way/563251776",
      "geometry": {
        "type": "LineString",
        "coordinates": [
          [
            107.13860469999999,
            -6.252969299999996
          ],
          [
            107.1385753,
            -6.2531064
          ]
        ]
      },
      "properties": {
        "@id": "way/563251776",
        "highway": "residential",
        "source_records": [
          {
            "file": "jalan_cikarang.geojson",
            "record": 77
          },
          {
            "file": "osm_cikarang_1km.geojson",
            "record": 77
          }
        ],
        "dataset_role": "osm_reference",
        "radius_m": 1000,
        "geometry_clipped": false,
        "center_status": "unverified_geocoded_station_reference"
      }
    },
    {
      "type": "Feature",
      "id": "osm:way/563251780",
      "geometry": {
        "type": "LineString",
        "coordinates": [
          [
            107.1363839,
            -6.253146599999997
          ],
          [
            107.13732969999998,
            -6.252980799999998
          ]
        ]
      },
      "properties": {
        "@id": "way/563251780",
        "highway": "residential",
        "source_records": [
          {
            "file": "jalan_cikarang.geojson",
            "record": 78
          },
          {
            "file": "osm_cikarang_1km.geojson",
            "record": 78
          }
        ],
        "dataset_role": "osm_reference",
        "radius_m": 1000,
        "geometry_clipped": false,
        "center_status": "unverified_geocoded_station_reference"
      }
    },
    {
      "type": "Feature",
      "id": "osm:way/563251781",
      "geometry": {
        "type": "LineString",
        "coordinates": [
          [
            107.13766289999998,
            -6.252763899999999
          ],
          [
            107.1377304,
            -6.252482400000002
          ],
          [
            107.1377878,
            -6.2522008
          ],
          [
            107.1378374,
            -6.2519336999999995
          ]
        ]
      },
      "properties": {
        "@id": "way/563251781",
        "highway": "residential",
        "source_records": [
          {
            "file": "jalan_cikarang.geojson",
            "record": 79
          },
          {
            "file": "osm_cikarang_1km.geojson",
            "record": 79
          }
        ],
        "dataset_role": "osm_reference",
        "radius_m": 1000,
        "geometry_clipped": false,
        "center_status": "unverified_geocoded_station_reference"
      }
    },
    {
      "type": "Feature",
      "id": "osm:way/563251782",
      "geometry": {
        "type": "LineString",
        "coordinates": [
          [
            107.13789743888344,
            -6.249817798843197
          ],
          [
            107.1383607,
            -6.249872600000001
          ],
          [
            107.1389012,
            -6.249936799999999
          ],
          [
            107.1389334,
            -6.2499435
          ],
          [
            107.1390097,
            -6.249965
          ],
          [
            107.1394734,
            -6.250136399999997
          ]
        ]
      },
      "properties": {
        "@id": "way/563251782",
        "access": "private",
        "highway": "residential",
        "source_records": [
          {
            "file": "jalan_cikarang.geojson",
            "record": 80
          },
          {
            "file": "osm_cikarang_1km.geojson",
            "record": 80
          }
        ],
        "dataset_role": "osm_reference",
        "radius_m": 1000,
        "geometry_clipped": true,
        "center_status": "unverified_geocoded_station_reference"
      }
    },
    {
      "type": "Feature",
      "id": "osm:way/563251784",
      "geometry": {
        "type": "LineString",
        "coordinates": [
          [
            107.13956500000002,
            -6.249885499999999
          ],
          [
            107.1390937,
            -6.249712699999999
          ],
          [
            107.1389816,
            -6.249704399999999
          ],
          [
            107.1383808,
            -6.249637800000002
          ],
          [
            107.13806512521377,
            -6.249605285104423
          ]
        ]
      },
      "properties": {
        "@id": "way/563251784",
        "access": "private",
        "highway": "residential",
        "source_records": [
          {
            "file": "jalan_cikarang.geojson",
            "record": 81
          },
          {
            "file": "osm_cikarang_1km.geojson",
            "record": 81
          }
        ],
        "dataset_role": "osm_reference",
        "radius_m": 1000,
        "geometry_clipped": true,
        "center_status": "unverified_geocoded_station_reference"
      }
    },
    {
      "type": "Feature",
      "id": "osm:way/563251785",
      "geometry": {
        "type": "LineString",
        "coordinates": [
          [
            107.1378074,
            -6.2500740000000015
          ],
          [
            107.1383173,
            -6.250140400000001
          ],
          [
            107.1383387,
            -6.2501424000000005
          ],
          [
            107.13881030000002,
            -6.2501971
          ],
          [
            107.13885730000001,
            -6.250198499999998
          ]
        ]
      },
      "properties": {
        "@id": "way/563251785",
        "access": "private",
        "highway": "residential",
        "source_records": [
          {
            "file": "jalan_cikarang.geojson",
            "record": 82
          },
          {
            "file": "osm_cikarang_1km.geojson",
            "record": 82
          }
        ],
        "dataset_role": "osm_reference",
        "radius_m": 1000,
        "geometry_clipped": false,
        "center_status": "unverified_geocoded_station_reference"
      }
    },
    {
      "type": "Feature",
      "id": "osm:way/563251786",
      "geometry": {
        "type": "LineString",
        "coordinates": [
          [
            107.13937749999998,
            -6.2503825
          ],
          [
            107.1389227,
            -6.2502113999999995
          ],
          [
            107.13885730000001,
            -6.250198499999998
          ]
        ]
      },
      "properties": {
        "@id": "way/563251786",
        "access": "private",
        "highway": "residential",
        "source_records": [
          {
            "file": "jalan_cikarang.geojson",
            "record": 83
          },
          {
            "file": "osm_cikarang_1km.geojson",
            "record": 83
          }
        ],
        "dataset_role": "osm_reference",
        "radius_m": 1000,
        "geometry_clipped": false,
        "center_status": "unverified_geocoded_station_reference"
      }
    },
    {
      "type": "Feature",
      "id": "osm:way/563251787",
      "geometry": {
        "type": "LineString",
        "coordinates": [
          [
            107.1396214,
            -6.249749799999999
          ],
          [
            107.1396208,
            -6.249751399999998
          ],
          [
            107.13956500000002,
            -6.249885499999999
          ],
          [
            107.1394734,
            -6.250136399999997
          ],
          [
            107.13937749999998,
            -6.2503825
          ],
          [
            107.1392928,
            -6.2506375999999975
          ]
        ]
      },
      "properties": {
        "@id": "way/563251787",
        "access": "private",
        "highway": "residential",
        "source_records": [
          {
            "file": "jalan_cikarang.geojson",
            "record": 84
          },
          {
            "file": "osm_cikarang_1km.geojson",
            "record": 84
          }
        ],
        "dataset_role": "osm_reference",
        "radius_m": 1000,
        "geometry_clipped": false,
        "center_status": "unverified_geocoded_station_reference"
      }
    },
    {
      "type": "Feature",
      "id": "osm:way/563251790",
      "geometry": {
        "type": "LineString",
        "coordinates": [
          [
            107.1393705,
            -6.2494383
          ],
          [
            107.13831273196037,
            -6.24931367793171
          ]
        ]
      },
      "properties": {
        "@id": "way/563251790",
        "highway": "residential",
        "source_records": [
          {
            "file": "jalan_cikarang.geojson",
            "record": 85
          },
          {
            "file": "osm_cikarang_1km.geojson",
            "record": 85
          }
        ],
        "dataset_role": "osm_reference",
        "radius_m": 1000,
        "geometry_clipped": true,
        "center_status": "unverified_geocoded_station_reference"
      }
    },
    {
      "type": "Feature",
      "id": "osm:way/563264092",
      "geometry": {
        "type": "LineString",
        "coordinates": [
          [
            107.1399566,
            -6.262218899999999
          ],
          [
            107.1398346,
            -6.262628999999997
          ],
          [
            107.13982405451242,
            -6.262674359667687
          ]
        ]
      },
      "properties": {
        "@id": "way/563264092",
        "highway": "residential",
        "motorcar": "yes",
        "source_records": [
          {
            "file": "jalan_cikarang.geojson",
            "record": 86
          },
          {
            "file": "osm_cikarang_1km.geojson",
            "record": 86
          }
        ],
        "dataset_role": "osm_reference",
        "radius_m": 1000,
        "geometry_clipped": true,
        "center_status": "unverified_geocoded_station_reference"
      }
    },
    {
      "type": "Feature",
      "id": "osm:way/563576164",
      "geometry": {
        "type": "LineString",
        "coordinates": [
          [
            107.1442971,
            -6.248842699999999
          ],
          [
            107.1443133,
            -6.248792999999998
          ],
          [
            107.1443423,
            -6.248734600000001
          ],
          [
            107.1443787,
            -6.2486816
          ],
          [
            107.1446595,
            -6.248406
          ],
          [
            107.1446735,
            -6.248393899999999
          ],
          [
            107.1446931,
            -6.248375999999999
          ],
          [
            107.1447498,
            -6.248333699999998
          ],
          [
            107.1447783,
            -6.248320999999999
          ],
          [
            107.1448393,
            -6.248300300000001
          ],
          [
            107.1448876,
            -6.2482927
          ],
          [
            107.1449807,
            -6.248287199999999
          ],
          [
            107.1450827,
            -6.2482863
          ],
          [
            107.1452232,
            -6.2482973
          ],
          [
            107.1454673,
            -6.248354699999998
          ],
          [
            107.1455058,
            -6.248356700000001
          ],
          [
            107.1455497,
            -6.248348
          ],
          [
            107.1455876,
            -6.2483313
          ],
          [
            107.1456118,
            -6.2483074
          ],
          [
            107.1456279,
            -6.2482793999999995
          ],
          [
            107.1457619,
            -6.247974299999999
          ],
          [
            107.1459004,
            -6.2476521
          ],
          [
            107.1459713,
            -6.2474716
          ],
          [
            107.1460655,
            -6.247129600000001
          ],
          [
            107.14612790000001,
            -6.246802599999999
          ],
          [
            107.14616420000002,
            -6.2466123
          ],
          [
            107.14618530000001,
            -6.246500799999999
          ],
          [
            107.14624257703272,
            -6.246347240888428
          ]
        ]
      },
      "properties": {
        "@id": "way/563576164",
        "highway": "tertiary",
        "lanes": "2",
        "source_records": [
          {
            "file": "jalan_cikarang.geojson",
            "record": 87
          },
          {
            "file": "osm_cikarang_1km.geojson",
            "record": 87
          }
        ],
        "dataset_role": "osm_reference",
        "radius_m": 1000,
        "geometry_clipped": true,
        "center_status": "unverified_geocoded_station_reference"
      }
    },
    {
      "type": "Feature",
      "id": "osm:way/564241459",
      "geometry": {
        "type": "LineString",
        "coordinates": [
          [
            107.13610946175439,
            -6.25416936807155
          ],
          [
            107.1362042,
            -6.2541918
          ]
        ]
      },
      "properties": {
        "@id": "way/564241459",
        "access": "private",
        "highway": "service",
        "source_records": [
          {
            "file": "jalan_cikarang.geojson",
            "record": 88
          },
          {
            "file": "osm_cikarang_1km.geojson",
            "record": 88
          }
        ],
        "dataset_role": "osm_reference",
        "radius_m": 1000,
        "geometry_clipped": true,
        "center_status": "unverified_geocoded_station_reference"
      }
    },
    {
      "type": "Feature",
      "id": "osm:way/564241463",
      "geometry": {
        "type": "LineString",
        "coordinates": [
          [
            107.1371702,
            -6.2570707
          ],
          [
            107.1377612,
            -6.2572046
          ]
        ]
      },
      "properties": {
        "@id": "way/564241463",
        "access": "private",
        "highway": "service",
        "source_records": [
          {
            "file": "export.geojson",
            "record": 31
          },
          {
            "file": "jalan_cikarang.geojson",
            "record": 89
          },
          {
            "file": "osm_cikarang_1km.geojson",
            "record": 89
          }
        ],
        "dataset_role": "osm_reference",
        "radius_m": 1000,
        "geometry_clipped": false,
        "center_status": "unverified_geocoded_station_reference"
      }
    },
    {
      "type": "Feature",
      "id": "osm:way/564241465",
      "geometry": {
        "type": "LineString",
        "coordinates": [
          [
            107.13681849999999,
            -6.2587269999999995
          ],
          [
            107.1371702,
            -6.2570707
          ],
          [
            107.13725080000002,
            -6.2566871999999965
          ],
          [
            107.13730820000002,
            -6.2564141
          ],
          [
            107.13733880000001,
            -6.256268699999999
          ]
        ]
      },
      "properties": {
        "@id": "way/564241465",
        "access": "private",
        "highway": "service",
        "source_records": [
          {
            "file": "export.geojson",
            "record": 32
          },
          {
            "file": "jalan_cikarang.geojson",
            "record": 90
          },
          {
            "file": "osm_cikarang_1km.geojson",
            "record": 90
          }
        ],
        "dataset_role": "osm_reference",
        "radius_m": 1000,
        "geometry_clipped": false,
        "center_status": "unverified_geocoded_station_reference"
      }
    },
    {
      "type": "Feature",
      "id": "osm:way/564241466",
      "geometry": {
        "type": "LineString",
        "coordinates": [
          [
            107.13925979999999,
            -6.259439500000001
          ],
          [
            107.13922039999999,
            -6.259419899999998
          ],
          [
            107.1386182,
            -6.259140999999999
          ],
          [
            107.1385108,
            -6.259094099999999
          ],
          [
            107.13804059999998,
            -6.258973700000001
          ],
          [
            107.13741129999998,
            -6.258844400000001
          ],
          [
            107.13706119999999,
            -6.2587724
          ],
          [
            107.13681849999999,
            -6.2587269999999995
          ],
          [
            107.13669434084788,
            -6.258700359679166
          ]
        ]
      },
      "properties": {
        "@id": "way/564241466",
        "access": "private",
        "highway": "service",
        "source_records": [
          {
            "file": "export.geojson",
            "record": 33
          },
          {
            "file": "jalan_cikarang.geojson",
            "record": 91
          },
          {
            "file": "osm_cikarang_1km.geojson",
            "record": 91
          }
        ],
        "dataset_role": "osm_reference",
        "radius_m": 1000,
        "geometry_clipped": true,
        "center_status": "unverified_geocoded_station_reference"
      }
    },
    {
      "type": "Feature",
      "id": "osm:way/564241479",
      "geometry": {
        "type": "LineString",
        "coordinates": [
          [
            107.13769794457028,
            -6.26053870148061
          ],
          [
            107.1386413,
            -6.260737
          ]
        ]
      },
      "properties": {
        "@id": "way/564241479",
        "highway": "residential",
        "name": "Jalan Kali Jeruk",
        "source_records": [
          {
            "file": "export.geojson",
            "record": 34
          },
          {
            "file": "jalan_cikarang.geojson",
            "record": 92
          },
          {
            "file": "osm_cikarang_1km.geojson",
            "record": 92
          }
        ],
        "dataset_role": "osm_reference",
        "radius_m": 1000,
        "geometry_clipped": true,
        "center_status": "unverified_geocoded_station_reference"
      }
    },
    {
      "type": "Feature",
      "id": "osm:way/564505958",
      "geometry": {
        "type": "LineString",
        "coordinates": [
          [
            107.14746570000001,
            -6.249719399999999
          ],
          [
            107.14773900000002,
            -6.250025800000001
          ],
          [
            107.14786960000002,
            -6.250207499999998
          ],
          [
            107.1479859,
            -6.2504163
          ],
          [
            107.1480824,
            -6.2505813
          ],
          [
            107.14819240000001,
            -6.250750999999999
          ],
          [
            107.1482514,
            -6.250836300000001
          ],
          [
            107.1483627,
            -6.251020199999998
          ],
          [
            107.1483942,
            -6.2510787999999975
          ],
          [
            107.148478,
            -6.251234899999999
          ]
        ]
      },
      "properties": {
        "@id": "way/564505958",
        "highway": "residential",
        "name": "Jalan KHM Dasim 1",
        "oneway": "no",
        "source_records": [
          {
            "file": "jalan_cikarang.geojson",
            "record": 93
          },
          {
            "file": "osm_cikarang_1km.geojson",
            "record": 93
          }
        ],
        "dataset_role": "osm_reference",
        "radius_m": 1000,
        "geometry_clipped": false,
        "center_status": "unverified_geocoded_station_reference"
      }
    },
    {
      "type": "Feature",
      "id": "osm:way/564505959",
      "geometry": {
        "type": "LineString",
        "coordinates": [
          [
            107.1483942,
            -6.2510787999999975
          ],
          [
            107.148348,
            -6.251112299999999
          ],
          [
            107.1483104,
            -6.2511402
          ],
          [
            107.1479335,
            -6.251397500000001
          ]
        ]
      },
      "properties": {
        "@id": "way/564505959",
        "highway": "residential",
        "source_records": [
          {
            "file": "jalan_cikarang.geojson",
            "record": 94
          },
          {
            "file": "osm_cikarang_1km.geojson",
            "record": 94
          }
        ],
        "dataset_role": "osm_reference",
        "radius_m": 1000,
        "geometry_clipped": false,
        "center_status": "unverified_geocoded_station_reference"
      }
    },
    {
      "type": "Feature",
      "id": "osm:way/564505960",
      "geometry": {
        "type": "LineString",
        "coordinates": [
          [
            107.14921560000002,
            -6.2504963
          ],
          [
            107.14916000000001,
            -6.250505699999998
          ],
          [
            107.14908960000001,
            -6.250534299999999
          ],
          [
            107.14895550000001,
            -6.250610999999998
          ],
          [
            107.14893350000001,
            -6.250626199999998
          ],
          [
            107.14877070000001,
            -6.2507386
          ],
          [
            107.1483627,
            -6.251020199999998
          ]
        ]
      },
      "properties": {
        "@id": "way/564505960",
        "highway": "living_street",
        "motorcycle": "yes",
        "source_records": [
          {
            "file": "jalan_cikarang.geojson",
            "record": 95
          },
          {
            "file": "osm_cikarang_1km.geojson",
            "record": 95
          }
        ],
        "dataset_role": "osm_reference",
        "radius_m": 1000,
        "geometry_clipped": false,
        "center_status": "unverified_geocoded_station_reference"
      }
    },
    {
      "type": "Feature",
      "id": "osm:way/564505961",
      "geometry": {
        "type": "LineString",
        "coordinates": [
          [
            107.14910840000002,
            -6.2508868999999985
          ],
          [
            107.14924650000002,
            -6.2511196
          ],
          [
            107.14927460000001,
            -6.251153600000001
          ],
          [
            107.14932090000002,
            -6.251187599999999
          ],
          [
            107.14951,
            -6.251296900000001
          ],
          [
            107.1495261,
            -6.251302700000001
          ],
          [
            107.1495364,
            -6.2513022
          ],
          [
            107.1495442,
            -6.2512954999999994
          ],
          [
            107.14958250000001,
            -6.251229499999997
          ],
          [
            107.1495925,
            -6.251222800000002
          ],
          [
            107.14961090000001,
            -6.2512206
          ],
          [
            107.14975250000002,
            -6.251273799999999
          ],
          [
            107.1497975,
            -6.2512907
          ]
        ]
      },
      "properties": {
        "@id": "way/564505961",
        "highway": "living_street",
        "motorcycle": "yes",
        "source_records": [
          {
            "file": "jalan_cikarang.geojson",
            "record": 96
          },
          {
            "file": "osm_cikarang_1km.geojson",
            "record": 96
          }
        ],
        "dataset_role": "osm_reference",
        "radius_m": 1000,
        "geometry_clipped": false,
        "center_status": "unverified_geocoded_station_reference"
      }
    },
    {
      "type": "Feature",
      "id": "osm:way/564505962",
      "geometry": {
        "type": "LineString",
        "coordinates": [
          [
            107.14669710000001,
            -6.263093000000001
          ],
          [
            107.14673910000002,
            -6.2627482
          ]
        ]
      },
      "properties": {
        "@id": "way/564505962",
        "highway": "residential",
        "surface": "unpaved",
        "source_records": [
          {
            "file": "jalan_cikarang.geojson",
            "record": 97
          },
          {
            "file": "osm_cikarang_1km.geojson",
            "record": 97
          }
        ],
        "dataset_role": "osm_reference",
        "radius_m": 1000,
        "geometry_clipped": false,
        "center_status": "unverified_geocoded_station_reference"
      }
    },
    {
      "type": "Feature",
      "id": "osm:way/564505963",
      "geometry": {
        "type": "LineString",
        "coordinates": [
          [
            107.14658780000002,
            -6.262721999999999
          ],
          [
            107.14657170000001,
            -6.262833499999999
          ]
        ]
      },
      "properties": {
        "@id": "way/564505963",
        "highway": "residential",
        "source_records": [
          {
            "file": "jalan_cikarang.geojson",
            "record": 98
          },
          {
            "file": "osm_cikarang_1km.geojson",
            "record": 98
          }
        ],
        "dataset_role": "osm_reference",
        "radius_m": 1000,
        "geometry_clipped": false,
        "center_status": "unverified_geocoded_station_reference"
      }
    },
    {
      "type": "Feature",
      "id": "osm:way/564505964",
      "geometry": {
        "type": "LineString",
        "coordinates": [
          [
            107.1496307,
            -6.261427899999998
          ],
          [
            107.1496072,
            -6.261769199999997
          ]
        ]
      },
      "properties": {
        "@id": "way/564505964",
        "highway": "residential",
        "source_records": [
          {
            "file": "export.geojson",
            "record": 35
          },
          {
            "file": "jalan_cikarang.geojson",
            "record": 99
          },
          {
            "file": "osm_cikarang_1km.geojson",
            "record": 99
          }
        ],
        "dataset_role": "osm_reference",
        "radius_m": 1000,
        "geometry_clipped": false,
        "center_status": "unverified_geocoded_station_reference"
      }
    },
    {
      "type": "Feature",
      "id": "osm:way/564505965",
      "geometry": {
        "type": "LineString",
        "coordinates": [
          [
            107.1511555,
            -6.260540100000001
          ],
          [
            107.1511192,
            -6.2606397000000005
          ],
          [
            107.1510929,
            -6.260711299999999
          ],
          [
            107.1510642,
            -6.260789599999999
          ],
          [
            107.1510241,
            -6.260898899999998
          ],
          [
            107.1509958,
            -6.260975799999999
          ],
          [
            107.1509697,
            -6.261061099999999
          ],
          [
            107.1509248,
            -6.2612285
          ],
          [
            107.1509047,
            -6.261311899999998
          ],
          [
            107.1508887,
            -6.261330599999999
          ],
          [
            107.1508692,
            -6.261339599999998
          ],
          [
            107.1508404,
            -6.261342600000001
          ],
          [
            107.1507847,
            -6.261343899999999
          ],
          [
            107.1507432,
            -6.261341199999999
          ],
          [
            107.1501625,
            -6.261139999999999
          ],
          [
            107.1501457,
            -6.261133399999999
          ],
          [
            107.15011690000001,
            -6.261122299999999
          ],
          [
            107.1500989,
            -6.261115500000001
          ],
          [
            107.1500862,
            -6.261112300000002
          ],
          [
            107.1500786,
            -6.261109299999999
          ],
          [
            107.1500686,
            -6.261106300000002
          ],
          [
            107.1500592,
            -6.261133300000001
          ],
          [
            107.149952,
            -6.261432599999999
          ]
        ]
      },
      "properties": {
        "@id": "way/564505965",
        "highway": "living_street",
        "import": "yes",
        "motorcycle": "yes",
        "source": "digitalglobe",
        "source_records": [
          {
            "file": "export.geojson",
            "record": 36
          },
          {
            "file": "jalan_cikarang.geojson",
            "record": 100
          },
          {
            "file": "osm_cikarang_1km.geojson",
            "record": 100
          }
        ],
        "dataset_role": "osm_reference",
        "radius_m": 1000,
        "geometry_clipped": false,
        "center_status": "unverified_geocoded_station_reference"
      }
    },
    {
      "type": "Feature",
      "id": "osm:way/564505972",
      "geometry": {
        "type": "LineString",
        "coordinates": [
          [
            107.1478665,
            -6.2546443
          ],
          [
            107.14784160000002,
            -6.254696399999999
          ],
          [
            107.14780350000001,
            -6.254772999999998
          ]
        ]
      },
      "properties": {
        "@id": "way/564505972",
        "highway": "residential",
        "source_records": [
          {
            "file": "jalan_cikarang.geojson",
            "record": 101
          },
          {
            "file": "osm_cikarang_1km.geojson",
            "record": 101
          }
        ],
        "dataset_role": "osm_reference",
        "radius_m": 1000,
        "geometry_clipped": false,
        "center_status": "unverified_geocoded_station_reference"
      }
    },
    {
      "type": "Feature",
      "id": "osm:way/564505973",
      "geometry": {
        "type": "LineString",
        "coordinates": [
          [
            107.1464838,
            -6.254847599999998
          ],
          [
            107.1466696,
            -6.254778300000002
          ],
          [
            107.1467011,
            -6.254757700000001
          ],
          [
            107.1467252,
            -6.2547317
          ],
          [
            107.1468382,
            -6.254582499999998
          ]
        ]
      },
      "properties": {
        "@id": "way/564505973",
        "highway": "living_street",
        "motorcycle": "yes",
        "source_records": [
          {
            "file": "jalan_cikarang.geojson",
            "record": 102
          },
          {
            "file": "osm_cikarang_1km.geojson",
            "record": 102
          }
        ],
        "dataset_role": "osm_reference",
        "radius_m": 1000,
        "geometry_clipped": false,
        "center_status": "unverified_geocoded_station_reference"
      }
    },
    {
      "type": "Feature",
      "id": "osm:way/564505976",
      "geometry": {
        "type": "LineString",
        "coordinates": [
          [
            107.14494866508981,
            -6.246272125772263
          ],
          [
            107.1449057,
            -6.246417199999999
          ],
          [
            107.1447994,
            -6.246839099999998
          ],
          [
            107.1446603,
            -6.247364899999999
          ],
          [
            107.1445313,
            -6.2478838
          ],
          [
            107.1444671,
            -6.2481337
          ],
          [
            107.1444537,
            -6.248176699999999
          ],
          [
            107.1444487,
            -6.2482093999999995
          ],
          [
            107.144453,
            -6.248236300000002
          ],
          [
            107.14446880000001,
            -6.248266699999999
          ],
          [
            107.1444926,
            -6.2482926999999995
          ],
          [
            107.1445268,
            -6.248311000000001
          ],
          [
            107.1445928,
            -6.248350899999999
          ],
          [
            107.1446735,
            -6.248393899999999
          ]
        ]
      },
      "properties": {
        "@id": "way/564505976",
        "highway": "unclassified",
        "source_records": [
          {
            "file": "jalan_cikarang.geojson",
            "record": 103
          },
          {
            "file": "osm_cikarang_1km.geojson",
            "record": 103
          }
        ],
        "dataset_role": "osm_reference",
        "radius_m": 1000,
        "geometry_clipped": true,
        "center_status": "unverified_geocoded_station_reference"
      }
    },
    {
      "type": "Feature",
      "id": "osm:way/564505979",
      "geometry": {
        "type": "LineString",
        "coordinates": [
          [
            107.1433322,
            -6.2559262
          ],
          [
            107.1434207,
            -6.2555900000000015
          ],
          [
            107.14345430000002,
            -6.255462199999998
          ],
          [
            107.1434663,
            -6.2554069
          ],
          [
            107.1435009,
            -6.2554152
          ],
          [
            107.14353170000001,
            -6.2554216
          ],
          [
            107.1440317,
            -6.255603699999997
          ]
        ]
      },
      "properties": {
        "@id": "way/564505979",
        "highway": "service",
        "source_records": [
          {
            "file": "export.geojson",
            "record": 37
          },
          {
            "file": "jalan_cikarang.geojson",
            "record": 104
          },
          {
            "file": "osm_cikarang_1km.geojson",
            "record": 104
          }
        ],
        "dataset_role": "osm_reference",
        "radius_m": 1000,
        "geometry_clipped": false,
        "center_status": "unverified_geocoded_station_reference"
      }
    },
    {
      "type": "Feature",
      "id": "osm:way/564505980",
      "geometry": {
        "type": "LineString",
        "coordinates": [
          [
            107.1470767,
            -6.258908599999999
          ],
          [
            107.1471427,
            -6.258918799999999
          ]
        ]
      },
      "properties": {
        "@id": "way/564505980",
        "highway": "service",
        "source_records": [
          {
            "file": "export.geojson",
            "record": 38
          },
          {
            "file": "jalan_cikarang.geojson",
            "record": 105
          },
          {
            "file": "osm_cikarang_1km.geojson",
            "record": 105
          }
        ],
        "dataset_role": "osm_reference",
        "radius_m": 1000,
        "geometry_clipped": false,
        "center_status": "unverified_geocoded_station_reference"
      }
    },
    {
      "type": "Feature",
      "id": "osm:way/564505982",
      "geometry": {
        "type": "LineString",
        "coordinates": [
          [
            107.1477887,
            -6.2552983
          ],
          [
            107.1481803,
            -6.255494200000002
          ]
        ]
      },
      "properties": {
        "@id": "way/564505982",
        "highway": "living_street",
        "motorcycle": "yes",
        "source_records": [
          {
            "file": "export.geojson",
            "record": 39
          },
          {
            "file": "jalan_cikarang.geojson",
            "record": 106
          },
          {
            "file": "osm_cikarang_1km.geojson",
            "record": 106
          }
        ],
        "dataset_role": "osm_reference",
        "radius_m": 1000,
        "geometry_clipped": false,
        "center_status": "unverified_geocoded_station_reference"
      }
    },
    {
      "type": "Feature",
      "id": "osm:way/564505983",
      "geometry": {
        "type": "LineString",
        "coordinates": [
          [
            107.1481803,
            -6.255494200000002
          ],
          [
            107.14820710000001,
            -6.255508899999998
          ],
          [
            107.1482232,
            -6.2555248999999975
          ],
          [
            107.14822859999998,
            -6.2555476
          ],
          [
            107.1482259,
            -6.255572899999999
          ],
          [
            107.1482165,
            -6.255598199999999
          ],
          [
            107.1481441,
            -6.2557502
          ]
        ]
      },
      "properties": {
        "@id": "way/564505983",
        "highway": "residential",
        "source_records": [
          {
            "file": "export.geojson",
            "record": 40
          },
          {
            "file": "jalan_cikarang.geojson",
            "record": 107
          },
          {
            "file": "osm_cikarang_1km.geojson",
            "record": 107
          }
        ],
        "dataset_role": "osm_reference",
        "radius_m": 1000,
        "geometry_clipped": false,
        "center_status": "unverified_geocoded_station_reference"
      }
    },
    {
      "type": "Feature",
      "id": "osm:way/564505984",
      "geometry": {
        "type": "LineString",
        "coordinates": [
          [
            107.1480033,
            -6.256055499999999
          ],
          [
            107.1481441,
            -6.2557502
          ]
        ]
      },
      "properties": {
        "@id": "way/564505984",
        "highway": "residential",
        "source_records": [
          {
            "file": "export.geojson",
            "record": 41
          },
          {
            "file": "jalan_cikarang.geojson",
            "record": 108
          },
          {
            "file": "osm_cikarang_1km.geojson",
            "record": 108
          }
        ],
        "dataset_role": "osm_reference",
        "radius_m": 1000,
        "geometry_clipped": false,
        "center_status": "unverified_geocoded_station_reference"
      }
    },
    {
      "type": "Feature",
      "id": "osm:way/564505985",
      "geometry": {
        "type": "LineString",
        "coordinates": [
          [
            107.14762080000001,
            -6.255531
          ],
          [
            107.1481441,
            -6.2557502
          ]
        ]
      },
      "properties": {
        "@id": "way/564505985",
        "highway": "living_street",
        "motorcycle": "yes",
        "source_records": [
          {
            "file": "export.geojson",
            "record": 42
          },
          {
            "file": "jalan_cikarang.geojson",
            "record": 109
          },
          {
            "file": "osm_cikarang_1km.geojson",
            "record": 109
          }
        ],
        "dataset_role": "osm_reference",
        "radius_m": 1000,
        "geometry_clipped": false,
        "center_status": "unverified_geocoded_station_reference"
      }
    },
    {
      "type": "Feature",
      "id": "osm:way/564505991",
      "geometry": {
        "type": "LineString",
        "coordinates": [
          [
            107.1510929,
            -6.260711299999999
          ],
          [
            107.151499,
            -6.260800899999998
          ],
          [
            107.151769,
            -6.260883899999999
          ],
          [
            107.1520165,
            -6.260969099999999
          ],
          [
            107.15210111313087,
            -6.260998244046383
          ]
        ]
      },
      "properties": {
        "@id": "way/564505991",
        "highway": "living_street",
        "motorcycle": "yes",
        "source_records": [
          {
            "file": "export.geojson",
            "record": 43
          },
          {
            "file": "jalan_cikarang.geojson",
            "record": 110
          },
          {
            "file": "osm_cikarang_1km.geojson",
            "record": 110
          }
        ],
        "dataset_role": "osm_reference",
        "radius_m": 1000,
        "geometry_clipped": true,
        "center_status": "unverified_geocoded_station_reference"
      }
    },
    {
      "type": "Feature",
      "id": "osm:way/564505992",
      "geometry": {
        "type": "LineString",
        "coordinates": [
          [
            107.15067200000001,
            -6.259877899999998
          ],
          [
            107.15099390000002,
            -6.259949499999998
          ],
          [
            107.15103560000001,
            -6.259956699999999
          ],
          [
            107.1513239,
            -6.260006799999998
          ]
        ]
      },
      "properties": {
        "@id": "way/564505992",
        "highway": "living_street",
        "motorcycle": "yes",
        "source_records": [
          {
            "file": "export.geojson",
            "record": 44
          },
          {
            "file": "jalan_cikarang.geojson",
            "record": 111
          },
          {
            "file": "osm_cikarang_1km.geojson",
            "record": 111
          }
        ],
        "dataset_role": "osm_reference",
        "radius_m": 1000,
        "geometry_clipped": false,
        "center_status": "unverified_geocoded_station_reference"
      }
    },
    {
      "type": "Feature",
      "id": "osm:way/564505993",
      "geometry": {
        "type": "LineString",
        "coordinates": [
          [
            107.1504314,
            -6.258863099999998
          ],
          [
            107.1504856,
            -6.258885899999998
          ],
          [
            107.15090640000001,
            -6.259027900000001
          ],
          [
            107.15116630000001,
            -6.2591052
          ],
          [
            107.1512783,
            -6.259142999999998
          ],
          [
            107.1514735,
            -6.2592298
          ],
          [
            107.15151690000002,
            -6.259252999999998
          ],
          [
            107.15153090000001,
            -6.259260000000001
          ],
          [
            107.15164570000002,
            -6.259317599999999
          ],
          [
            107.15177610000002,
            -6.2593761999999975
          ],
          [
            107.15191390000001,
            -6.259430899999998
          ],
          [
            107.15194680000002,
            -6.2594489
          ],
          [
            107.15196820000001,
            -6.259471199999998
          ],
          [
            107.15197500000001,
            -6.259510899999998
          ],
          [
            107.15196560000001,
            -6.259558899999999
          ],
          [
            107.1518322,
            -6.259999099999999
          ]
        ]
      },
      "properties": {
        "@id": "way/564505993",
        "highway": "residential",
        "oneway": "no",
        "source_records": [
          {
            "file": "export.geojson",
            "record": 45
          },
          {
            "file": "jalan_cikarang.geojson",
            "record": 112
          },
          {
            "file": "osm_cikarang_1km.geojson",
            "record": 112
          }
        ],
        "dataset_role": "osm_reference",
        "radius_m": 1000,
        "geometry_clipped": false,
        "center_status": "unverified_geocoded_station_reference"
      }
    },
    {
      "type": "Feature",
      "id": "osm:way/564505995",
      "geometry": {
        "type": "LineString",
        "coordinates": [
          [
            107.14900240000001,
            -6.2603774
          ],
          [
            107.14831100000002,
            -6.260161499999999
          ],
          [
            107.1482729,
            -6.260135499999999
          ],
          [
            107.1482648,
            -6.260105499999997
          ],
          [
            107.14826140000001,
            -6.2600661
          ],
          [
            107.1482487,
            -6.2600454999999995
          ],
          [
            107.1481763,
            -6.260001499999998
          ],
          [
            107.14811190000002,
            -6.259974800000003
          ],
          [
            107.1479148,
            -6.2599362
          ],
          [
            107.1477216,
            -6.259876199999997
          ],
          [
            107.1476224,
            -6.259848099999999
          ],
          [
            107.147499,
            -6.259837500000001
          ],
          [
            107.1473595,
            -6.2598428
          ],
          [
            107.1470701,
            -6.259855299999998
          ]
        ]
      },
      "properties": {
        "@id": "way/564505995",
        "bicycle": "yes",
        "foot": "yes",
        "highway": "living_street",
        "motorcar": "no",
        "motorcycle": "yes",
        "source_records": [
          {
            "file": "export.geojson",
            "record": 46
          },
          {
            "file": "jalan_cikarang.geojson",
            "record": 113
          },
          {
            "file": "osm_cikarang_1km.geojson",
            "record": 113
          }
        ],
        "dataset_role": "osm_reference",
        "radius_m": 1000,
        "geometry_clipped": false,
        "center_status": "unverified_geocoded_station_reference"
      }
    },
    {
      "type": "Feature",
      "id": "osm:way/564505996",
      "geometry": {
        "type": "LineString",
        "coordinates": [
          [
            107.1492881,
            -6.2594863999999975
          ],
          [
            107.1491311,
            -6.259932199999998
          ],
          [
            107.14908150000001,
            -6.2600601000000005
          ],
          [
            107.14900240000001,
            -6.2603774
          ],
          [
            107.14940470000002,
            -6.260485799999999
          ],
          [
            107.14988290000001,
            -6.260627699999999
          ],
          [
            107.15003840000001,
            -6.2606739
          ]
        ]
      },
      "properties": {
        "@id": "way/564505996",
        "highway": "living_street",
        "motorcar": "no",
        "motorcycle": "yes",
        "source_records": [
          {
            "file": "export.geojson",
            "record": 47
          },
          {
            "file": "jalan_cikarang.geojson",
            "record": 114
          },
          {
            "file": "osm_cikarang_1km.geojson",
            "record": 114
          }
        ],
        "dataset_role": "osm_reference",
        "radius_m": 1000,
        "geometry_clipped": false,
        "center_status": "unverified_geocoded_station_reference"
      }
    },
    {
      "type": "Feature",
      "id": "osm:way/564505997",
      "geometry": {
        "type": "LineString",
        "coordinates": [
          [
            107.1496048,
            -6.258098199999997
          ],
          [
            107.1496756,
            -6.257877799999999
          ],
          [
            107.1497896,
            -6.257668500000001
          ],
          [
            107.1498969,
            -6.257599200000001
          ],
          [
            107.1500981,
            -6.257567199999999
          ]
        ]
      },
      "properties": {
        "@id": "way/564505997",
        "highway": "residential",
        "motorcar": "no",
        "surface": "unpaved",
        "source_records": [
          {
            "file": "export.geojson",
            "record": 48
          },
          {
            "file": "jalan_cikarang.geojson",
            "record": 115
          },
          {
            "file": "osm_cikarang_1km.geojson",
            "record": 115
          }
        ],
        "dataset_role": "osm_reference",
        "radius_m": 1000,
        "geometry_clipped": false,
        "center_status": "unverified_geocoded_station_reference"
      }
    },
    {
      "type": "Feature",
      "id": "osm:way/564505998",
      "geometry": {
        "type": "LineString",
        "coordinates": [
          [
            107.14821250000001,
            -6.2574819
          ],
          [
            107.1484793,
            -6.257581899999999
          ],
          [
            107.148596,
            -6.2576152
          ],
          [
            107.1486953,
            -6.257647199999999
          ],
          [
            107.1487664,
            -6.257664499999998
          ],
          [
            107.14892460000002,
            -6.257681900000001
          ],
          [
            107.1490266,
            -6.2576912
          ],
          [
            107.1491151,
            -6.2577179
          ],
          [
            107.1491808,
            -6.2577485000000035
          ],
          [
            107.1492451,
            -6.257777900000001
          ],
          [
            107.1493068,
            -6.2578232
          ],
          [
            107.1493677,
            -6.257980099999998
          ]
        ]
      },
      "properties": {
        "@id": "way/564505998",
        "highway": "living_street",
        "motorcycle": "yes",
        "source_records": [
          {
            "file": "export.geojson",
            "record": 49
          },
          {
            "file": "jalan_cikarang.geojson",
            "record": 116
          },
          {
            "file": "osm_cikarang_1km.geojson",
            "record": 116
          }
        ],
        "dataset_role": "osm_reference",
        "radius_m": 1000,
        "geometry_clipped": false,
        "center_status": "unverified_geocoded_station_reference"
      }
    },
    {
      "type": "Feature",
      "id": "osm:way/564505999",
      "geometry": {
        "type": "LineString",
        "coordinates": [
          [
            107.1484535,
            -6.256743800000002
          ],
          [
            107.1482651,
            -6.256524899999998
          ]
        ]
      },
      "properties": {
        "@id": "way/564505999",
        "highway": "residential",
        "oneway": "no",
        "source_records": [
          {
            "file": "export.geojson",
            "record": 50
          },
          {
            "file": "jalan_cikarang.geojson",
            "record": 117
          },
          {
            "file": "osm_cikarang_1km.geojson",
            "record": 117
          }
        ],
        "dataset_role": "osm_reference",
        "radius_m": 1000,
        "geometry_clipped": false,
        "center_status": "unverified_geocoded_station_reference"
      }
    },
    {
      "type": "Feature",
      "id": "osm:way/564506001",
      "geometry": {
        "type": "LineString",
        "coordinates": [
          [
            107.14314039999998,
            -6.254927699999999
          ],
          [
            107.1427016,
            -6.254802799999998
          ]
        ]
      },
      "properties": {
        "@id": "way/564506001",
        "highway": "service",
        "source_records": [
          {
            "file": "export.geojson",
            "record": 51
          },
          {
            "file": "jalan_cikarang.geojson",
            "record": 118
          },
          {
            "file": "osm_cikarang_1km.geojson",
            "record": 118
          }
        ],
        "dataset_role": "osm_reference",
        "radius_m": 1000,
        "geometry_clipped": false,
        "center_status": "unverified_geocoded_station_reference"
      }
    },
    {
      "type": "Feature",
      "id": "osm:way/564506002",
      "geometry": {
        "type": "LineString",
        "coordinates": [
          [
            107.139439,
            -6.255162300000001
          ],
          [
            107.1394457,
            -6.2551916
          ],
          [
            107.13948060000001,
            -6.255220899999999
          ]
        ]
      },
      "properties": {
        "@id": "way/564506002",
        "access": "private",
        "highway": "service",
        "surface": "unpaved",
        "source_records": [
          {
            "file": "export.geojson",
            "record": 52
          },
          {
            "file": "jalan_cikarang.geojson",
            "record": 119
          },
          {
            "file": "osm_cikarang_1km.geojson",
            "record": 119
          }
        ],
        "dataset_role": "osm_reference",
        "radius_m": 1000,
        "geometry_clipped": false,
        "center_status": "unverified_geocoded_station_reference"
      }
    },
    {
      "type": "Feature",
      "id": "osm:way/564506004",
      "geometry": {
        "type": "LineString",
        "coordinates": [
          [
            107.1431954,
            -6.249965799999999
          ],
          [
            107.1432853,
            -6.250069699999998
          ],
          [
            107.1433295,
            -6.250103099999998
          ],
          [
            107.1434685,
            -6.250164300000001
          ],
          [
            107.14387970000001,
            -6.2503481
          ],
          [
            107.1438985,
            -6.2503554
          ],
          [
            107.1439096,
            -6.2503573999999995
          ],
          [
            107.1439193,
            -6.250358
          ],
          [
            107.14392670000001,
            -6.2503577
          ],
          [
            107.143933,
            -6.250354400000001
          ],
          [
            107.1439411,
            -6.250345699999999
          ],
          [
            107.1440162,
            -6.250227700000001
          ],
          [
            107.1440333,
            -6.250207099999999
          ],
          [
            107.1440386,
            -6.250202399999999
          ],
          [
            107.1440524,
            -6.250198699999999
          ],
          [
            107.1440681,
            -6.2501977
          ],
          [
            107.1441038,
            -6.250195599999999
          ]
        ]
      },
      "properties": {
        "@id": "way/564506004",
        "highway": "living_street",
        "motorcar": "no",
        "source_records": [
          {
            "file": "jalan_cikarang.geojson",
            "record": 120
          },
          {
            "file": "osm_cikarang_1km.geojson",
            "record": 120
          }
        ],
        "dataset_role": "osm_reference",
        "radius_m": 1000,
        "geometry_clipped": false,
        "center_status": "unverified_geocoded_station_reference"
      }
    },
    {
      "type": "Feature",
      "id": "osm:way/564506005",
      "geometry": {
        "type": "LineString",
        "coordinates": [
          [
            107.14236529999998,
            -6.2488159
          ],
          [
            107.14200319999999,
            -6.248638000000001
          ]
        ]
      },
      "properties": {
        "@id": "way/564506005",
        "highway": "residential",
        "source_records": [
          {
            "file": "jalan_cikarang.geojson",
            "record": 121
          },
          {
            "file": "osm_cikarang_1km.geojson",
            "record": 121
          }
        ],
        "dataset_role": "osm_reference",
        "radius_m": 1000,
        "geometry_clipped": false,
        "center_status": "unverified_geocoded_station_reference"
      }
    },
    {
      "type": "Feature",
      "id": "osm:way/564506006",
      "geometry": {
        "type": "LineString",
        "coordinates": [
          [
            107.1408417,
            -6.248317299999998
          ],
          [
            107.1407928,
            -6.248463300000003
          ],
          [
            107.1407306,
            -6.2486737
          ]
        ]
      },
      "properties": {
        "@id": "way/564506006",
        "highway": "residential",
        "source_records": [
          {
            "file": "jalan_cikarang.geojson",
            "record": 122
          },
          {
            "file": "osm_cikarang_1km.geojson",
            "record": 122
          }
        ],
        "dataset_role": "osm_reference",
        "radius_m": 1000,
        "geometry_clipped": false,
        "center_status": "unverified_geocoded_station_reference"
      }
    },
    {
      "type": "Feature",
      "id": "osm:way/564506007",
      "geometry": {
        "type": "LineString",
        "coordinates": [
          [
            107.141171,
            -6.248825899999999
          ],
          [
            107.1413038,
            -6.248469299999997
          ]
        ]
      },
      "properties": {
        "@id": "way/564506007",
        "highway": "residential",
        "source_records": [
          {
            "file": "jalan_cikarang.geojson",
            "record": 123
          },
          {
            "file": "osm_cikarang_1km.geojson",
            "record": 123
          }
        ],
        "dataset_role": "osm_reference",
        "radius_m": 1000,
        "geometry_clipped": false,
        "center_status": "unverified_geocoded_station_reference"
      }
    },
    {
      "type": "Feature",
      "id": "osm:way/564506010",
      "geometry": {
        "type": "LineString",
        "coordinates": [
          [
            107.1422657,
            -6.247840600000003
          ],
          [
            107.14231,
            -6.247695300000001
          ]
        ]
      },
      "properties": {
        "@id": "way/564506010",
        "bridge": "yes",
        "highway": "residential",
        "layer": "1",
        "oneway": "yes",
        "source_records": [
          {
            "file": "jalan_cikarang.geojson",
            "record": 124
          },
          {
            "file": "osm_cikarang_1km.geojson",
            "record": 124
          }
        ],
        "dataset_role": "osm_reference",
        "radius_m": 1000,
        "geometry_clipped": false,
        "center_status": "unverified_geocoded_station_reference"
      }
    },
    {
      "type": "Feature",
      "id": "osm:way/564506011",
      "geometry": {
        "type": "LineString",
        "coordinates": [
          [
            107.1422171,
            -6.247969
          ],
          [
            107.1422657,
            -6.247840600000003
          ]
        ]
      },
      "properties": {
        "@id": "way/564506011",
        "highway": "residential",
        "oneway": "yes",
        "source_records": [
          {
            "file": "jalan_cikarang.geojson",
            "record": 125
          },
          {
            "file": "osm_cikarang_1km.geojson",
            "record": 125
          }
        ],
        "dataset_role": "osm_reference",
        "radius_m": 1000,
        "geometry_clipped": false,
        "center_status": "unverified_geocoded_station_reference"
      }
    },
    {
      "type": "Feature",
      "id": "osm:way/564506012",
      "geometry": {
        "type": "LineString",
        "coordinates": [
          [
            107.1423793,
            -6.247714199999999
          ],
          [
            107.1423317,
            -6.247858099999999
          ]
        ]
      },
      "properties": {
        "@id": "way/564506012",
        "bridge": "yes",
        "highway": "residential",
        "layer": "1",
        "oneway": "yes",
        "source_records": [
          {
            "file": "jalan_cikarang.geojson",
            "record": 126
          },
          {
            "file": "osm_cikarang_1km.geojson",
            "record": 126
          }
        ],
        "dataset_role": "osm_reference",
        "radius_m": 1000,
        "geometry_clipped": false,
        "center_status": "unverified_geocoded_station_reference"
      }
    },
    {
      "type": "Feature",
      "id": "osm:way/564506013",
      "geometry": {
        "type": "LineString",
        "coordinates": [
          [
            107.1423317,
            -6.247858099999999
          ],
          [
            107.1422823,
            -6.247997199999999
          ]
        ]
      },
      "properties": {
        "@id": "way/564506013",
        "highway": "residential",
        "oneway": "yes",
        "source_records": [
          {
            "file": "jalan_cikarang.geojson",
            "record": 127
          },
          {
            "file": "osm_cikarang_1km.geojson",
            "record": 127
          }
        ],
        "dataset_role": "osm_reference",
        "radius_m": 1000,
        "geometry_clipped": false,
        "center_status": "unverified_geocoded_station_reference"
      }
    },
    {
      "type": "Feature",
      "id": "osm:way/564506020",
      "geometry": {
        "type": "LineString",
        "coordinates": [
          [
            107.1500954,
            -6.2491393
          ],
          [
            107.15068590000001,
            -6.2490939999999995
          ],
          [
            107.1514719,
            -6.249033600000001
          ]
        ]
      },
      "properties": {
        "@id": "way/564506020",
        "highway": "living_street",
        "motorcycle": "yes",
        "source_records": [
          {
            "file": "jalan_cikarang.geojson",
            "record": 128
          },
          {
            "file": "osm_cikarang_1km.geojson",
            "record": 128
          }
        ],
        "dataset_role": "osm_reference",
        "radius_m": 1000,
        "geometry_clipped": false,
        "center_status": "unverified_geocoded_station_reference"
      }
    },
    {
      "type": "Feature",
      "id": "osm:way/564506021",
      "geometry": {
        "type": "LineString",
        "coordinates": [
          [
            107.14748409999999,
            -6.255840899999998
          ],
          [
            107.14762080000001,
            -6.255531
          ],
          [
            107.1476975,
            -6.255380899999998
          ],
          [
            107.1477297,
            -6.2553263
          ],
          [
            107.1477478,
            -6.255306299999999
          ],
          [
            107.1477672,
            -6.2552983
          ],
          [
            107.1477887,
            -6.2552983
          ]
        ]
      },
      "properties": {
        "@id": "way/564506021",
        "highway": "living_street",
        "motorcycle": "yes",
        "source_records": [
          {
            "file": "export.geojson",
            "record": 53
          },
          {
            "file": "jalan_cikarang.geojson",
            "record": 129
          },
          {
            "file": "osm_cikarang_1km.geojson",
            "record": 129
          }
        ],
        "dataset_role": "osm_reference",
        "radius_m": 1000,
        "geometry_clipped": false,
        "center_status": "unverified_geocoded_station_reference"
      }
    },
    {
      "type": "Feature",
      "id": "osm:way/564506023",
      "geometry": {
        "type": "LineString",
        "coordinates": [
          [
            107.15243430000001,
            -6.2561141
          ],
          [
            107.1525523,
            -6.2560302000000005
          ],
          [
            107.1525657,
            -6.256017499999999
          ],
          [
            107.1525778,
            -6.256000800000001
          ],
          [
            107.15262409999998,
            -6.255913399999999
          ]
        ]
      },
      "properties": {
        "@id": "way/564506023",
        "highway": "path",
        "source_records": [
          {
            "file": "jalan_cikarang.geojson",
            "record": 130
          },
          {
            "file": "osm_cikarang_1km.geojson",
            "record": 130
          }
        ],
        "dataset_role": "osm_reference",
        "radius_m": 1000,
        "geometry_clipped": false,
        "center_status": "unverified_geocoded_station_reference"
      }
    },
    {
      "type": "Feature",
      "id": "osm:way/564506026",
      "geometry": {
        "type": "LineString",
        "coordinates": [
          [
            107.1419093,
            -6.262633
          ],
          [
            107.1418691,
            -6.263091599999998
          ],
          [
            107.1418456,
            -6.263322299999999
          ],
          [
            107.1418269,
            -6.2635376
          ],
          [
            107.1418235,
            -6.263582199999998
          ],
          [
            107.1418147,
            -6.263646799999997
          ],
          [
            107.14179968933672,
            -6.263742127468585
          ]
        ]
      },
      "properties": {
        "@id": "way/564506026",
        "highway": "residential",
        "source_records": [
          {
            "file": "jalan_cikarang.geojson",
            "record": 133
          },
          {
            "file": "osm_cikarang_1km.geojson",
            "record": 133
          }
        ],
        "dataset_role": "osm_reference",
        "radius_m": 1000,
        "geometry_clipped": true,
        "center_status": "unverified_geocoded_station_reference"
      }
    },
    {
      "type": "Feature",
      "id": "osm:way/564506029",
      "geometry": {
        "type": "LineString",
        "coordinates": [
          [
            107.1407781,
            -6.262365199999999
          ],
          [
            107.14050998431162,
            -6.263118683722481
          ]
        ]
      },
      "properties": {
        "@id": "way/564506029",
        "highway": "living_street",
        "motorcar": "no",
        "motorcycle": "yes",
        "source_records": [
          {
            "file": "jalan_cikarang.geojson",
            "record": 134
          },
          {
            "file": "osm_cikarang_1km.geojson",
            "record": 134
          }
        ],
        "dataset_role": "osm_reference",
        "radius_m": 1000,
        "geometry_clipped": true,
        "center_status": "unverified_geocoded_station_reference"
      }
    },
    {
      "type": "Feature",
      "id": "osm:way/564506030",
      "geometry": {
        "type": "LineString",
        "coordinates": [
          [
            107.14440210000001,
            -6.2603442
          ],
          [
            107.1445727,
            -6.260462699999998
          ],
          [
            107.1446813,
            -6.260546700000001
          ],
          [
            107.1448691,
            -6.260696000000002
          ],
          [
            107.1450341,
            -6.260839999999999
          ],
          [
            107.1451454,
            -6.260920000000001
          ],
          [
            107.1451534,
            -6.2609373
          ],
          [
            107.1451521,
            -6.260962599999997
          ],
          [
            107.1450232,
            -6.261214800000001
          ],
          [
            107.1449511,
            -6.261365200000001
          ]
        ]
      },
      "properties": {
        "@id": "way/564506030",
        "highway": "residential",
        "surface": "unpaved",
        "source_records": [
          {
            "file": "export.geojson",
            "record": 54
          },
          {
            "file": "jalan_cikarang.geojson",
            "record": 135
          },
          {
            "file": "osm_cikarang_1km.geojson",
            "record": 135
          }
        ],
        "dataset_role": "osm_reference",
        "radius_m": 1000,
        "geometry_clipped": false,
        "center_status": "unverified_geocoded_station_reference"
      }
    },
    {
      "type": "Feature",
      "id": "osm:way/564506032",
      "geometry": {
        "type": "LineString",
        "coordinates": [
          [
            107.1513997,
            -6.257410599999998
          ],
          [
            107.1515378,
            -6.256942
          ]
        ]
      },
      "properties": {
        "@id": "way/564506032",
        "access": "private",
        "highway": "residential",
        "source_records": [
          {
            "file": "export.geojson",
            "record": 55
          },
          {
            "file": "jalan_cikarang.geojson",
            "record": 136
          },
          {
            "file": "osm_cikarang_1km.geojson",
            "record": 136
          }
        ],
        "dataset_role": "osm_reference",
        "radius_m": 1000,
        "geometry_clipped": false,
        "center_status": "unverified_geocoded_station_reference"
      }
    },
    {
      "type": "Feature",
      "id": "osm:way/564506033",
      "geometry": {
        "type": "LineString",
        "coordinates": [
          [
            107.152333,
            -6.254767
          ],
          [
            107.15168330000002,
            -6.254563699999999
          ],
          [
            107.1516746,
            -6.254555999999999
          ],
          [
            107.15167170000001,
            -6.254548699999998
          ],
          [
            107.15167250000002,
            -6.2545397
          ]
        ]
      },
      "properties": {
        "@id": "way/564506033",
        "highway": "living_street",
        "maxspeed": "5",
        "source_records": [
          {
            "file": "jalan_cikarang.geojson",
            "record": 137
          },
          {
            "file": "osm_cikarang_1km.geojson",
            "record": 137
          }
        ],
        "dataset_role": "osm_reference",
        "radius_m": 1000,
        "geometry_clipped": false,
        "center_status": "unverified_geocoded_station_reference"
      }
    },
    {
      "type": "Feature",
      "id": "osm:way/564506034",
      "geometry": {
        "type": "LineString",
        "coordinates": [
          [
            107.14921560000002,
            -6.2504963
          ],
          [
            107.14953420000002,
            -6.250474999999999
          ]
        ]
      },
      "properties": {
        "@id": "way/564506034",
        "highway": "living_street",
        "motorcycle": "yes",
        "source_records": [
          {
            "file": "jalan_cikarang.geojson",
            "record": 138
          },
          {
            "file": "osm_cikarang_1km.geojson",
            "record": 138
          }
        ],
        "dataset_role": "osm_reference",
        "radius_m": 1000,
        "geometry_clipped": false,
        "center_status": "unverified_geocoded_station_reference"
      }
    },
    {
      "type": "Feature",
      "id": "osm:way/564506035",
      "geometry": {
        "type": "LineString",
        "coordinates": [
          [
            107.14953420000002,
            -6.250474999999999
          ],
          [
            107.14955160000001,
            -6.2504663
          ],
          [
            107.14955900000001,
            -6.250453
          ],
          [
            107.14956100000002,
            -6.250438999999998
          ],
          [
            107.14956560000002,
            -6.2499065999999965
          ],
          [
            107.14956430000001,
            -6.249707100000001
          ],
          [
            107.1495481,
            -6.2494418000000005
          ]
        ]
      },
      "properties": {
        "@id": "way/564506035",
        "highway": "living_street",
        "motorcycle": "yes",
        "source_records": [
          {
            "file": "jalan_cikarang.geojson",
            "record": 139
          },
          {
            "file": "osm_cikarang_1km.geojson",
            "record": 139
          }
        ],
        "dataset_role": "osm_reference",
        "radius_m": 1000,
        "geometry_clipped": false,
        "center_status": "unverified_geocoded_station_reference"
      }
    },
    {
      "type": "Feature",
      "id": "osm:way/564506037",
      "geometry": {
        "type": "LineString",
        "coordinates": [
          [
            107.14223119999998,
            -6.249557799999999
          ],
          [
            107.14235769999999,
            -6.249220899999999
          ]
        ]
      },
      "properties": {
        "@id": "way/564506037",
        "highway": "residential",
        "source_records": [
          {
            "file": "jalan_cikarang.geojson",
            "record": 140
          },
          {
            "file": "osm_cikarang_1km.geojson",
            "record": 140
          }
        ],
        "dataset_role": "osm_reference",
        "radius_m": 1000,
        "geometry_clipped": false,
        "center_status": "unverified_geocoded_station_reference"
      }
    },
    {
      "type": "Feature",
      "id": "osm:way/564506038",
      "geometry": {
        "type": "LineString",
        "coordinates": [
          [
            107.1401302,
            -6.257610499999999
          ],
          [
            107.140595,
            -6.257795200000001
          ],
          [
            107.14083240000001,
            -6.257887199999999
          ],
          [
            107.1409812,
            -6.2579472
          ],
          [
            107.1411248,
            -6.257993800000001
          ],
          [
            107.1412428,
            -6.2580205
          ],
          [
            107.1413568,
            -6.258039200000001
          ],
          [
            107.1414506,
            -6.2580445
          ],
          [
            107.1414815,
            -6.258049200000002
          ],
          [
            107.14150430000001,
            -6.258031800000002
          ],
          [
            107.141624,
            -6.257736200000002
          ],
          [
            107.1416411,
            -6.2577207999999995
          ],
          [
            107.14166350000002,
            -6.2577135
          ],
          [
            107.141693,
            -6.257708499999999
          ],
          [
            107.1417138,
            -6.2576932
          ],
          [
            107.141737,
            -6.2576652
          ],
          [
            107.1417987,
            -6.257596499999999
          ],
          [
            107.1418959,
            -6.2574898999999995
          ]
        ]
      },
      "properties": {
        "@id": "way/564506038",
        "highway": "living_street",
        "motorcycle": "yes",
        "source_records": [
          {
            "file": "export.geojson",
            "record": 56
          },
          {
            "file": "jalan_cikarang.geojson",
            "record": 141
          },
          {
            "file": "osm_cikarang_1km.geojson",
            "record": 141
          }
        ],
        "dataset_role": "osm_reference",
        "radius_m": 1000,
        "geometry_clipped": false,
        "center_status": "unverified_geocoded_station_reference"
      }
    },
    {
      "type": "Feature",
      "id": "osm:way/564506039",
      "geometry": {
        "type": "LineString",
        "coordinates": [
          [
            107.1398353,
            -6.2582313
          ],
          [
            107.1404019,
            -6.2585271
          ],
          [
            107.1407077,
            -6.258737699999998
          ],
          [
            107.1411931,
            -6.258908299999999
          ]
        ]
      },
      "properties": {
        "@id": "way/564506039",
        "highway": "residential",
        "source_records": [
          {
            "file": "export.geojson",
            "record": 57
          },
          {
            "file": "jalan_cikarang.geojson",
            "record": 142
          },
          {
            "file": "osm_cikarang_1km.geojson",
            "record": 142
          }
        ],
        "dataset_role": "osm_reference",
        "radius_m": 1000,
        "geometry_clipped": false,
        "center_status": "unverified_geocoded_station_reference"
      }
    },
    {
      "type": "Feature",
      "id": "osm:way/564506041",
      "geometry": {
        "type": "LineString",
        "coordinates": [
          [
            107.1434663,
            -6.2554069
          ],
          [
            107.14350860000002,
            -6.2551176
          ],
          [
            107.14348779999999,
            -6.2550669999999995
          ],
          [
            107.14314039999998,
            -6.254927699999999
          ]
        ]
      },
      "properties": {
        "@id": "way/564506041",
        "highway": "service",
        "source_records": [
          {
            "file": "export.geojson",
            "record": 58
          },
          {
            "file": "jalan_cikarang.geojson",
            "record": 143
          },
          {
            "file": "osm_cikarang_1km.geojson",
            "record": 143
          }
        ],
        "dataset_role": "osm_reference",
        "radius_m": 1000,
        "geometry_clipped": false,
        "center_status": "unverified_geocoded_station_reference"
      }
    },
    {
      "type": "Feature",
      "id": "osm:way/564506042",
      "geometry": {
        "type": "LineString",
        "coordinates": [
          [
            107.14314039999998,
            -6.254927699999999
          ],
          [
            107.1429787,
            -6.2554745
          ],
          [
            107.1428804,
            -6.255806699999999
          ]
        ]
      },
      "properties": {
        "@id": "way/564506042",
        "highway": "service",
        "source_records": [
          {
            "file": "export.geojson",
            "record": 59
          },
          {
            "file": "jalan_cikarang.geojson",
            "record": 144
          },
          {
            "file": "osm_cikarang_1km.geojson",
            "record": 144
          }
        ],
        "dataset_role": "osm_reference",
        "radius_m": 1000,
        "geometry_clipped": false,
        "center_status": "unverified_geocoded_station_reference"
      }
    },
    {
      "type": "Feature",
      "id": "osm:way/564506043",
      "geometry": {
        "type": "LineString",
        "coordinates": [
          [
            107.141971,
            -6.2557428999999996
          ],
          [
            107.1420206,
            -6.255499600000001
          ],
          [
            107.1420474,
            -6.2553303
          ],
          [
            107.14210369999999,
            -6.255113
          ],
          [
            107.1421531,
            -6.254930700000001
          ]
        ]
      },
      "properties": {
        "@id": "way/564506043",
        "highway": "residential",
        "source_records": [
          {
            "file": "export.geojson",
            "record": 60
          },
          {
            "file": "jalan_cikarang.geojson",
            "record": 145
          },
          {
            "file": "osm_cikarang_1km.geojson",
            "record": 145
          }
        ],
        "dataset_role": "osm_reference",
        "radius_m": 1000,
        "geometry_clipped": false,
        "center_status": "unverified_geocoded_station_reference"
      }
    },
    {
      "type": "Feature",
      "id": "osm:way/564506044",
      "geometry": {
        "type": "LineString",
        "coordinates": [
          [
            107.1395074,
            -6.254842300000001
          ],
          [
            107.1394987,
            -6.2548829999999995
          ],
          [
            107.13946739999999,
            -6.255029300000001
          ],
          [
            107.139439,
            -6.255162300000001
          ]
        ]
      },
      "properties": {
        "@id": "way/564506044",
        "access": "private",
        "highway": "service",
        "source_records": [
          {
            "file": "export.geojson",
            "record": 61
          },
          {
            "file": "jalan_cikarang.geojson",
            "record": 146
          },
          {
            "file": "osm_cikarang_1km.geojson",
            "record": 146
          }
        ],
        "dataset_role": "osm_reference",
        "radius_m": 1000,
        "geometry_clipped": false,
        "center_status": "unverified_geocoded_station_reference"
      }
    },
    {
      "type": "Feature",
      "id": "osm:way/564506045",
      "geometry": {
        "type": "LineString",
        "coordinates": [
          [
            107.1398348,
            -6.257081900000001
          ],
          [
            107.1389071,
            -6.257009799999998
          ],
          [
            107.1380872,
            -6.256946
          ]
        ]
      },
      "properties": {
        "@id": "way/564506045",
        "highway": "service",
        "motorcar": "no",
        "source_records": [
          {
            "file": "export.geojson",
            "record": 62
          },
          {
            "file": "jalan_cikarang.geojson",
            "record": 147
          },
          {
            "file": "osm_cikarang_1km.geojson",
            "record": 147
          }
        ],
        "dataset_role": "osm_reference",
        "radius_m": 1000,
        "geometry_clipped": false,
        "center_status": "unverified_geocoded_station_reference"
      }
    },
    {
      "type": "Feature",
      "id": "osm:way/564506047",
      "geometry": {
        "type": "LineString",
        "coordinates": [
          [
            107.1416384,
            -6.263078299999999
          ],
          [
            107.1416624,
            -6.262138199999998
          ]
        ]
      },
      "properties": {
        "@id": "way/564506047",
        "highway": "residential",
        "source_records": [
          {
            "file": "jalan_cikarang.geojson",
            "record": 148
          },
          {
            "file": "osm_cikarang_1km.geojson",
            "record": 148
          }
        ],
        "dataset_role": "osm_reference",
        "radius_m": 1000,
        "geometry_clipped": false,
        "center_status": "unverified_geocoded_station_reference"
      }
    },
    {
      "type": "Feature",
      "id": "osm:way/564506050",
      "geometry": {
        "type": "LineString",
        "coordinates": [
          [
            107.14084142991499,
            -6.263303529420066
          ],
          [
            107.1412491,
            -6.263319599999999
          ],
          [
            107.1412683,
            -6.2633129
          ],
          [
            107.1412783,
            -6.263306900000001
          ],
          [
            107.141283,
            -6.263298600000001
          ],
          [
            107.1412854,
            -6.2632711
          ],
          [
            107.141288,
            -6.263200299999999
          ],
          [
            107.141298,
            -6.262278799999997
          ]
        ]
      },
      "properties": {
        "@id": "way/564506050",
        "highway": "residential",
        "source_records": [
          {
            "file": "jalan_cikarang.geojson",
            "record": 149
          },
          {
            "file": "osm_cikarang_1km.geojson",
            "record": 149
          }
        ],
        "dataset_role": "osm_reference",
        "radius_m": 1000,
        "geometry_clipped": true,
        "center_status": "unverified_geocoded_station_reference"
      }
    },
    {
      "type": "Feature",
      "id": "osm:way/564506051",
      "geometry": {
        "type": "LineString",
        "coordinates": [
          [
            107.1410497,
            -6.262396200000001
          ],
          [
            107.14075007545516,
            -6.263254401557872
          ]
        ]
      },
      "properties": {
        "@id": "way/564506051",
        "highway": "residential",
        "source_records": [
          {
            "file": "jalan_cikarang.geojson",
            "record": 150
          },
          {
            "file": "osm_cikarang_1km.geojson",
            "record": 150
          }
        ],
        "dataset_role": "osm_reference",
        "radius_m": 1000,
        "geometry_clipped": true,
        "center_status": "unverified_geocoded_station_reference"
      }
    },
    {
      "type": "Feature",
      "id": "osm:way/564506053",
      "geometry": {
        "type": "LineString",
        "coordinates": [
          [
            107.1489528,
            -6.258607
          ],
          [
            107.1499513,
            -6.258905099999997
          ]
        ]
      },
      "properties": {
        "@id": "way/564506053",
        "highway": "residential",
        "source_records": [
          {
            "file": "export.geojson",
            "record": 63
          },
          {
            "file": "jalan_cikarang.geojson",
            "record": 151
          },
          {
            "file": "osm_cikarang_1km.geojson",
            "record": 151
          }
        ],
        "dataset_role": "osm_reference",
        "radius_m": 1000,
        "geometry_clipped": false,
        "center_status": "unverified_geocoded_station_reference"
      }
    },
    {
      "type": "Feature",
      "id": "osm:way/564506054",
      "geometry": {
        "type": "LineString",
        "coordinates": [
          [
            107.14971720000001,
            -6.259585600000003
          ],
          [
            107.14968440000001,
            -6.259603599999999
          ],
          [
            107.14966020000001,
            -6.259604199999999
          ],
          [
            107.14962070000001,
            -6.2596016
          ],
          [
            107.14951470000001,
            -6.259558899999998
          ],
          [
            107.1492881,
            -6.2594863999999975
          ],
          [
            107.1489421,
            -6.259337600000001
          ],
          [
            107.1487081,
            -6.259213799999998
          ],
          [
            107.1486738,
            -6.2591936
          ],
          [
            107.1482537,
            -6.259044199999999
          ],
          [
            107.1479765,
            -6.2589457
          ]
        ]
      },
      "properties": {
        "@id": "way/564506054",
        "highway": "residential",
        "source_records": [
          {
            "file": "export.geojson",
            "record": 64
          },
          {
            "file": "jalan_cikarang.geojson",
            "record": 152
          },
          {
            "file": "osm_cikarang_1km.geojson",
            "record": 152
          }
        ],
        "dataset_role": "osm_reference",
        "radius_m": 1000,
        "geometry_clipped": false,
        "center_status": "unverified_geocoded_station_reference"
      }
    },
    {
      "type": "Feature",
      "id": "osm:way/564506055",
      "geometry": {
        "type": "LineString",
        "coordinates": [
          [
            107.1475925,
            -6.2586040999999994
          ],
          [
            107.1475634,
            -6.2587393
          ],
          [
            107.1475198,
            -6.258942300000003
          ],
          [
            107.1475124,
            -6.2589549999999985
          ],
          [
            107.14750040000001,
            -6.2589657
          ],
          [
            107.1474849,
            -6.258970999999999
          ],
          [
            107.1474668,
            -6.258968999999998
          ]
        ]
      },
      "properties": {
        "@id": "way/564506055",
        "access": "private",
        "highway": "service",
        "source_records": [
          {
            "file": "export.geojson",
            "record": 65
          },
          {
            "file": "jalan_cikarang.geojson",
            "record": 153
          },
          {
            "file": "osm_cikarang_1km.geojson",
            "record": 153
          }
        ],
        "dataset_role": "osm_reference",
        "radius_m": 1000,
        "geometry_clipped": false,
        "center_status": "unverified_geocoded_station_reference"
      }
    },
    {
      "type": "Feature",
      "id": "osm:way/564506056",
      "geometry": {
        "type": "LineString",
        "coordinates": [
          [
            107.1458092,
            -6.261617899999999
          ],
          [
            107.1460493,
            -6.261711200000001
          ],
          [
            107.1460962,
            -6.261728499999998
          ],
          [
            107.1461311,
            -6.261699199999999
          ],
          [
            107.1461807,
            -6.2616059
          ],
          [
            107.1462424,
            -6.261489899999999
          ],
          [
            107.1462263,
            -6.2614564999999995
          ],
          [
            107.1462585,
            -6.2614564999999995
          ],
          [
            107.1462732,
            -6.261458699999999
          ],
          [
            107.1465294,
            -6.2615479
          ],
          [
            107.1468365,
            -6.261597200000001
          ],
          [
            107.14684620000001,
            -6.261602900000001
          ],
          [
            107.14685300000001,
            -6.2616225
          ],
          [
            107.1468516,
            -6.261649899999998
          ],
          [
            107.14685600000001,
            -6.261720499999999
          ],
          [
            107.14685920000001,
            -6.261724400000001
          ],
          [
            107.14686630000001,
            -6.261726799999998
          ],
          [
            107.14710410000002,
            -6.2617538
          ]
        ]
      },
      "properties": {
        "@id": "way/564506056",
        "highway": "living_street",
        "motorcar": "no",
        "motorcycle": "yes",
        "source_records": [
          {
            "file": "export.geojson",
            "record": 66
          },
          {
            "file": "jalan_cikarang.geojson",
            "record": 154
          },
          {
            "file": "osm_cikarang_1km.geojson",
            "record": 154
          }
        ],
        "dataset_role": "osm_reference",
        "radius_m": 1000,
        "geometry_clipped": false,
        "center_status": "unverified_geocoded_station_reference"
      }
    },
    {
      "type": "Feature",
      "id": "osm:way/564506057",
      "geometry": {
        "type": "LineString",
        "coordinates": [
          [
            107.147077,
            -6.261249699999999
          ],
          [
            107.1469653,
            -6.2612406
          ],
          [
            107.1468365,
            -6.2612252999999995
          ],
          [
            107.1466783,
            -6.261192600000001
          ],
          [
            107.1465106,
            -6.261154
          ],
          [
            107.146351,
            -6.2611253
          ]
        ]
      },
      "properties": {
        "@id": "way/564506057",
        "highway": "residential",
        "motorcar": "no",
        "source_records": [
          {
            "file": "export.geojson",
            "record": 67
          },
          {
            "file": "jalan_cikarang.geojson",
            "record": 155
          },
          {
            "file": "osm_cikarang_1km.geojson",
            "record": 155
          }
        ],
        "dataset_role": "osm_reference",
        "radius_m": 1000,
        "geometry_clipped": false,
        "center_status": "unverified_geocoded_station_reference"
      }
    },
    {
      "type": "Feature",
      "id": "osm:way/564506058",
      "geometry": {
        "type": "LineString",
        "coordinates": [
          [
            107.1450703,
            -6.263276899999999
          ],
          [
            107.1450149,
            -6.2632636
          ],
          [
            107.14469750000002,
            -6.263204900000002
          ],
          [
            107.144621,
            -6.263186299999999
          ],
          [
            107.1442422,
            -6.263002999999999
          ],
          [
            107.1442204,
            -6.2630026
          ],
          [
            107.14420320000002,
            -6.263013699999998
          ],
          [
            107.14405370000001,
            -6.263231000000001
          ],
          [
            107.1440447,
            -6.263236999999999
          ],
          [
            107.1440309,
            -6.2632403
          ],
          [
            107.1439357,
            -6.263229000000001
          ],
          [
            107.14386459999999,
            -6.2632129999999995
          ],
          [
            107.1437949,
            -6.263199599999999
          ],
          [
            107.14372109999998,
            -6.263175600000001
          ],
          [
            107.14358369999998,
            -6.263112999999998
          ],
          [
            107.14349579999998,
            -6.2630796
          ],
          [
            107.14341599999999,
            -6.2630623000000005
          ],
          [
            107.14339659999999,
            -6.263059599999999
          ],
          [
            107.14335499999999,
            -6.263066299999999
          ],
          [
            107.14333419999998,
            -6.263065600000001
          ],
          [
            107.14326309999998,
            -6.2630381
          ]
        ]
      },
      "properties": {
        "@id": "way/564506058",
        "highway": "living_street",
        "source_records": [
          {
            "file": "jalan_cikarang.geojson",
            "record": 156
          },
          {
            "file": "osm_cikarang_1km.geojson",
            "record": 156
          }
        ],
        "dataset_role": "osm_reference",
        "radius_m": 1000,
        "geometry_clipped": false,
        "center_status": "unverified_geocoded_station_reference"
      }
    },
    {
      "type": "Feature",
      "id": "osm:way/564506059",
      "geometry": {
        "type": "LineString",
        "coordinates": [
          [
            107.14300969999998,
            -6.262449699999999
          ],
          [
            107.14258989999999,
            -6.262263100000001
          ]
        ]
      },
      "properties": {
        "@id": "way/564506059",
        "highway": "service",
        "source_records": [
          {
            "file": "jalan_cikarang.geojson",
            "record": 157
          },
          {
            "file": "osm_cikarang_1km.geojson",
            "record": 157
          }
        ],
        "dataset_role": "osm_reference",
        "radius_m": 1000,
        "geometry_clipped": false,
        "center_status": "unverified_geocoded_station_reference"
      }
    },
    {
      "type": "Feature",
      "id": "osm:way/564506061",
      "geometry": {
        "type": "LineString",
        "coordinates": [
          [
            107.14710410000002,
            -6.2617538
          ],
          [
            107.14727770000002,
            -6.261769899999998
          ],
          [
            107.14758350000001,
            -6.261783199999999
          ],
          [
            107.14774850000002,
            -6.261790500000001
          ]
        ]
      },
      "properties": {
        "@id": "way/564506061",
        "highway": "residential",
        "lanes": "1",
        "source_records": [
          {
            "file": "jalan_cikarang.geojson",
            "record": 158
          },
          {
            "file": "osm_cikarang_1km.geojson",
            "record": 158
          }
        ],
        "dataset_role": "osm_reference",
        "radius_m": 1000,
        "geometry_clipped": false,
        "center_status": "unverified_geocoded_station_reference"
      }
    },
    {
      "type": "Feature",
      "id": "osm:way/564506064",
      "geometry": {
        "type": "LineString",
        "coordinates": [
          [
            107.14981165875959,
            -6.263013546812757
          ],
          [
            107.1497916,
            -6.263007
          ],
          [
            107.1496086,
            -6.2629589
          ],
          [
            107.1492122,
            -6.262829600000001
          ],
          [
            107.1491318,
            -6.262751000000001
          ],
          [
            107.1490319,
            -6.262697099999999
          ],
          [
            107.1489434,
            -6.262657
          ],
          [
            107.1488267,
            -6.262613
          ],
          [
            107.1486416,
            -6.262542399999998
          ],
          [
            107.1483063,
            -6.2624314000000005
          ]
        ]
      },
      "properties": {
        "@id": "way/564506064",
        "highway": "residential",
        "source_records": [
          {
            "file": "jalan_cikarang.geojson",
            "record": 159
          },
          {
            "file": "osm_cikarang_1km.geojson",
            "record": 159
          }
        ],
        "dataset_role": "osm_reference",
        "radius_m": 1000,
        "geometry_clipped": true,
        "center_status": "unverified_geocoded_station_reference"
      }
    },
    {
      "type": "Feature",
      "id": "osm:way/564506065",
      "geometry": {
        "type": "LineString",
        "coordinates": [
          [
            107.14935780000002,
            -6.261836499999999
          ],
          [
            107.1490896,
            -6.261741199999999
          ]
        ]
      },
      "properties": {
        "@id": "way/564506065",
        "highway": "residential",
        "motorcar": "no",
        "source_records": [
          {
            "file": "jalan_cikarang.geojson",
            "record": 160
          },
          {
            "file": "osm_cikarang_1km.geojson",
            "record": 160
          }
        ],
        "dataset_role": "osm_reference",
        "radius_m": 1000,
        "geometry_clipped": false,
        "center_status": "unverified_geocoded_station_reference"
      }
    },
    {
      "type": "Feature",
      "id": "osm:way/564506066",
      "geometry": {
        "type": "LineString",
        "coordinates": [
          [
            107.14914580000001,
            -6.261408
          ],
          [
            107.14908290000001,
            -6.2616398
          ],
          [
            107.1490688,
            -6.2616849000000006
          ],
          [
            107.1490671,
            -6.2617062
          ],
          [
            107.1490731,
            -6.261724499999997
          ],
          [
            107.1490896,
            -6.261741199999999
          ]
        ]
      },
      "properties": {
        "@id": "way/564506066",
        "highway": "residential",
        "motorcar": "no",
        "source_records": [
          {
            "file": "export.geojson",
            "record": 68
          },
          {
            "file": "jalan_cikarang.geojson",
            "record": 161
          },
          {
            "file": "osm_cikarang_1km.geojson",
            "record": 161
          }
        ],
        "dataset_role": "osm_reference",
        "radius_m": 1000,
        "geometry_clipped": false,
        "center_status": "unverified_geocoded_station_reference"
      }
    },
    {
      "type": "Feature",
      "id": "osm:way/564506075",
      "geometry": {
        "type": "LineString",
        "coordinates": [
          [
            107.1481093,
            -6.263288599999998
          ],
          [
            107.148375,
            -6.2633847000000005
          ],
          [
            107.1485162,
            -6.2634358
          ],
          [
            107.1486664,
            -6.263490100000001
          ],
          [
            107.1488147,
            -6.263543799999999
          ],
          [
            107.14881612147093,
            -6.26354431377152
          ]
        ]
      },
      "properties": {
        "@id": "way/564506075",
        "highway": "residential",
        "source_records": [
          {
            "file": "jalan_cikarang.geojson",
            "record": 162
          },
          {
            "file": "osm_cikarang_1km.geojson",
            "record": 162
          }
        ],
        "dataset_role": "osm_reference",
        "radius_m": 1000,
        "geometry_clipped": true,
        "center_status": "unverified_geocoded_station_reference"
      }
    },
    {
      "type": "Feature",
      "id": "osm:way/564506076",
      "geometry": {
        "type": "LineString",
        "coordinates": [
          [
            107.14726470000001,
            -6.263477
          ],
          [
            107.1474547,
            -6.2634857
          ],
          [
            107.147644,
            -6.2634988
          ],
          [
            107.1477505,
            -6.263511799999998
          ],
          [
            107.1478478,
            -6.263526999999999
          ],
          [
            107.1480242,
            -6.263562799999999
          ],
          [
            107.1481544,
            -6.2635961
          ],
          [
            107.1483017,
            -6.263641100000001
          ],
          [
            107.1484478,
            -6.263699699999999
          ],
          [
            107.14845102533057,
            -6.263700949192788
          ]
        ]
      },
      "properties": {
        "@id": "way/564506076",
        "highway": "residential",
        "source_records": [
          {
            "file": "jalan_cikarang.geojson",
            "record": 163
          },
          {
            "file": "osm_cikarang_1km.geojson",
            "record": 163
          }
        ],
        "dataset_role": "osm_reference",
        "radius_m": 1000,
        "geometry_clipped": true,
        "center_status": "unverified_geocoded_station_reference"
      }
    },
    {
      "type": "Feature",
      "id": "osm:way/564506081",
      "geometry": {
        "type": "LineString",
        "coordinates": [
          [
            107.14898743876734,
            -6.263464066851866
          ],
          [
            107.1490351,
            -6.263329499999998
          ],
          [
            107.1491307,
            -6.2630597
          ],
          [
            107.1492122,
            -6.262829600000001
          ]
        ]
      },
      "properties": {
        "@id": "way/564506081",
        "highway": "residential",
        "source_records": [
          {
            "file": "jalan_cikarang.geojson",
            "record": 164
          },
          {
            "file": "osm_cikarang_1km.geojson",
            "record": 164
          }
        ],
        "dataset_role": "osm_reference",
        "radius_m": 1000,
        "geometry_clipped": true,
        "center_status": "unverified_geocoded_station_reference"
      }
    },
    {
      "type": "Feature",
      "id": "osm:way/564506083",
      "geometry": {
        "type": "LineString",
        "coordinates": [
          [
            107.1481775,
            -6.263030399999999
          ],
          [
            107.1484,
            -6.263107999999999
          ],
          [
            107.1486121,
            -6.263181999999998
          ],
          [
            107.14881930000001,
            -6.2632541999999995
          ],
          [
            107.1490351,
            -6.263329499999998
          ],
          [
            107.14916676693787,
            -6.2633754158296115
          ]
        ]
      },
      "properties": {
        "@id": "way/564506083",
        "highway": "residential",
        "source_records": [
          {
            "file": "jalan_cikarang.geojson",
            "record": 165
          },
          {
            "file": "osm_cikarang_1km.geojson",
            "record": 165
          }
        ],
        "dataset_role": "osm_reference",
        "radius_m": 1000,
        "geometry_clipped": true,
        "center_status": "unverified_geocoded_station_reference"
      }
    },
    {
      "type": "Feature",
      "id": "osm:way/564506084",
      "geometry": {
        "type": "LineString",
        "coordinates": [
          [
            107.1482336,
            -6.262737900000001
          ],
          [
            107.1491307,
            -6.2630597
          ],
          [
            107.1495052978461,
            -6.263194105384667
          ]
        ]
      },
      "properties": {
        "@id": "way/564506084",
        "highway": "residential",
        "name": "Jalan Manggis",
        "source_records": [
          {
            "file": "jalan_cikarang.geojson",
            "record": 166
          },
          {
            "file": "osm_cikarang_1km.geojson",
            "record": 166
          }
        ],
        "dataset_role": "osm_reference",
        "radius_m": 1000,
        "geometry_clipped": true,
        "center_status": "unverified_geocoded_station_reference"
      }
    },
    {
      "type": "Feature",
      "id": "osm:way/564506085",
      "geometry": {
        "type": "LineString",
        "coordinates": [
          [
            107.1490319,
            -6.262697099999999
          ],
          [
            107.1490547,
            -6.262656999999999
          ],
          [
            107.1490822,
            -6.262601699999999
          ],
          [
            107.1491345,
            -6.262491699999998
          ],
          [
            107.1491385,
            -6.262471400000001
          ],
          [
            107.1491372,
            -6.262456399999998
          ],
          [
            107.1491291,
            -6.2624436999999995
          ],
          [
            107.1491161,
            -6.2624341
          ],
          [
            107.14844840000002,
            -6.2620987999999995
          ],
          [
            107.1483761,
            -6.262062499999998
          ]
        ]
      },
      "properties": {
        "@id": "way/564506085",
        "highway": "living_street",
        "motorcycle": "yes",
        "source_records": [
          {
            "file": "jalan_cikarang.geojson",
            "record": 167
          },
          {
            "file": "osm_cikarang_1km.geojson",
            "record": 167
          }
        ],
        "dataset_role": "osm_reference",
        "radius_m": 1000,
        "geometry_clipped": false,
        "center_status": "unverified_geocoded_station_reference"
      }
    },
    {
      "type": "Feature",
      "id": "osm:way/564506087",
      "geometry": {
        "type": "LineString",
        "coordinates": [
          [
            107.14774850000002,
            -6.261790500000001
          ],
          [
            107.14808110000001,
            -6.261905199999999
          ],
          [
            107.1483761,
            -6.262062499999998
          ]
        ]
      },
      "properties": {
        "@id": "way/564506087",
        "highway": "living_street",
        "motorcycle": "yes",
        "source_records": [
          {
            "file": "jalan_cikarang.geojson",
            "record": 168
          },
          {
            "file": "osm_cikarang_1km.geojson",
            "record": 168
          }
        ],
        "dataset_role": "osm_reference",
        "radius_m": 1000,
        "geometry_clipped": false,
        "center_status": "unverified_geocoded_station_reference"
      }
    },
    {
      "type": "Feature",
      "id": "osm:way/564506088",
      "geometry": {
        "type": "LineString",
        "coordinates": [
          [
            107.14774850000002,
            -6.261790500000001
          ],
          [
            107.14789600000002,
            -6.261510600000001
          ],
          [
            107.14797380000002,
            -6.2613772
          ],
          [
            107.14805160000002,
            -6.261317299999999
          ],
          [
            107.14817500000001,
            -6.261290599999998
          ],
          [
            107.14827690000001,
            -6.2612866
          ],
          [
            107.14849680000002,
            -6.2613025
          ],
          [
            107.14914580000001,
            -6.261408
          ],
          [
            107.14928,
            -6.261418599999999
          ],
          [
            107.1494436,
            -6.261429199999999
          ],
          [
            107.1496307,
            -6.261427899999998
          ],
          [
            107.1496803,
            -6.261411900000001
          ],
          [
            107.1497186,
            -6.2614013
          ],
          [
            107.14979500000001,
            -6.261399299999997
          ],
          [
            107.1498801,
            -6.261411899999997
          ],
          [
            107.149952,
            -6.261432599999999
          ],
          [
            107.1501316,
            -6.2615384999999995
          ],
          [
            107.1502241,
            -6.2615970999999995
          ],
          [
            107.1502791,
            -6.261631900000002
          ],
          [
            107.150377,
            -6.261721199999998
          ],
          [
            107.1504414,
            -6.2617772
          ],
          [
            107.1505233,
            -6.261825899999999
          ]
        ]
      },
      "properties": {
        "@id": "way/564506088",
        "highway": "residential",
        "lanes": "1",
        "source_records": [
          {
            "file": "export.geojson",
            "record": 69
          },
          {
            "file": "jalan_cikarang.geojson",
            "record": 169
          },
          {
            "file": "osm_cikarang_1km.geojson",
            "record": 169
          }
        ],
        "dataset_role": "osm_reference",
        "radius_m": 1000,
        "geometry_clipped": false,
        "center_status": "unverified_geocoded_station_reference"
      }
    },
    {
      "type": "Feature",
      "id": "osm:way/564506091",
      "geometry": {
        "type": "LineString",
        "coordinates": [
          [
            107.1480242,
            -6.263562799999999
          ],
          [
            107.1481093,
            -6.263288599999998
          ],
          [
            107.1481441,
            -6.263168899999999
          ],
          [
            107.1481775,
            -6.263030399999999
          ],
          [
            107.1482018,
            -6.262877
          ],
          [
            107.1482179,
            -6.262795699999998
          ],
          [
            107.1482336,
            -6.262737900000001
          ],
          [
            107.1482594,
            -6.2626196999999975
          ],
          [
            107.1482755,
            -6.262541099999999
          ],
          [
            107.1482881,
            -6.2624901999999985
          ],
          [
            107.1483063,
            -6.2624314000000005
          ],
          [
            107.1483761,
            -6.262062499999998
          ]
        ]
      },
      "properties": {
        "@id": "way/564506091",
        "highway": "residential",
        "source_records": [
          {
            "file": "jalan_cikarang.geojson",
            "record": 170
          },
          {
            "file": "osm_cikarang_1km.geojson",
            "record": 170
          }
        ],
        "dataset_role": "osm_reference",
        "radius_m": 1000,
        "geometry_clipped": false,
        "center_status": "unverified_geocoded_station_reference"
      }
    },
    {
      "type": "Feature",
      "id": "osm:way/564506092",
      "geometry": {
        "type": "LineString",
        "coordinates": [
          [
            107.14708850000001,
            -6.2574993
          ],
          [
            107.1467842,
            -6.257730500000001
          ]
        ]
      },
      "properties": {
        "@id": "way/564506092",
        "access": "destination",
        "highway": "service",
        "oneway": "yes",
        "source_records": [
          {
            "file": "export.geojson",
            "record": 70
          },
          {
            "file": "jalan_cikarang.geojson",
            "record": 171
          },
          {
            "file": "osm_cikarang_1km.geojson",
            "record": 171
          }
        ],
        "dataset_role": "osm_reference",
        "radius_m": 1000,
        "geometry_clipped": false,
        "center_status": "unverified_geocoded_station_reference"
      }
    },
    {
      "type": "Feature",
      "id": "osm:way/564506093",
      "geometry": {
        "type": "LineString",
        "coordinates": [
          [
            107.1467842,
            -6.257730500000001
          ],
          [
            107.1470846,
            -6.257805899999998
          ],
          [
            107.1471215,
            -6.2578103
          ]
        ]
      },
      "properties": {
        "@id": "way/564506093",
        "access": "destination",
        "highway": "service",
        "oneway": "yes",
        "source_records": [
          {
            "file": "export.geojson",
            "record": 71
          },
          {
            "file": "jalan_cikarang.geojson",
            "record": 172
          },
          {
            "file": "osm_cikarang_1km.geojson",
            "record": 172
          }
        ],
        "dataset_role": "osm_reference",
        "radius_m": 1000,
        "geometry_clipped": false,
        "center_status": "unverified_geocoded_station_reference"
      }
    },
    {
      "type": "Feature",
      "id": "osm:way/564506094",
      "geometry": {
        "type": "LineString",
        "coordinates": [
          [
            107.1421153,
            -6.263212599999998
          ],
          [
            107.1423525,
            -6.262744399999999
          ],
          [
            107.14240579999999,
            -6.2626406
          ],
          [
            107.14247389999998,
            -6.2625077
          ],
          [
            107.14258989999999,
            -6.262263100000001
          ],
          [
            107.14276759999998,
            -6.2618412
          ],
          [
            107.142914,
            -6.261405600000002
          ]
        ]
      },
      "properties": {
        "@id": "way/564506094",
        "highway": "residential",
        "source_records": [
          {
            "file": "export.geojson",
            "record": 72
          },
          {
            "file": "jalan_cikarang.geojson",
            "record": 173
          },
          {
            "file": "osm_cikarang_1km.geojson",
            "record": 173
          }
        ],
        "dataset_role": "osm_reference",
        "radius_m": 1000,
        "geometry_clipped": false,
        "center_status": "unverified_geocoded_station_reference"
      }
    },
    {
      "type": "Feature",
      "id": "osm:way/564506095",
      "geometry": {
        "type": "LineString",
        "coordinates": [
          [
            107.1524994,
            -6.252975599999999
          ],
          [
            107.1525402,
            -6.252838599999997
          ],
          [
            107.1525443,
            -6.252808000000002
          ],
          [
            107.15254090000002,
            -6.252787999999999
          ],
          [
            107.1525014,
            -6.252737299999998
          ]
        ]
      },
      "properties": {
        "@id": "way/564506095",
        "highway": "residential",
        "source_records": [
          {
            "file": "jalan_cikarang.geojson",
            "record": 174
          },
          {
            "file": "osm_cikarang_1km.geojson",
            "record": 174
          }
        ],
        "dataset_role": "osm_reference",
        "radius_m": 1000,
        "geometry_clipped": false,
        "center_status": "unverified_geocoded_station_reference"
      }
    },
    {
      "type": "Feature",
      "id": "osm:way/564506096",
      "geometry": {
        "type": "LineString",
        "coordinates": [
          [
            107.1529991,
            -6.254715200000001
          ],
          [
            107.15305220000002,
            -6.2545790000000006
          ],
          [
            107.15310020000001,
            -6.2544581
          ]
        ]
      },
      "properties": {
        "@id": "way/564506096",
        "highway": "living_street",
        "motorcycle": "yes",
        "oneway": "no",
        "source_records": [
          {
            "file": "jalan_cikarang.geojson",
            "record": 175
          },
          {
            "file": "osm_cikarang_1km.geojson",
            "record": 175
          }
        ],
        "dataset_role": "osm_reference",
        "radius_m": 1000,
        "geometry_clipped": false,
        "center_status": "unverified_geocoded_station_reference"
      }
    },
    {
      "type": "Feature",
      "id": "osm:way/564506097",
      "geometry": {
        "type": "LineString",
        "coordinates": [
          [
            107.15285,
            -6.254998500000001
          ],
          [
            107.1528799,
            -6.254987600000001
          ],
          [
            107.15289190000001,
            -6.254973999999999
          ],
          [
            107.152904,
            -6.2549473
          ],
          [
            107.1529362,
            -6.254868000000001
          ],
          [
            107.1529704,
            -6.254789699999999
          ],
          [
            107.1529991,
            -6.254715200000001
          ]
        ]
      },
      "properties": {
        "@id": "way/564506097",
        "highway": "living_street",
        "motorcycle": "yes",
        "oneway": "no",
        "source_records": [
          {
            "file": "jalan_cikarang.geojson",
            "record": 176
          },
          {
            "file": "osm_cikarang_1km.geojson",
            "record": 176
          }
        ],
        "dataset_role": "osm_reference",
        "radius_m": 1000,
        "geometry_clipped": false,
        "center_status": "unverified_geocoded_station_reference"
      }
    },
    {
      "type": "Feature",
      "id": "osm:way/564506098",
      "geometry": {
        "type": "LineString",
        "coordinates": [
          [
            107.1529251,
            -6.2522161
          ],
          [
            107.15285810000002,
            -6.2524590999999985
          ]
        ]
      },
      "properties": {
        "@id": "way/564506098",
        "highway": "residential",
        "source_records": [
          {
            "file": "jalan_cikarang.geojson",
            "record": 177
          },
          {
            "file": "osm_cikarang_1km.geojson",
            "record": 177
          }
        ],
        "dataset_role": "osm_reference",
        "radius_m": 1000,
        "geometry_clipped": false,
        "center_status": "unverified_geocoded_station_reference"
      }
    },
    {
      "type": "Feature",
      "id": "osm:way/564506099",
      "geometry": {
        "type": "LineString",
        "coordinates": [
          [
            107.1513634,
            -6.254033799999998
          ],
          [
            107.1515605,
            -6.253567899999998
          ]
        ]
      },
      "properties": {
        "@id": "way/564506099",
        "highway": "living_street",
        "motorcycle": "yes",
        "source_records": [
          {
            "file": "jalan_cikarang.geojson",
            "record": 178
          },
          {
            "file": "osm_cikarang_1km.geojson",
            "record": 178
          }
        ],
        "dataset_role": "osm_reference",
        "radius_m": 1000,
        "geometry_clipped": false,
        "center_status": "unverified_geocoded_station_reference"
      }
    },
    {
      "type": "Feature",
      "id": "osm:way/564506100",
      "geometry": {
        "type": "LineString",
        "coordinates": [
          [
            107.1510133,
            -6.253882400000001
          ],
          [
            107.1510321,
            -6.2538791
          ],
          [
            107.1513634,
            -6.254033799999998
          ],
          [
            107.15147840000002,
            -6.254108799999999
          ],
          [
            107.1514834,
            -6.2541148
          ],
          [
            107.1514831,
            -6.254123800000001
          ],
          [
            107.1514709,
            -6.2541963
          ],
          [
            107.1514694,
            -6.254210100000002
          ],
          [
            107.15147220000001,
            -6.2542191
          ],
          [
            107.15148210000001,
            -6.2542281
          ],
          [
            107.15172260000001,
            -6.254296799999998
          ],
          [
            107.151761,
            -6.254307799999999
          ],
          [
            107.15167250000002,
            -6.2545397
          ]
        ]
      },
      "properties": {
        "@id": "way/564506100",
        "highway": "living_street",
        "maxspeed": "5",
        "source_records": [
          {
            "file": "jalan_cikarang.geojson",
            "record": 179
          },
          {
            "file": "osm_cikarang_1km.geojson",
            "record": 179
          }
        ],
        "dataset_role": "osm_reference",
        "radius_m": 1000,
        "geometry_clipped": false,
        "center_status": "unverified_geocoded_station_reference"
      }
    },
    {
      "type": "Feature",
      "id": "osm:way/564506101",
      "geometry": {
        "type": "LineString",
        "coordinates": [
          [
            107.1499978,
            -6.2565797000000005
          ],
          [
            107.15005989999999,
            -6.256228799999998
          ],
          [
            107.1500624,
            -6.256219799999999
          ],
          [
            107.1500667,
            -6.256214599999998
          ],
          [
            107.1500734,
            -6.256212399999998
          ],
          [
            107.15011030000001,
            -6.256211000000001
          ],
          [
            107.1501152,
            -6.2562085
          ],
          [
            107.1501172,
            -6.2562017999999995
          ],
          [
            107.1501732,
            -6.255954200000001
          ],
          [
            107.1502148,
            -6.255804800000002
          ],
          [
            107.15026300000001,
            -6.255662199999999
          ],
          [
            107.1503744,
            -6.255399599999999
          ],
          [
            107.1505232,
            -6.2549796
          ]
        ]
      },
      "properties": {
        "@id": "way/564506101",
        "highway": "living_street",
        "maxspeed": "5",
        "motorcar": "no",
        "source_records": [
          {
            "file": "export.geojson",
            "record": 73
          },
          {
            "file": "jalan_cikarang.geojson",
            "record": 180
          },
          {
            "file": "osm_cikarang_1km.geojson",
            "record": 180
          }
        ],
        "dataset_role": "osm_reference",
        "radius_m": 1000,
        "geometry_clipped": false,
        "center_status": "unverified_geocoded_station_reference"
      }
    },
    {
      "type": "Feature",
      "id": "osm:way/564506102",
      "geometry": {
        "type": "LineString",
        "coordinates": [
          [
            107.14864410000001,
            -6.254876999999999
          ],
          [
            107.1492867,
            -6.255095599999998
          ],
          [
            107.14933830000001,
            -6.255102599999999
          ],
          [
            107.1493739,
            -6.2550996
          ],
          [
            107.14943050000001,
            -6.255103999999999
          ],
          [
            107.14961460000002,
            -6.255176199999999
          ]
        ]
      },
      "properties": {
        "@id": "way/564506102",
        "highway": "living_street",
        "motorcar": "destination",
        "motorcycle": "yes",
        "source_records": [
          {
            "file": "export.geojson",
            "record": 74
          },
          {
            "file": "jalan_cikarang.geojson",
            "record": 181
          },
          {
            "file": "osm_cikarang_1km.geojson",
            "record": 181
          }
        ],
        "dataset_role": "osm_reference",
        "radius_m": 1000,
        "geometry_clipped": false,
        "center_status": "unverified_geocoded_station_reference"
      }
    },
    {
      "type": "Feature",
      "id": "osm:way/564506103",
      "geometry": {
        "type": "LineString",
        "coordinates": [
          [
            107.1510133,
            -6.253882400000001
          ],
          [
            107.1510047,
            -6.253890499999997
          ],
          [
            107.1508236,
            -6.254439699999998
          ],
          [
            107.1506238,
            -6.254945700000001
          ],
          [
            107.15060770000001,
            -6.2549649999999986
          ],
          [
            107.1505862,
            -6.254977599999999
          ],
          [
            107.1505232,
            -6.2549796
          ]
        ]
      },
      "properties": {
        "@id": "way/564506103",
        "highway": "living_street",
        "maxspeed": "5",
        "source_records": [
          {
            "file": "export.geojson",
            "record": 75
          },
          {
            "file": "jalan_cikarang.geojson",
            "record": 182
          },
          {
            "file": "osm_cikarang_1km.geojson",
            "record": 182
          }
        ],
        "dataset_role": "osm_reference",
        "radius_m": 1000,
        "geometry_clipped": false,
        "center_status": "unverified_geocoded_station_reference"
      }
    },
    {
      "type": "Feature",
      "id": "osm:way/564506104",
      "geometry": {
        "type": "LineString",
        "coordinates": [
          [
            107.1485277,
            -6.255242299999999
          ],
          [
            107.1485082,
            -6.255296899999999
          ],
          [
            107.1484981,
            -6.2553189
          ],
          [
            107.1484971,
            -6.255335900000002
          ],
          [
            107.1485052,
            -6.255355899999998
          ],
          [
            107.148524,
            -6.255370599999999
          ],
          [
            107.14870770000002,
            -6.255442899999999
          ],
          [
            107.1487295,
            -6.2554542
          ],
          [
            107.1487436,
            -6.255466200000002
          ],
          [
            107.14874959999999,
            -6.255483599999999
          ],
          [
            107.1487516,
            -6.255543899999999
          ],
          [
            107.14875729999999,
            -6.2555759
          ],
          [
            107.14876769999998,
            -6.255602199999999
          ],
          [
            107.1487959,
            -6.2556502
          ],
          [
            107.14883810000002,
            -6.2557029
          ],
          [
            107.148873,
            -6.255726899999999
          ],
          [
            107.1489434,
            -6.255770200000001
          ],
          [
            107.14897889999999,
            -6.255799499999998
          ],
          [
            107.14900299999998,
            -6.255834899999997
          ],
          [
            107.14901580000002,
            -6.255869500000002
          ],
          [
            107.1490253,
            -6.2559035000000005
          ],
          [
            107.14903590000002,
            -6.2559529000000005
          ],
          [
            107.1490332,
            -6.2560047999999995
          ],
          [
            107.1489372,
            -6.256309399999998
          ]
        ]
      },
      "properties": {
        "@id": "way/564506104",
        "highway": "residential",
        "source_records": [
          {
            "file": "export.geojson",
            "record": 76
          },
          {
            "file": "jalan_cikarang.geojson",
            "record": 183
          },
          {
            "file": "osm_cikarang_1km.geojson",
            "record": 183
          }
        ],
        "dataset_role": "osm_reference",
        "radius_m": 1000,
        "geometry_clipped": false,
        "center_status": "unverified_geocoded_station_reference"
      }
    },
    {
      "type": "Feature",
      "id": "osm:way/564506105",
      "geometry": {
        "type": "LineString",
        "coordinates": [
          [
            107.1485277,
            -6.255242299999999
          ],
          [
            107.14777730000002,
            -6.2549317
          ],
          [
            107.14775920000001,
            -6.254916999999997
          ],
          [
            107.1477579,
            -6.254903700000001
          ],
          [
            107.1477686,
            -6.2548723
          ]
        ]
      },
      "properties": {
        "@id": "way/564506105",
        "highway": "residential",
        "source_records": [
          {
            "file": "export.geojson",
            "record": 77
          },
          {
            "file": "jalan_cikarang.geojson",
            "record": 184
          },
          {
            "file": "osm_cikarang_1km.geojson",
            "record": 184
          }
        ],
        "dataset_role": "osm_reference",
        "radius_m": 1000,
        "geometry_clipped": false,
        "center_status": "unverified_geocoded_station_reference"
      }
    },
    {
      "type": "Feature",
      "id": "osm:way/564506106",
      "geometry": {
        "type": "LineString",
        "coordinates": [
          [
            107.14862620000001,
            -6.254930999999999
          ],
          [
            107.1485277,
            -6.255242299999999
          ]
        ]
      },
      "properties": {
        "@id": "way/564506106",
        "highway": "residential",
        "source_records": [
          {
            "file": "export.geojson",
            "record": 78
          },
          {
            "file": "jalan_cikarang.geojson",
            "record": 185
          },
          {
            "file": "osm_cikarang_1km.geojson",
            "record": 185
          }
        ],
        "dataset_role": "osm_reference",
        "radius_m": 1000,
        "geometry_clipped": false,
        "center_status": "unverified_geocoded_station_reference"
      }
    },
    {
      "type": "Feature",
      "id": "osm:way/564506107",
      "geometry": {
        "type": "LineString",
        "coordinates": [
          [
            107.14780350000001,
            -6.254772999999998
          ],
          [
            107.14779150000001,
            -6.254807199999999
          ],
          [
            107.1477686,
            -6.2548723
          ]
        ]
      },
      "properties": {
        "@id": "way/564506107",
        "highway": "residential",
        "source_records": [
          {
            "file": "export.geojson",
            "record": 79
          },
          {
            "file": "jalan_cikarang.geojson",
            "record": 186
          },
          {
            "file": "osm_cikarang_1km.geojson",
            "record": 186
          }
        ],
        "dataset_role": "osm_reference",
        "radius_m": 1000,
        "geometry_clipped": false,
        "center_status": "unverified_geocoded_station_reference"
      }
    },
    {
      "type": "Feature",
      "id": "osm:way/564506108",
      "geometry": {
        "type": "LineString",
        "coordinates": [
          [
            107.14862620000001,
            -6.254930999999999
          ],
          [
            107.1482313,
            -6.2547733
          ],
          [
            107.1478665,
            -6.2546443
          ]
        ]
      },
      "properties": {
        "@id": "way/564506108",
        "highway": "residential",
        "source_records": [
          {
            "file": "export.geojson",
            "record": 80
          },
          {
            "file": "jalan_cikarang.geojson",
            "record": 187
          },
          {
            "file": "osm_cikarang_1km.geojson",
            "record": 187
          }
        ],
        "dataset_role": "osm_reference",
        "radius_m": 1000,
        "geometry_clipped": false,
        "center_status": "unverified_geocoded_station_reference"
      }
    },
    {
      "type": "Feature",
      "id": "osm:way/564506109",
      "geometry": {
        "type": "LineString",
        "coordinates": [
          [
            107.1471208,
            -6.254469099999997
          ],
          [
            107.1474695,
            -6.254621
          ]
        ]
      },
      "properties": {
        "@id": "way/564506109",
        "highway": "living_street",
        "motorcar": "no",
        "source_records": [
          {
            "file": "jalan_cikarang.geojson",
            "record": 188
          },
          {
            "file": "osm_cikarang_1km.geojson",
            "record": 188
          }
        ],
        "dataset_role": "osm_reference",
        "radius_m": 1000,
        "geometry_clipped": false,
        "center_status": "unverified_geocoded_station_reference"
      }
    },
    {
      "type": "Feature",
      "id": "osm:way/564506110",
      "geometry": {
        "type": "LineString",
        "coordinates": [
          [
            107.147327,
            -6.2539875999999985
          ],
          [
            107.1471208,
            -6.254469099999997
          ],
          [
            107.1470498,
            -6.254592400000002
          ],
          [
            107.1470216,
            -6.2546204
          ],
          [
            107.1469991,
            -6.2546267
          ],
          [
            107.1469713,
            -6.2546203999999985
          ],
          [
            107.1468714,
            -6.254572000000001
          ],
          [
            107.1468603,
            -6.254572199999997
          ],
          [
            107.1468511,
            -6.254575699999999
          ],
          [
            107.1468382,
            -6.254582499999998
          ]
        ]
      },
      "properties": {
        "@id": "way/564506110",
        "highway": "living_street",
        "motorcycle": "yes",
        "source_records": [
          {
            "file": "jalan_cikarang.geojson",
            "record": 189
          },
          {
            "file": "osm_cikarang_1km.geojson",
            "record": 189
          }
        ],
        "dataset_role": "osm_reference",
        "radius_m": 1000,
        "geometry_clipped": false,
        "center_status": "unverified_geocoded_station_reference"
      }
    },
    {
      "type": "Feature",
      "id": "osm:way/564506111",
      "geometry": {
        "type": "LineString",
        "coordinates": [
          [
            107.1462743,
            -6.2553436
          ],
          [
            107.14641340000001,
            -6.255011200000002
          ],
          [
            107.1464838,
            -6.254847599999998
          ]
        ]
      },
      "properties": {
        "@id": "way/564506111",
        "highway": "residential",
        "source_records": [
          {
            "file": "export.geojson",
            "record": 81
          },
          {
            "file": "jalan_cikarang.geojson",
            "record": 190
          },
          {
            "file": "osm_cikarang_1km.geojson",
            "record": 190
          }
        ],
        "dataset_role": "osm_reference",
        "radius_m": 1000,
        "geometry_clipped": false,
        "center_status": "unverified_geocoded_station_reference"
      }
    },
    {
      "type": "Feature",
      "id": "osm:way/564506112",
      "geometry": {
        "type": "LineString",
        "coordinates": [
          [
            107.1459085,
            -6.254576999999999
          ],
          [
            107.1463193,
            -6.254766400000001
          ],
          [
            107.1464838,
            -6.254847599999998
          ]
        ]
      },
      "properties": {
        "@id": "way/564506112",
        "highway": "living_street",
        "motorcycle": "yes",
        "source_records": [
          {
            "file": "jalan_cikarang.geojson",
            "record": 191
          },
          {
            "file": "osm_cikarang_1km.geojson",
            "record": 191
          }
        ],
        "dataset_role": "osm_reference",
        "radius_m": 1000,
        "geometry_clipped": false,
        "center_status": "unverified_geocoded_station_reference"
      }
    },
    {
      "type": "Feature",
      "id": "osm:way/564506113",
      "geometry": {
        "type": "LineString",
        "coordinates": [
          [
            107.1464168,
            -6.253649200000001
          ],
          [
            107.1460949,
            -6.254059799999999
          ],
          [
            107.1460815,
            -6.254074499999995
          ],
          [
            107.1460697,
            -6.254078099999998
          ],
          [
            107.146056,
            -6.2540758
          ]
        ]
      },
      "properties": {
        "@id": "way/564506113",
        "highway": "living_street",
        "motorcycle": "yes",
        "source_records": [
          {
            "file": "jalan_cikarang.geojson",
            "record": 192
          },
          {
            "file": "osm_cikarang_1km.geojson",
            "record": 192
          }
        ],
        "dataset_role": "osm_reference",
        "radius_m": 1000,
        "geometry_clipped": false,
        "center_status": "unverified_geocoded_station_reference"
      }
    },
    {
      "type": "Feature",
      "id": "osm:way/564506114",
      "geometry": {
        "type": "LineString",
        "coordinates": [
          [
            107.1456982,
            -6.253900099999999
          ],
          [
            107.146056,
            -6.2540758
          ]
        ]
      },
      "properties": {
        "@id": "way/564506114",
        "highway": "living_street",
        "motorcycle": "yes",
        "source_records": [
          {
            "file": "jalan_cikarang.geojson",
            "record": 193
          },
          {
            "file": "osm_cikarang_1km.geojson",
            "record": 193
          }
        ],
        "dataset_role": "osm_reference",
        "radius_m": 1000,
        "geometry_clipped": false,
        "center_status": "unverified_geocoded_station_reference"
      }
    },
    {
      "type": "Feature",
      "id": "osm:way/564506116",
      "geometry": {
        "type": "LineString",
        "coordinates": [
          [
            107.1479859,
            -6.2504163
          ],
          [
            107.14833650000001,
            -6.250171699999999
          ],
          [
            107.14835000000001,
            -6.2501627
          ],
          [
            107.14836950000002,
            -6.250155299999999
          ],
          [
            107.14838780000001,
            -6.250155500000001
          ],
          [
            107.14840760000001,
            -6.250172099999999
          ],
          [
            107.14860560000001,
            -6.250491999999999
          ]
        ]
      },
      "properties": {
        "@id": "way/564506116",
        "highway": "living_street",
        "motorcycle": "yes",
        "source_records": [
          {
            "file": "jalan_cikarang.geojson",
            "record": 194
          },
          {
            "file": "osm_cikarang_1km.geojson",
            "record": 194
          }
        ],
        "dataset_role": "osm_reference",
        "radius_m": 1000,
        "geometry_clipped": false,
        "center_status": "unverified_geocoded_station_reference"
      }
    },
    {
      "type": "Feature",
      "id": "osm:way/564506117",
      "geometry": {
        "type": "LineString",
        "coordinates": [
          [
            107.14819240000001,
            -6.250750999999999
          ],
          [
            107.14860560000001,
            -6.250491999999999
          ],
          [
            107.14889730000002,
            -6.2503089
          ],
          [
            107.14890900000002,
            -6.250298400000001
          ],
          [
            107.14891250000001,
            -6.2502902
          ],
          [
            107.14891410000001,
            -6.250283399999998
          ],
          [
            107.14891050000001,
            -6.250270000000001
          ],
          [
            107.14889610000002,
            -6.250246699999997
          ],
          [
            107.14887570000002,
            -6.250220399999999
          ],
          [
            107.14886860000001,
            -6.250208399999997
          ],
          [
            107.14886430000001,
            -6.250195399999998
          ],
          [
            107.14885480000001,
            -6.2500764
          ],
          [
            107.14886690000002,
            -6.249853699999999
          ]
        ]
      },
      "properties": {
        "@id": "way/564506117",
        "highway": "living_street",
        "motorcycle": "yes",
        "source_records": [
          {
            "file": "jalan_cikarang.geojson",
            "record": 195
          },
          {
            "file": "osm_cikarang_1km.geojson",
            "record": 195
          }
        ],
        "dataset_role": "osm_reference",
        "radius_m": 1000,
        "geometry_clipped": false,
        "center_status": "unverified_geocoded_station_reference"
      }
    },
    {
      "type": "Feature",
      "id": "osm:way/564506118",
      "geometry": {
        "type": "LineString",
        "coordinates": [
          [
            107.14786960000002,
            -6.250207499999998
          ],
          [
            107.14805160000002,
            -6.250067099999999
          ],
          [
            107.14813070000001,
            -6.250011099999998
          ],
          [
            107.14824070000002,
            -6.249953799999999
          ],
          [
            107.14830100000002,
            -6.249928399999997
          ],
          [
            107.14838950000001,
            -6.249904399999999
          ],
          [
            107.14855980000002,
            -6.2498831
          ],
          [
            107.14886690000002,
            -6.249853699999999
          ]
        ]
      },
      "properties": {
        "@id": "way/564506118",
        "highway": "living_street",
        "motorcycle": "yes",
        "source_records": [
          {
            "file": "jalan_cikarang.geojson",
            "record": 196
          },
          {
            "file": "osm_cikarang_1km.geojson",
            "record": 196
          }
        ],
        "dataset_role": "osm_reference",
        "radius_m": 1000,
        "geometry_clipped": false,
        "center_status": "unverified_geocoded_station_reference"
      }
    },
    {
      "type": "Feature",
      "id": "osm:way/564506120",
      "geometry": {
        "type": "LineString",
        "coordinates": [
          [
            107.15099400000001,
            -6.2510705
          ],
          [
            107.1508494,
            -6.251566700000001
          ]
        ]
      },
      "properties": {
        "@id": "way/564506120",
        "highway": "living_street",
        "motorcycle": "yes",
        "oneway": "no",
        "source_records": [
          {
            "file": "jalan_cikarang.geojson",
            "record": 197
          },
          {
            "file": "osm_cikarang_1km.geojson",
            "record": 197
          }
        ],
        "dataset_role": "osm_reference",
        "radius_m": 1000,
        "geometry_clipped": false,
        "center_status": "unverified_geocoded_station_reference"
      }
    },
    {
      "type": "Feature",
      "id": "osm:way/564506121",
      "geometry": {
        "type": "LineString",
        "coordinates": [
          [
            107.14972310000002,
            -6.2547172
          ],
          [
            107.14991840000002,
            -6.254163799999998
          ],
          [
            107.1499472,
            -6.254080500000001
          ],
          [
            107.14995010000001,
            -6.254068
          ],
          [
            107.1499527,
            -6.254052799999999
          ],
          [
            107.1499534,
            -6.2540407999999985
          ],
          [
            107.1499526,
            -6.254030500000001
          ],
          [
            107.14995310000002,
            -6.254020800000001
          ],
          [
            107.1499559,
            -6.254011099999998
          ],
          [
            107.15001360000001,
            -6.2538491999999986
          ]
        ]
      },
      "properties": {
        "@id": "way/564506121",
        "highway": "living_street",
        "maxspeed": "5",
        "motorcar": "no",
        "source_records": [
          {
            "file": "jalan_cikarang.geojson",
            "record": 198
          },
          {
            "file": "osm_cikarang_1km.geojson",
            "record": 198
          }
        ],
        "dataset_role": "osm_reference",
        "radius_m": 1000,
        "geometry_clipped": false,
        "center_status": "unverified_geocoded_station_reference"
      }
    },
    {
      "type": "Feature",
      "id": "osm:way/564506122",
      "geometry": {
        "type": "LineString",
        "coordinates": [
          [
            107.1505232,
            -6.2549796
          ],
          [
            107.1501694,
            -6.254863599999998
          ],
          [
            107.14999360000002,
            -6.2548058999999965
          ],
          [
            107.14972310000002,
            -6.2547172
          ],
          [
            107.1495871,
            -6.254665
          ],
          [
            107.14943290000001,
            -6.254611700000001
          ],
          [
            107.1490976,
            -6.2545304
          ]
        ]
      },
      "properties": {
        "@id": "way/564506122",
        "highway": "living_street",
        "maxspeed": "5",
        "motorcar": "no",
        "source_records": [
          {
            "file": "export.geojson",
            "record": 82
          },
          {
            "file": "jalan_cikarang.geojson",
            "record": 199
          },
          {
            "file": "osm_cikarang_1km.geojson",
            "record": 199
          }
        ],
        "dataset_role": "osm_reference",
        "radius_m": 1000,
        "geometry_clipped": false,
        "center_status": "unverified_geocoded_station_reference"
      }
    },
    {
      "type": "Feature",
      "id": "osm:way/564506123",
      "geometry": {
        "type": "LineString",
        "coordinates": [
          [
            107.1477109,
            -6.254039799999999
          ],
          [
            107.1483896,
            -6.254302699999999
          ],
          [
            107.1485833,
            -6.254359700000001
          ]
        ]
      },
      "properties": {
        "@id": "way/564506123",
        "highway": "living_street",
        "maxspeed": "5",
        "source_records": [
          {
            "file": "jalan_cikarang.geojson",
            "record": 200
          },
          {
            "file": "osm_cikarang_1km.geojson",
            "record": 200
          }
        ],
        "dataset_role": "osm_reference",
        "radius_m": 1000,
        "geometry_clipped": false,
        "center_status": "unverified_geocoded_station_reference"
      }
    },
    {
      "type": "Feature",
      "id": "osm:way/564506124",
      "geometry": {
        "type": "LineString",
        "coordinates": [
          [
            107.1500327,
            -6.252430999999999
          ],
          [
            107.1498956,
            -6.252779999999998
          ],
          [
            107.1497682,
            -6.253010599999997
          ],
          [
            107.1495097,
            -6.253573699999998
          ],
          [
            107.149284,
            -6.2540958
          ],
          [
            107.1490976,
            -6.2545304
          ]
        ]
      },
      "properties": {
        "@id": "way/564506124",
        "highway": "living_street",
        "motorcycle": "yes",
        "source_records": [
          {
            "file": "jalan_cikarang.geojson",
            "record": 201
          },
          {
            "file": "osm_cikarang_1km.geojson",
            "record": 201
          }
        ],
        "dataset_role": "osm_reference",
        "radius_m": 1000,
        "geometry_clipped": false,
        "center_status": "unverified_geocoded_station_reference"
      }
    },
    {
      "type": "Feature",
      "id": "osm:way/564506125",
      "geometry": {
        "type": "LineString",
        "coordinates": [
          [
            107.1483896,
            -6.254302699999999
          ],
          [
            107.1484753,
            -6.2541690999999995
          ],
          [
            107.14860140000002,
            -6.253954499999996
          ],
          [
            107.1486028,
            -6.253895799999998
          ],
          [
            107.1485169,
            -6.2538637999999995
          ],
          [
            107.1485237,
            -6.253834499999997
          ],
          [
            107.1486061,
            -6.253681199999999
          ]
        ]
      },
      "properties": {
        "@id": "way/564506125",
        "highway": "living_street",
        "motorcar": "no",
        "motorcycle": "destination",
        "source_records": [
          {
            "file": "jalan_cikarang.geojson",
            "record": 202
          },
          {
            "file": "osm_cikarang_1km.geojson",
            "record": 202
          }
        ],
        "dataset_role": "osm_reference",
        "radius_m": 1000,
        "geometry_clipped": false,
        "center_status": "unverified_geocoded_station_reference"
      }
    },
    {
      "type": "Feature",
      "id": "osm:way/564506126",
      "geometry": {
        "type": "LineString",
        "coordinates": [
          [
            107.1486061,
            -6.253681199999999
          ],
          [
            107.14862630000002,
            -6.253631999999997
          ],
          [
            107.1486349,
            -6.2536259
          ],
          [
            107.14864330000002,
            -6.2536155
          ],
          [
            107.148781,
            -6.253327600000001
          ],
          [
            107.14903590000002,
            -6.252794699999998
          ],
          [
            107.1490678,
            -6.2527413
          ],
          [
            107.14909900000002,
            -6.252707999999999
          ]
        ]
      },
      "properties": {
        "@id": "way/564506126",
        "highway": "living_street",
        "motorcar": "no",
        "motorcycle": "destination",
        "source_records": [
          {
            "file": "jalan_cikarang.geojson",
            "record": 203
          },
          {
            "file": "osm_cikarang_1km.geojson",
            "record": 203
          }
        ],
        "dataset_role": "osm_reference",
        "radius_m": 1000,
        "geometry_clipped": false,
        "center_status": "unverified_geocoded_station_reference"
      }
    },
    {
      "type": "Feature",
      "id": "osm:way/564506127",
      "geometry": {
        "type": "LineString",
        "coordinates": [
          [
            107.1486624,
            -6.2520907999999995
          ],
          [
            107.1488143,
            -6.251804499999998
          ],
          [
            107.1488294,
            -6.2517765
          ],
          [
            107.1488401,
            -6.2517675
          ],
          [
            107.1488512,
            -6.251763800000001
          ],
          [
            107.1488656,
            -6.251766499999999
          ],
          [
            107.1490235,
            -6.2518375
          ],
          [
            107.1495119,
            -6.252059599999997
          ]
        ]
      },
      "properties": {
        "@id": "way/564506127",
        "highway": "living_street",
        "motorcar": "no",
        "motorcycle": "yes",
        "source_records": [
          {
            "file": "jalan_cikarang.geojson",
            "record": 204
          },
          {
            "file": "osm_cikarang_1km.geojson",
            "record": 204
          }
        ],
        "dataset_role": "osm_reference",
        "radius_m": 1000,
        "geometry_clipped": false,
        "center_status": "unverified_geocoded_station_reference"
      }
    },
    {
      "type": "Feature",
      "id": "osm:way/564506128",
      "geometry": {
        "type": "LineString",
        "coordinates": [
          [
            107.14968530000002,
            -6.251665299999999
          ],
          [
            107.1492934,
            -6.2514829
          ]
        ]
      },
      "properties": {
        "@id": "way/564506128",
        "highway": "living_street",
        "motorcycle": "yes",
        "source_records": [
          {
            "file": "jalan_cikarang.geojson",
            "record": 205
          },
          {
            "file": "osm_cikarang_1km.geojson",
            "record": 205
          }
        ],
        "dataset_role": "osm_reference",
        "radius_m": 1000,
        "geometry_clipped": false,
        "center_status": "unverified_geocoded_station_reference"
      }
    },
    {
      "type": "Feature",
      "id": "osm:way/564506130",
      "geometry": {
        "type": "LineString",
        "coordinates": [
          [
            107.1445687,
            -6.253657900000001
          ],
          [
            107.1451455,
            -6.2532308
          ]
        ]
      },
      "properties": {
        "@id": "way/564506130",
        "highway": "living_street",
        "motorcycle": "yes",
        "source_records": [
          {
            "file": "jalan_cikarang.geojson",
            "record": 206
          },
          {
            "file": "osm_cikarang_1km.geojson",
            "record": 206
          }
        ],
        "dataset_role": "osm_reference",
        "radius_m": 1000,
        "geometry_clipped": false,
        "center_status": "unverified_geocoded_station_reference"
      }
    },
    {
      "type": "Feature",
      "id": "osm:way/564506131",
      "geometry": {
        "type": "LineString",
        "coordinates": [
          [
            107.1432819,
            -6.252357399999999
          ],
          [
            107.1433899,
            -6.252416699999997
          ],
          [
            107.143524,
            -6.2525054
          ],
          [
            107.143811,
            -6.252722699999999
          ]
        ]
      },
      "properties": {
        "@id": "way/564506131",
        "highway": "residential",
        "motorcar": "no",
        "source_records": [
          {
            "file": "jalan_cikarang.geojson",
            "record": 207
          },
          {
            "file": "osm_cikarang_1km.geojson",
            "record": 207
          }
        ],
        "dataset_role": "osm_reference",
        "radius_m": 1000,
        "geometry_clipped": false,
        "center_status": "unverified_geocoded_station_reference"
      }
    },
    {
      "type": "Feature",
      "id": "osm:way/564506132",
      "geometry": {
        "type": "LineString",
        "coordinates": [
          [
            107.1436219,
            -6.252362699999998
          ],
          [
            107.1436621,
            -6.2523454
          ],
          [
            107.1437245,
            -6.252331400000001
          ],
          [
            107.1437942,
            -6.252332099999999
          ],
          [
            107.1438445,
            -6.252352100000002
          ],
          [
            107.143874,
            -6.252377399999998
          ],
          [
            107.1439156,
            -6.252423399999999
          ],
          [
            107.1439865,
            -6.252526400000001
          ]
        ]
      },
      "properties": {
        "@id": "way/564506132",
        "access": "private",
        "highway": "residential",
        "source_records": [
          {
            "file": "jalan_cikarang.geojson",
            "record": 208
          },
          {
            "file": "osm_cikarang_1km.geojson",
            "record": 208
          }
        ],
        "dataset_role": "osm_reference",
        "radius_m": 1000,
        "geometry_clipped": false,
        "center_status": "unverified_geocoded_station_reference"
      }
    },
    {
      "type": "Feature",
      "id": "osm:way/564506133",
      "geometry": {
        "type": "LineString",
        "coordinates": [
          [
            107.1444292,
            -6.2515442
          ],
          [
            107.1445724,
            -6.2513615
          ],
          [
            107.1445788,
            -6.251353899999998
          ],
          [
            107.1445902,
            -6.251348499999998
          ],
          [
            107.1446358,
            -6.251343500000001
          ],
          [
            107.1446419,
            -6.251339400000002
          ],
          [
            107.1446465,
            -6.251332899999999
          ],
          [
            107.1446505,
            -6.251317599999999
          ],
          [
            107.14472320000002,
            -6.250949999999998
          ]
        ]
      },
      "properties": {
        "@id": "way/564506133",
        "highway": "residential",
        "source_records": [
          {
            "file": "jalan_cikarang.geojson",
            "record": 209
          },
          {
            "file": "osm_cikarang_1km.geojson",
            "record": 209
          }
        ],
        "dataset_role": "osm_reference",
        "radius_m": 1000,
        "geometry_clipped": false,
        "center_status": "unverified_geocoded_station_reference"
      }
    },
    {
      "type": "Feature",
      "id": "osm:way/564506134",
      "geometry": {
        "type": "LineString",
        "coordinates": [
          [
            107.1446746,
            -6.251988099999999
          ],
          [
            107.1445003,
            -6.251661499999998
          ],
          [
            107.1444292,
            -6.2515442
          ]
        ]
      },
      "properties": {
        "@id": "way/564506134",
        "highway": "residential",
        "surface": "unpaved",
        "source_records": [
          {
            "file": "jalan_cikarang.geojson",
            "record": 210
          },
          {
            "file": "osm_cikarang_1km.geojson",
            "record": 210
          }
        ],
        "dataset_role": "osm_reference",
        "radius_m": 1000,
        "geometry_clipped": false,
        "center_status": "unverified_geocoded_station_reference"
      }
    },
    {
      "type": "Feature",
      "id": "osm:way/564506146",
      "geometry": {
        "type": "LineString",
        "coordinates": [
          [
            107.1514800995979,
            -6.248936863172444
          ],
          [
            107.1514719,
            -6.249033600000001
          ],
          [
            107.1513967,
            -6.2498524999999985
          ],
          [
            107.1513826,
            -6.249913499999999
          ]
        ]
      },
      "properties": {
        "@id": "way/564506146",
        "highway": "living_street",
        "motorcycle": "yes",
        "source_records": [
          {
            "file": "jalan_cikarang.geojson",
            "record": 211
          },
          {
            "file": "osm_cikarang_1km.geojson",
            "record": 211
          }
        ],
        "dataset_role": "osm_reference",
        "radius_m": 1000,
        "geometry_clipped": true,
        "center_status": "unverified_geocoded_station_reference"
      }
    },
    {
      "type": "Feature",
      "id": "osm:way/564506147",
      "geometry": {
        "type": "LineString",
        "coordinates": [
          [
            107.1513967,
            -6.2498524999999985
          ],
          [
            107.1511301,
            -6.2497871
          ],
          [
            107.1510509,
            -6.249772499999999
          ],
          [
            107.1509457,
            -6.2497598
          ],
          [
            107.15018320000001,
            -6.249674899999999
          ],
          [
            107.1500471,
            -6.2496697999999995
          ]
        ]
      },
      "properties": {
        "@id": "way/564506147",
        "highway": "living_street",
        "motorcycle": "yes",
        "source_records": [
          {
            "file": "jalan_cikarang.geojson",
            "record": 212
          },
          {
            "file": "osm_cikarang_1km.geojson",
            "record": 212
          }
        ],
        "dataset_role": "osm_reference",
        "radius_m": 1000,
        "geometry_clipped": false,
        "center_status": "unverified_geocoded_station_reference"
      }
    },
    {
      "type": "Feature",
      "id": "osm:way/564506148",
      "geometry": {
        "type": "LineString",
        "coordinates": [
          [
            107.15073870000002,
            -6.2509727999999996
          ],
          [
            107.15043070000002,
            -6.250674999999999
          ]
        ]
      },
      "properties": {
        "@id": "way/564506148",
        "highway": "living_street",
        "motorcycle": "yes",
        "source_records": [
          {
            "file": "jalan_cikarang.geojson",
            "record": 213
          },
          {
            "file": "osm_cikarang_1km.geojson",
            "record": 213
          }
        ],
        "dataset_role": "osm_reference",
        "radius_m": 1000,
        "geometry_clipped": false,
        "center_status": "unverified_geocoded_station_reference"
      }
    },
    {
      "type": "Feature",
      "id": "osm:way/564506149",
      "geometry": {
        "type": "LineString",
        "coordinates": [
          [
            107.148478,
            -6.251234899999999
          ],
          [
            107.1485236,
            -6.2512509000000005
          ],
          [
            107.1485907,
            -6.2512429
          ],
          [
            107.1487167,
            -6.2511656
          ],
          [
            107.14892580000001,
            -6.2510014
          ],
          [
            107.14903730000002,
            -6.250922299999999
          ],
          [
            107.14905870000001,
            -6.250910000000001
          ],
          [
            107.14909030000001,
            -6.250893999999999
          ],
          [
            107.14910840000002,
            -6.2508868999999985
          ]
        ]
      },
      "properties": {
        "@id": "way/564506149",
        "highway": "living_street",
        "motorcycle": "yes",
        "source_records": [
          {
            "file": "jalan_cikarang.geojson",
            "record": 214
          },
          {
            "file": "osm_cikarang_1km.geojson",
            "record": 214
          }
        ],
        "dataset_role": "osm_reference",
        "radius_m": 1000,
        "geometry_clipped": false,
        "center_status": "unverified_geocoded_station_reference"
      }
    },
    {
      "type": "Feature",
      "id": "osm:way/564506150",
      "geometry": {
        "type": "LineString",
        "coordinates": [
          [
            107.148191,
            -6.252022100000001
          ],
          [
            107.14834390000001,
            -6.251618799999999
          ]
        ]
      },
      "properties": {
        "@id": "way/564506150",
        "highway": "living_street",
        "motorcycle": "yes",
        "source_records": [
          {
            "file": "jalan_cikarang.geojson",
            "record": 215
          },
          {
            "file": "osm_cikarang_1km.geojson",
            "record": 215
          }
        ],
        "dataset_role": "osm_reference",
        "radius_m": 1000,
        "geometry_clipped": false,
        "center_status": "unverified_geocoded_station_reference"
      }
    },
    {
      "type": "Feature",
      "id": "osm:way/564506153",
      "geometry": {
        "type": "LineString",
        "coordinates": [
          [
            107.14747200000001,
            -6.248662399999999
          ],
          [
            107.14761830000002,
            -6.248339299999998
          ],
          [
            107.14769220000001,
            -6.248188600000001
          ]
        ]
      },
      "properties": {
        "@id": "way/564506153",
        "highway": "living_street",
        "motorcar": "no",
        "source_records": [
          {
            "file": "jalan_cikarang.geojson",
            "record": 216
          },
          {
            "file": "osm_cikarang_1km.geojson",
            "record": 216
          }
        ],
        "dataset_role": "osm_reference",
        "radius_m": 1000,
        "geometry_clipped": false,
        "center_status": "unverified_geocoded_station_reference"
      }
    },
    {
      "type": "Feature",
      "id": "osm:way/564506154",
      "geometry": {
        "type": "LineString",
        "coordinates": [
          [
            107.14729910000001,
            -6.248975200000001
          ],
          [
            107.1470015,
            -6.249328499999998
          ],
          [
            107.14699210000002,
            -6.249330399999999
          ],
          [
            107.1469827,
            -6.2493292
          ],
          [
            107.1469683,
            -6.249322900000001
          ],
          [
            107.1467949,
            -6.249173800000001
          ],
          [
            107.1467913,
            -6.249158199999998
          ],
          [
            107.1467963,
            -6.249144499999999
          ],
          [
            107.14708270000001,
            -6.2487851999999995
          ]
        ]
      },
      "properties": {
        "@id": "way/564506154",
        "highway": "residential",
        "source_records": [
          {
            "file": "jalan_cikarang.geojson",
            "record": 217
          },
          {
            "file": "osm_cikarang_1km.geojson",
            "record": 217
          }
        ],
        "dataset_role": "osm_reference",
        "radius_m": 1000,
        "geometry_clipped": false,
        "center_status": "unverified_geocoded_station_reference"
      }
    },
    {
      "type": "Feature",
      "id": "osm:way/564506157",
      "geometry": {
        "type": "LineString",
        "coordinates": [
          [
            107.14896160000002,
            -6.248343000000001
          ],
          [
            107.1490047,
            -6.248313
          ],
          [
            107.1490192,
            -6.2482963
          ],
          [
            107.1490249,
            -6.248271699999999
          ],
          [
            107.149034,
            -6.2482397
          ],
          [
            107.14911316339187,
            -6.247225176768267
          ]
        ]
      },
      "properties": {
        "@id": "way/564506157",
        "highway": "living_street",
        "source_records": [
          {
            "file": "jalan_cikarang.geojson",
            "record": 218
          },
          {
            "file": "osm_cikarang_1km.geojson",
            "record": 218
          }
        ],
        "dataset_role": "osm_reference",
        "radius_m": 1000,
        "geometry_clipped": true,
        "center_status": "unverified_geocoded_station_reference"
      }
    },
    {
      "type": "Feature",
      "id": "osm:way/564506158",
      "geometry": {
        "type": "LineString",
        "coordinates": [
          [
            107.14887594088403,
            -6.247110857354495
          ],
          [
            107.1488052,
            -6.248035400000001
          ],
          [
            107.1488052,
            -6.248244
          ],
          [
            107.1488019,
            -6.2482787
          ],
          [
            107.1488114,
            -6.2482939
          ],
          [
            107.1488521,
            -6.2483029
          ],
          [
            107.1489426,
            -6.248306
          ],
          [
            107.1489504,
            -6.2483086
          ],
          [
            107.1489537,
            -6.2483152
          ],
          [
            107.14896160000002,
            -6.248343000000001
          ],
          [
            107.14898,
            -6.248394000000001
          ]
        ]
      },
      "properties": {
        "@id": "way/564506158",
        "highway": "living_street",
        "source_records": [
          {
            "file": "jalan_cikarang.geojson",
            "record": 219
          },
          {
            "file": "osm_cikarang_1km.geojson",
            "record": 219
          }
        ],
        "dataset_role": "osm_reference",
        "radius_m": 1000,
        "geometry_clipped": true,
        "center_status": "unverified_geocoded_station_reference"
      }
    },
    {
      "type": "Feature",
      "id": "osm:way/564506161",
      "geometry": {
        "type": "LineString",
        "coordinates": [
          [
            107.1459713,
            -6.2474716
          ],
          [
            107.14650660000001,
            -6.2476500999999995
          ]
        ]
      },
      "properties": {
        "@id": "way/564506161",
        "highway": "residential",
        "source_records": [
          {
            "file": "jalan_cikarang.geojson",
            "record": 220
          },
          {
            "file": "osm_cikarang_1km.geojson",
            "record": 220
          }
        ],
        "dataset_role": "osm_reference",
        "radius_m": 1000,
        "geometry_clipped": false,
        "center_status": "unverified_geocoded_station_reference"
      }
    },
    {
      "type": "Feature",
      "id": "osm:way/564506162",
      "geometry": {
        "type": "LineString",
        "coordinates": [
          [
            107.1447994,
            -6.246839099999998
          ],
          [
            107.1451722,
            -6.246910200000001
          ],
          [
            107.1455343,
            -6.246988899999999
          ]
        ]
      },
      "properties": {
        "@id": "way/564506162",
        "highway": "residential",
        "source_records": [
          {
            "file": "jalan_cikarang.geojson",
            "record": 221
          },
          {
            "file": "osm_cikarang_1km.geojson",
            "record": 221
          }
        ],
        "dataset_role": "osm_reference",
        "radius_m": 1000,
        "geometry_clipped": false,
        "center_status": "unverified_geocoded_station_reference"
      }
    },
    {
      "type": "Feature",
      "id": "osm:way/564506170",
      "geometry": {
        "type": "LineString",
        "coordinates": [
          [
            107.140539,
            -6.252515100000001
          ],
          [
            107.1411341,
            -6.252629399999999
          ],
          [
            107.1416974,
            -6.252682700000001
          ]
        ]
      },
      "properties": {
        "@id": "way/564506170",
        "highway": "residential",
        "motorcar": "no",
        "source_records": [
          {
            "file": "jalan_cikarang.geojson",
            "record": 222
          },
          {
            "file": "osm_cikarang_1km.geojson",
            "record": 222
          }
        ],
        "dataset_role": "osm_reference",
        "radius_m": 1000,
        "geometry_clipped": false,
        "center_status": "unverified_geocoded_station_reference"
      }
    },
    {
      "type": "Feature",
      "id": "osm:way/564506172",
      "geometry": {
        "type": "LineString",
        "coordinates": [
          [
            107.1426694,
            -6.250487699999998
          ],
          [
            107.1428565,
            -6.250581999999999
          ],
          [
            107.1429195,
            -6.2505827
          ],
          [
            107.1431692,
            -6.250717700000001
          ]
        ]
      },
      "properties": {
        "@id": "way/564506172",
        "highway": "residential",
        "motorcar": "no",
        "source_records": [
          {
            "file": "jalan_cikarang.geojson",
            "record": 223
          },
          {
            "file": "osm_cikarang_1km.geojson",
            "record": 223
          }
        ],
        "dataset_role": "osm_reference",
        "radius_m": 1000,
        "geometry_clipped": false,
        "center_status": "unverified_geocoded_station_reference"
      }
    },
    {
      "type": "Feature",
      "id": "osm:way/564506173",
      "geometry": {
        "type": "LineString",
        "coordinates": [
          [
            107.1435736,
            -6.249799099999999
          ],
          [
            107.14370370000002,
            -6.250007799999999
          ],
          [
            107.1437647,
            -6.250042400000001
          ],
          [
            107.1438324,
            -6.2500777
          ],
          [
            107.1441038,
            -6.250195599999999
          ],
          [
            107.144277,
            -6.250264699999998
          ],
          [
            107.1442883,
            -6.2502684
          ],
          [
            107.1442953,
            -6.250269
          ],
          [
            107.144303,
            -6.2502684
          ],
          [
            107.1443974,
            -6.2501794
          ],
          [
            107.1446089,
            -6.2499598
          ],
          [
            107.1446133,
            -6.2499543
          ],
          [
            107.1445755,
            -6.2499199999999995
          ]
        ]
      },
      "properties": {
        "@id": "way/564506173",
        "highway": "residential",
        "source_records": [
          {
            "file": "jalan_cikarang.geojson",
            "record": 224
          },
          {
            "file": "osm_cikarang_1km.geojson",
            "record": 224
          }
        ],
        "dataset_role": "osm_reference",
        "radius_m": 1000,
        "geometry_clipped": false,
        "center_status": "unverified_geocoded_station_reference"
      }
    },
    {
      "type": "Feature",
      "id": "osm:way/564506174",
      "geometry": {
        "type": "LineString",
        "coordinates": [
          [
            107.14177179999999,
            -6.2489212
          ],
          [
            107.14162629999998,
            -6.249252500000001
          ],
          [
            107.14157799999998,
            -6.249347799999999
          ]
        ]
      },
      "properties": {
        "@id": "way/564506174",
        "highway": "residential",
        "source_records": [
          {
            "file": "jalan_cikarang.geojson",
            "record": 225
          },
          {
            "file": "osm_cikarang_1km.geojson",
            "record": 225
          }
        ],
        "dataset_role": "osm_reference",
        "radius_m": 1000,
        "geometry_clipped": false,
        "center_status": "unverified_geocoded_station_reference"
      }
    },
    {
      "type": "Feature",
      "id": "osm:way/564506175",
      "geometry": {
        "type": "LineString",
        "coordinates": [
          [
            107.1415901,
            -6.248856599999999
          ],
          [
            107.1417343,
            -6.248419299999999
          ]
        ]
      },
      "properties": {
        "@id": "way/564506175",
        "highway": "residential",
        "source_records": [
          {
            "file": "jalan_cikarang.geojson",
            "record": 226
          },
          {
            "file": "osm_cikarang_1km.geojson",
            "record": 226
          }
        ],
        "dataset_role": "osm_reference",
        "radius_m": 1000,
        "geometry_clipped": false,
        "center_status": "unverified_geocoded_station_reference"
      }
    },
    {
      "type": "Feature",
      "id": "osm:way/564506176",
      "geometry": {
        "type": "LineString",
        "coordinates": [
          [
            107.1397944,
            -6.249511099999999
          ],
          [
            107.1401389,
            -6.249622399999997
          ]
        ]
      },
      "properties": {
        "@id": "way/564506176",
        "access": "private",
        "highway": "service",
        "source_records": [
          {
            "file": "jalan_cikarang.geojson",
            "record": 227
          },
          {
            "file": "osm_cikarang_1km.geojson",
            "record": 227
          }
        ],
        "dataset_role": "osm_reference",
        "radius_m": 1000,
        "geometry_clipped": false,
        "center_status": "unverified_geocoded_station_reference"
      }
    },
    {
      "type": "Feature",
      "id": "osm:way/564506177",
      "geometry": {
        "type": "LineString",
        "coordinates": [
          [
            107.1398775,
            -6.2490532000000005
          ],
          [
            107.14008980000001,
            -6.249127500000001
          ],
          [
            107.1400998,
            -6.249137400000001
          ],
          [
            107.1401022,
            -6.249155499999999
          ],
          [
            107.1400948,
            -6.249193199999998
          ],
          [
            107.1400968,
            -6.2492299
          ],
          [
            107.14010990000001,
            -6.2492625
          ],
          [
            107.1401461,
            -6.249287900000001
          ],
          [
            107.1402003,
            -6.249320400000001
          ],
          [
            107.1402083,
            -6.249332499999999
          ],
          [
            107.1402108,
            -6.249353799999998
          ],
          [
            107.1401389,
            -6.249622399999997
          ],
          [
            107.1401095,
            -6.2497358
          ]
        ]
      },
      "properties": {
        "@id": "way/564506177",
        "access": "private",
        "highway": "service",
        "source_records": [
          {
            "file": "jalan_cikarang.geojson",
            "record": 228
          },
          {
            "file": "osm_cikarang_1km.geojson",
            "record": 228
          }
        ],
        "dataset_role": "osm_reference",
        "radius_m": 1000,
        "geometry_clipped": false,
        "center_status": "unverified_geocoded_station_reference"
      }
    },
    {
      "type": "Feature",
      "id": "osm:way/564506178",
      "geometry": {
        "type": "LineString",
        "coordinates": [
          [
            107.14032299999998,
            -6.249932699999999
          ],
          [
            107.1405414,
            -6.2493099
          ],
          [
            107.1406453,
            -6.248989900000001
          ],
          [
            107.1406795,
            -6.2488539
          ],
          [
            107.1407306,
            -6.2486737
          ]
        ]
      },
      "properties": {
        "@id": "way/564506178",
        "highway": "living_street",
        "motorcycle": "yes",
        "source_records": [
          {
            "file": "jalan_cikarang.geojson",
            "record": 229
          },
          {
            "file": "osm_cikarang_1km.geojson",
            "record": 229
          }
        ],
        "dataset_role": "osm_reference",
        "radius_m": 1000,
        "geometry_clipped": false,
        "center_status": "unverified_geocoded_station_reference"
      }
    },
    {
      "type": "Feature",
      "id": "osm:way/564506179",
      "geometry": {
        "type": "LineString",
        "coordinates": [
          [
            107.14227539999999,
            -6.249190499999999
          ],
          [
            107.14239139999998,
            -6.248896599999999
          ],
          [
            107.14238939999998,
            -6.248845900000001
          ],
          [
            107.14236529999998,
            -6.2488159
          ]
        ]
      },
      "properties": {
        "@id": "way/564506179",
        "highway": "residential",
        "source_records": [
          {
            "file": "jalan_cikarang.geojson",
            "record": 230
          },
          {
            "file": "osm_cikarang_1km.geojson",
            "record": 230
          }
        ],
        "dataset_role": "osm_reference",
        "radius_m": 1000,
        "geometry_clipped": false,
        "center_status": "unverified_geocoded_station_reference"
      }
    },
    {
      "type": "Feature",
      "id": "osm:way/564506182",
      "geometry": {
        "type": "LineString",
        "coordinates": [
          [
            107.1406031,
            -6.252209400000001
          ],
          [
            107.1399819,
            -6.251915200000001
          ],
          [
            107.1398064,
            -6.251832099999999
          ],
          [
            107.1397662,
            -6.251905500000001
          ],
          [
            107.13961729999998,
            -6.251844200000001
          ]
        ]
      },
      "properties": {
        "@id": "way/564506182",
        "highway": "residential",
        "source_records": [
          {
            "file": "jalan_cikarang.geojson",
            "record": 231
          },
          {
            "file": "osm_cikarang_1km.geojson",
            "record": 231
          }
        ],
        "dataset_role": "osm_reference",
        "radius_m": 1000,
        "geometry_clipped": false,
        "center_status": "unverified_geocoded_station_reference"
      }
    },
    {
      "type": "Feature",
      "id": "osm:way/564506185",
      "geometry": {
        "type": "LineString",
        "coordinates": [
          [
            107.1459288,
            -6.257162400000001
          ],
          [
            107.1464912,
            -6.257273900000001
          ],
          [
            107.14652,
            -6.2572713
          ],
          [
            107.1465482,
            -6.257263900000001
          ],
          [
            107.146567,
            -6.257244599999997
          ],
          [
            107.1466058,
            -6.257157899999999
          ]
        ]
      },
      "properties": {
        "@id": "way/564506185",
        "highway": "residential",
        "source_records": [
          {
            "file": "export.geojson",
            "record": 83
          },
          {
            "file": "jalan_cikarang.geojson",
            "record": 232
          },
          {
            "file": "osm_cikarang_1km.geojson",
            "record": 232
          }
        ],
        "dataset_role": "osm_reference",
        "radius_m": 1000,
        "geometry_clipped": false,
        "center_status": "unverified_geocoded_station_reference"
      }
    },
    {
      "type": "Feature",
      "id": "osm:way/564506186",
      "geometry": {
        "type": "LineString",
        "coordinates": [
          [
            107.1467292,
            -6.2563191
          ],
          [
            107.1466058,
            -6.257157899999999
          ],
          [
            107.1471083,
            -6.257236600000002
          ]
        ]
      },
      "properties": {
        "@id": "way/564506186",
        "highway": "residential",
        "source_records": [
          {
            "file": "export.geojson",
            "record": 84
          },
          {
            "file": "jalan_cikarang.geojson",
            "record": 233
          },
          {
            "file": "osm_cikarang_1km.geojson",
            "record": 233
          }
        ],
        "dataset_role": "osm_reference",
        "radius_m": 1000,
        "geometry_clipped": false,
        "center_status": "unverified_geocoded_station_reference"
      }
    },
    {
      "type": "Feature",
      "id": "osm:way/564506187",
      "geometry": {
        "type": "LineString",
        "coordinates": [
          [
            107.146119,
            -6.256277700000001
          ],
          [
            107.1459288,
            -6.257162400000001
          ],
          [
            107.1457732,
            -6.257878900000001
          ]
        ]
      },
      "properties": {
        "@id": "way/564506187",
        "access": "destination",
        "highway": "service",
        "source_records": [
          {
            "file": "export.geojson",
            "record": 85
          },
          {
            "file": "jalan_cikarang.geojson",
            "record": 234
          },
          {
            "file": "osm_cikarang_1km.geojson",
            "record": 234
          }
        ],
        "dataset_role": "osm_reference",
        "radius_m": 1000,
        "geometry_clipped": false,
        "center_status": "unverified_geocoded_station_reference"
      }
    },
    {
      "type": "Feature",
      "id": "osm:way/564506188",
      "geometry": {
        "type": "LineString",
        "coordinates": [
          [
            107.146872,
            -6.257958499999996
          ],
          [
            107.1469532,
            -6.2580697999999995
          ],
          [
            107.1469545,
            -6.258172500000001
          ],
          [
            107.1469331,
            -6.258260400000002
          ],
          [
            107.1468928,
            -6.258356399999999
          ],
          [
            107.1458266,
            -6.259070899999999
          ],
          [
            107.1457548,
            -6.2591214
          ]
        ]
      },
      "properties": {
        "@id": "way/564506188",
        "highway": "service",
        "source_records": [
          {
            "file": "export.geojson",
            "record": 86
          },
          {
            "file": "jalan_cikarang.geojson",
            "record": 235
          },
          {
            "file": "osm_cikarang_1km.geojson",
            "record": 235
          }
        ],
        "dataset_role": "osm_reference",
        "radius_m": 1000,
        "geometry_clipped": false,
        "center_status": "unverified_geocoded_station_reference"
      }
    },
    {
      "type": "Feature",
      "id": "osm:way/564506189",
      "geometry": {
        "type": "LineString",
        "coordinates": [
          [
            107.1457132,
            -6.2581552
          ],
          [
            107.1467118,
            -6.2577632
          ],
          [
            107.1467842,
            -6.257730500000001
          ]
        ]
      },
      "properties": {
        "@id": "way/564506189",
        "access": "destination",
        "highway": "service",
        "source_records": [
          {
            "file": "export.geojson",
            "record": 87
          },
          {
            "file": "jalan_cikarang.geojson",
            "record": 236
          },
          {
            "file": "osm_cikarang_1km.geojson",
            "record": 236
          }
        ],
        "dataset_role": "osm_reference",
        "radius_m": 1000,
        "geometry_clipped": false,
        "center_status": "unverified_geocoded_station_reference"
      }
    },
    {
      "type": "Feature",
      "id": "osm:way/564506190",
      "geometry": {
        "type": "LineString",
        "coordinates": [
          [
            107.1450368,
            -6.257828499999999
          ],
          [
            107.14503140000001,
            -6.2579232000000005
          ],
          [
            107.1450408,
            -6.258017799999999
          ],
          [
            107.1452451,
            -6.258335399999999
          ],
          [
            107.1457548,
            -6.2591214
          ],
          [
            107.145861,
            -6.259284700000001
          ]
        ]
      },
      "properties": {
        "@id": "way/564506190",
        "highway": "service",
        "motor_vehicle": "no",
        "source_records": [
          {
            "file": "export.geojson",
            "record": 88
          },
          {
            "file": "jalan_cikarang.geojson",
            "record": 237
          },
          {
            "file": "osm_cikarang_1km.geojson",
            "record": 237
          }
        ],
        "dataset_role": "osm_reference",
        "radius_m": 1000,
        "geometry_clipped": false,
        "center_status": "unverified_geocoded_station_reference"
      }
    },
    {
      "type": "Feature",
      "id": "osm:way/564506191",
      "geometry": {
        "type": "LineString",
        "coordinates": [
          [
            107.14390220000001,
            -6.257851999999999
          ],
          [
            107.1443367,
            -6.2578605
          ],
          [
            107.1445888,
            -6.2578605000000005
          ],
          [
            107.1450368,
            -6.257828499999999
          ]
        ]
      },
      "properties": {
        "@id": "way/564506191",
        "highway": "service",
        "motor_vehicle": "no",
        "source_records": [
          {
            "file": "export.geojson",
            "record": 89
          },
          {
            "file": "jalan_cikarang.geojson",
            "record": 238
          },
          {
            "file": "osm_cikarang_1km.geojson",
            "record": 238
          }
        ],
        "dataset_role": "osm_reference",
        "radius_m": 1000,
        "geometry_clipped": false,
        "center_status": "unverified_geocoded_station_reference"
      }
    },
    {
      "type": "Feature",
      "id": "osm:way/564506192",
      "geometry": {
        "type": "LineString",
        "coordinates": [
          [
            107.1452755,
            -6.256511399999998
          ],
          [
            107.1450368,
            -6.257828499999999
          ]
        ]
      },
      "properties": {
        "@id": "way/564506192",
        "highway": "service",
        "motorcar": "no",
        "source_records": [
          {
            "file": "export.geojson",
            "record": 90
          },
          {
            "file": "jalan_cikarang.geojson",
            "record": 239
          },
          {
            "file": "osm_cikarang_1km.geojson",
            "record": 239
          }
        ],
        "dataset_role": "osm_reference",
        "radius_m": 1000,
        "geometry_clipped": false,
        "center_status": "unverified_geocoded_station_reference"
      }
    },
    {
      "type": "Feature",
      "id": "osm:way/564506193",
      "geometry": {
        "type": "LineString",
        "coordinates": [
          [
            107.1455926,
            -6.256224699999997
          ],
          [
            107.1452755,
            -6.256511399999998
          ]
        ]
      },
      "properties": {
        "@id": "way/564506193",
        "highway": "service",
        "motorcar": "no",
        "oneway": "yes",
        "source_records": [
          {
            "file": "export.geojson",
            "record": 91
          },
          {
            "file": "jalan_cikarang.geojson",
            "record": 240
          },
          {
            "file": "osm_cikarang_1km.geojson",
            "record": 240
          }
        ],
        "dataset_role": "osm_reference",
        "radius_m": 1000,
        "geometry_clipped": false,
        "center_status": "unverified_geocoded_station_reference"
      }
    },
    {
      "type": "Feature",
      "id": "osm:way/564506194",
      "geometry": {
        "type": "LineString",
        "coordinates": [
          [
            107.1452755,
            -6.256511399999998
          ],
          [
            107.1451649,
            -6.2561789999999995
          ]
        ]
      },
      "properties": {
        "@id": "way/564506194",
        "highway": "service",
        "motorcar": "no",
        "oneway": "yes",
        "source_records": [
          {
            "file": "export.geojson",
            "record": 92
          },
          {
            "file": "jalan_cikarang.geojson",
            "record": 241
          },
          {
            "file": "osm_cikarang_1km.geojson",
            "record": 241
          }
        ],
        "dataset_role": "osm_reference",
        "radius_m": 1000,
        "geometry_clipped": false,
        "center_status": "unverified_geocoded_station_reference"
      }
    },
    {
      "type": "Feature",
      "id": "osm:way/564506195",
      "geometry": {
        "type": "LineString",
        "coordinates": [
          [
            107.1487642,
            -6.256385800000003
          ],
          [
            107.1480033,
            -6.256055499999999
          ],
          [
            107.14748409999999,
            -6.255840899999998
          ],
          [
            107.1467775,
            -6.2555489
          ],
          [
            107.1462743,
            -6.2553436
          ],
          [
            107.14610560000001,
            -6.2552748000000005
          ],
          [
            107.1456766,
            -6.255099799999999
          ],
          [
            107.1449053,
            -6.2547783
          ],
          [
            107.14418390000002,
            -6.254477099999999
          ],
          [
            107.1436689,
            -6.2542653
          ],
          [
            107.1429564,
            -6.253984199999999
          ]
        ]
      },
      "properties": {
        "@id": "way/564506195",
        "highway": "residential",
        "source_records": [
          {
            "file": "export.geojson",
            "record": 93
          },
          {
            "file": "jalan_cikarang.geojson",
            "record": 242
          },
          {
            "file": "osm_cikarang_1km.geojson",
            "record": 242
          }
        ],
        "dataset_role": "osm_reference",
        "radius_m": 1000,
        "geometry_clipped": false,
        "center_status": "unverified_geocoded_station_reference"
      }
    },
    {
      "type": "Feature",
      "id": "osm:way/564506198",
      "geometry": {
        "type": "LineString",
        "coordinates": [
          [
            107.1453149,
            -6.254286900000001
          ],
          [
            107.1453707,
            -6.2543358
          ],
          [
            107.1454136,
            -6.2543664
          ],
          [
            107.1454632,
            -6.2543944
          ],
          [
            107.1456295,
            -6.2544730999999985
          ],
          [
            107.1457784,
            -6.254530399999998
          ],
          [
            107.1459085,
            -6.254576999999999
          ]
        ]
      },
      "properties": {
        "@id": "way/564506198",
        "highway": "living_street",
        "motorcycle": "yes",
        "source_records": [
          {
            "file": "jalan_cikarang.geojson",
            "record": 243
          },
          {
            "file": "osm_cikarang_1km.geojson",
            "record": 243
          }
        ],
        "dataset_role": "osm_reference",
        "radius_m": 1000,
        "geometry_clipped": false,
        "center_status": "unverified_geocoded_station_reference"
      }
    },
    {
      "type": "Feature",
      "id": "osm:way/564506199",
      "geometry": {
        "type": "LineString",
        "coordinates": [
          [
            107.14530630000002,
            -6.253515899999998
          ],
          [
            107.14505750000001,
            -6.253749200000001
          ],
          [
            107.14504950000001,
            -6.253764499999998
          ],
          [
            107.1450468,
            -6.2537852
          ],
          [
            107.1450528,
            -6.253803200000001
          ]
        ]
      },
      "properties": {
        "@id": "way/564506199",
        "highway": "living_street",
        "motorcycle": "yes",
        "source_records": [
          {
            "file": "jalan_cikarang.geojson",
            "record": 244
          },
          {
            "file": "osm_cikarang_1km.geojson",
            "record": 244
          }
        ],
        "dataset_role": "osm_reference",
        "radius_m": 1000,
        "geometry_clipped": false,
        "center_status": "unverified_geocoded_station_reference"
      }
    },
    {
      "type": "Feature",
      "id": "osm:way/564506200",
      "geometry": {
        "type": "LineString",
        "coordinates": [
          [
            107.1445687,
            -6.253657900000001
          ],
          [
            107.1443877,
            -6.253381900000001
          ],
          [
            107.1443813,
            -6.253374399999999
          ],
          [
            107.1443707,
            -6.253370599999999
          ],
          [
            107.1443585,
            -6.253374699999999
          ],
          [
            107.1443045,
            -6.253419999999999
          ]
        ]
      },
      "properties": {
        "@id": "way/564506200",
        "highway": "living_street",
        "motorcycle": "yes",
        "source_records": [
          {
            "file": "jalan_cikarang.geojson",
            "record": 245
          },
          {
            "file": "osm_cikarang_1km.geojson",
            "record": 245
          }
        ],
        "dataset_role": "osm_reference",
        "radius_m": 1000,
        "geometry_clipped": false,
        "center_status": "unverified_geocoded_station_reference"
      }
    },
    {
      "type": "Feature",
      "id": "osm:way/564506201",
      "geometry": {
        "type": "LineString",
        "coordinates": [
          [
            107.143811,
            -6.252722699999999
          ],
          [
            107.1443045,
            -6.253419999999999
          ]
        ]
      },
      "properties": {
        "@id": "way/564506201",
        "highway": "living_street",
        "motorcar": "no",
        "motorcycle": "yes",
        "source_records": [
          {
            "file": "jalan_cikarang.geojson",
            "record": 246
          },
          {
            "file": "osm_cikarang_1km.geojson",
            "record": 246
          }
        ],
        "dataset_role": "osm_reference",
        "radius_m": 1000,
        "geometry_clipped": false,
        "center_status": "unverified_geocoded_station_reference"
      }
    },
    {
      "type": "Feature",
      "id": "osm:way/564506202",
      "geometry": {
        "type": "LineString",
        "coordinates": [
          [
            107.1444298,
            -6.252189799999999
          ],
          [
            107.1447417,
            -6.2526094
          ],
          [
            107.1449067,
            -6.252824000000001
          ],
          [
            107.1449641,
            -6.2528963
          ],
          [
            107.1450341,
            -6.253033299999999
          ],
          [
            107.1451455,
            -6.2532308
          ],
          [
            107.14530630000002,
            -6.253515899999998
          ]
        ]
      },
      "properties": {
        "@id": "way/564506202",
        "highway": "living_street",
        "motorcar": "no",
        "motorcycle": "yes",
        "source_records": [
          {
            "file": "jalan_cikarang.geojson",
            "record": 247
          },
          {
            "file": "osm_cikarang_1km.geojson",
            "record": 247
          }
        ],
        "dataset_role": "osm_reference",
        "radius_m": 1000,
        "geometry_clipped": false,
        "center_status": "unverified_geocoded_station_reference"
      }
    },
    {
      "type": "Feature",
      "id": "osm:way/564506203",
      "geometry": {
        "type": "LineString",
        "coordinates": [
          [
            107.1459394,
            -6.252948199999997
          ],
          [
            107.1457717,
            -6.2530919
          ],
          [
            107.1455618,
            -6.253275299999999
          ],
          [
            107.14530630000002,
            -6.253515899999998
          ]
        ]
      },
      "properties": {
        "@id": "way/564506203",
        "highway": "living_street",
        "motorcycle": "yes",
        "source_records": [
          {
            "file": "jalan_cikarang.geojson",
            "record": 248
          },
          {
            "file": "osm_cikarang_1km.geojson",
            "record": 248
          }
        ],
        "dataset_role": "osm_reference",
        "radius_m": 1000,
        "geometry_clipped": false,
        "center_status": "unverified_geocoded_station_reference"
      }
    },
    {
      "type": "Feature",
      "id": "osm:way/564506204",
      "geometry": {
        "type": "LineString",
        "coordinates": [
          [
            107.146211,
            -6.253358799999998
          ],
          [
            107.14584720000002,
            -6.2537409
          ],
          [
            107.1456982,
            -6.253900099999999
          ],
          [
            107.1453421,
            -6.254259199999999
          ],
          [
            107.1453149,
            -6.254286900000001
          ],
          [
            107.1452473,
            -6.2543571
          ],
          [
            107.1451345,
            -6.254480399999999
          ],
          [
            107.1449644,
            -6.254683699999999
          ],
          [
            107.1449053,
            -6.2547783
          ]
        ]
      },
      "properties": {
        "@id": "way/564506204",
        "highway": "living_street",
        "motorcycle": "yes",
        "source_records": [
          {
            "file": "jalan_cikarang.geojson",
            "record": 249
          },
          {
            "file": "osm_cikarang_1km.geojson",
            "record": 249
          }
        ],
        "dataset_role": "osm_reference",
        "radius_m": 1000,
        "geometry_clipped": false,
        "center_status": "unverified_geocoded_station_reference"
      }
    },
    {
      "type": "Feature",
      "id": "osm:way/564506206",
      "geometry": {
        "type": "LineString",
        "coordinates": [
          [
            107.1455705,
            -6.2522907
          ],
          [
            107.1463269,
            -6.251706799999999
          ]
        ]
      },
      "properties": {
        "@id": "way/564506206",
        "highway": "living_street",
        "motorcycle": "yes",
        "source_records": [
          {
            "file": "jalan_cikarang.geojson",
            "record": 250
          },
          {
            "file": "osm_cikarang_1km.geojson",
            "record": 250
          }
        ],
        "dataset_role": "osm_reference",
        "radius_m": 1000,
        "geometry_clipped": false,
        "center_status": "unverified_geocoded_station_reference"
      }
    },
    {
      "type": "Feature",
      "id": "osm:way/564506208",
      "geometry": {
        "type": "LineString",
        "coordinates": [
          [
            107.1483931,
            -6.252677099999998
          ],
          [
            107.1479191,
            -6.252493900000001
          ],
          [
            107.1476026,
            -6.2523716
          ],
          [
            107.1475904,
            -6.252372099999998
          ],
          [
            107.1475837,
            -6.252376100000002
          ],
          [
            107.1475765,
            -6.252382699999999
          ]
        ]
      },
      "properties": {
        "@id": "way/564506208",
        "highway": "living_street",
        "motorcycle": "yes",
        "source_records": [
          {
            "file": "jalan_cikarang.geojson",
            "record": 251
          },
          {
            "file": "osm_cikarang_1km.geojson",
            "record": 251
          }
        ],
        "dataset_role": "osm_reference",
        "radius_m": 1000,
        "geometry_clipped": false,
        "center_status": "unverified_geocoded_station_reference"
      }
    },
    {
      "type": "Feature",
      "id": "osm:way/564506209",
      "geometry": {
        "type": "LineString",
        "coordinates": [
          [
            107.14711220000001,
            -6.253922599999999
          ],
          [
            107.1472093,
            -6.253207899999997
          ],
          [
            107.147259,
            -6.252983999999999
          ],
          [
            107.1472717,
            -6.2529393
          ],
          [
            107.1472905,
            -6.252895
          ],
          [
            107.1475194,
            -6.252490099999998
          ],
          [
            107.1475765,
            -6.252382699999999
          ]
        ]
      },
      "properties": {
        "@id": "way/564506209",
        "highway": "living_street",
        "motorcycle": "yes",
        "source_records": [
          {
            "file": "jalan_cikarang.geojson",
            "record": 252
          },
          {
            "file": "osm_cikarang_1km.geojson",
            "record": 252
          }
        ],
        "dataset_role": "osm_reference",
        "radius_m": 1000,
        "geometry_clipped": false,
        "center_status": "unverified_geocoded_station_reference"
      }
    },
    {
      "type": "Feature",
      "id": "osm:way/564506210",
      "geometry": {
        "type": "LineString",
        "coordinates": [
          [
            107.14509290000001,
            -6.251637099999999
          ],
          [
            107.145195,
            -6.251778799999999
          ],
          [
            107.1453184,
            -6.251948099999999
          ],
          [
            107.1454284,
            -6.2520908
          ],
          [
            107.145478,
            -6.252164100000002
          ],
          [
            107.1455705,
            -6.2522907
          ],
          [
            107.145677,
            -6.252449
          ],
          [
            107.1457301,
            -6.2525227
          ],
          [
            107.1457811,
            -6.2526307
          ],
          [
            107.145832,
            -6.252738699999999
          ],
          [
            107.14587490000001,
            -6.252812
          ],
          [
            107.1459394,
            -6.252948199999997
          ],
          [
            107.1460292,
            -6.253101200000001
          ],
          [
            107.1461686,
            -6.253307900000001
          ],
          [
            107.146211,
            -6.253358799999998
          ],
          [
            107.1464168,
            -6.253649200000001
          ],
          [
            107.1464731,
            -6.253707199999999
          ],
          [
            107.14651670000002,
            -6.2537358
          ],
          [
            107.1465737,
            -6.2537598
          ],
          [
            107.14711220000001,
            -6.253922599999999
          ],
          [
            107.147327,
            -6.2539875999999985
          ],
          [
            107.1476509,
            -6.254089499999999
          ],
          [
            107.1476653,
            -6.2540896
          ],
          [
            107.1476797,
            -6.254085800000001
          ],
          [
            107.1476938,
            -6.254071799999999
          ],
          [
            107.1477109,
            -6.254039799999999
          ],
          [
            107.1477612,
            -6.253929799999999
          ],
          [
            107.1478081,
            -6.253847199999999
          ],
          [
            107.1480489,
            -6.2533506
          ],
          [
            107.1483931,
            -6.252677099999998
          ],
          [
            107.1486624,
            -6.2520907999999995
          ]
        ]
      },
      "properties": {
        "@id": "way/564506210",
        "highway": "residential",
        "source_records": [
          {
            "file": "jalan_cikarang.geojson",
            "record": 253
          },
          {
            "file": "osm_cikarang_1km.geojson",
            "record": 253
          }
        ],
        "dataset_role": "osm_reference",
        "radius_m": 1000,
        "geometry_clipped": false,
        "center_status": "unverified_geocoded_station_reference"
      }
    },
    {
      "type": "Feature",
      "id": "osm:way/564506211",
      "geometry": {
        "type": "LineString",
        "coordinates": [
          [
            107.14760670000001,
            -6.249246599999999
          ],
          [
            107.14782000000001,
            -6.2490138
          ]
        ]
      },
      "properties": {
        "@id": "way/564506211",
        "highway": "residential",
        "source_records": [
          {
            "file": "jalan_cikarang.geojson",
            "record": 254
          },
          {
            "file": "osm_cikarang_1km.geojson",
            "record": 254
          }
        ],
        "dataset_role": "osm_reference",
        "radius_m": 1000,
        "geometry_clipped": false,
        "center_status": "unverified_geocoded_station_reference"
      }
    },
    {
      "type": "Feature",
      "id": "osm:way/564506212",
      "geometry": {
        "type": "LineString",
        "coordinates": [
          [
            107.1472423,
            -6.2494303
          ],
          [
            107.14748870000001,
            -6.2491383
          ]
        ]
      },
      "properties": {
        "@id": "way/564506212",
        "highway": "residential",
        "source_records": [
          {
            "file": "jalan_cikarang.geojson",
            "record": 255
          },
          {
            "file": "osm_cikarang_1km.geojson",
            "record": 255
          }
        ],
        "dataset_role": "osm_reference",
        "radius_m": 1000,
        "geometry_clipped": false,
        "center_status": "unverified_geocoded_station_reference"
      }
    },
    {
      "type": "Feature",
      "id": "osm:way/564506215",
      "geometry": {
        "type": "LineString",
        "coordinates": [
          [
            107.14782000000001,
            -6.2490138
          ],
          [
            107.14766270000001,
            -6.2488885
          ],
          [
            107.14749070000002,
            -6.248744399999999
          ],
          [
            107.14735280000001,
            -6.248648600000001
          ],
          [
            107.14725230000002,
            -6.248607300000001
          ],
          [
            107.14723280000001,
            -6.2486033
          ],
          [
            107.14721400000002,
            -6.248613299999999
          ],
          [
            107.14708270000001,
            -6.2487851999999995
          ]
        ]
      },
      "properties": {
        "@id": "way/564506215",
        "highway": "residential",
        "source_records": [
          {
            "file": "jalan_cikarang.geojson",
            "record": 256
          },
          {
            "file": "osm_cikarang_1km.geojson",
            "record": 256
          }
        ],
        "dataset_role": "osm_reference",
        "radius_m": 1000,
        "geometry_clipped": false,
        "center_status": "unverified_geocoded_station_reference"
      }
    },
    {
      "type": "Feature",
      "id": "osm:way/564506216",
      "geometry": {
        "type": "LineString",
        "coordinates": [
          [
            107.14785350000001,
            -6.249471899999999
          ],
          [
            107.14774650000001,
            -6.249374200000001
          ],
          [
            107.14760670000001,
            -6.249246599999999
          ],
          [
            107.14748870000001,
            -6.2491383
          ],
          [
            107.14729910000001,
            -6.248975200000001
          ],
          [
            107.14708270000001,
            -6.2487851999999995
          ]
        ]
      },
      "properties": {
        "@id": "way/564506216",
        "highway": "residential",
        "source_records": [
          {
            "file": "jalan_cikarang.geojson",
            "record": 257
          },
          {
            "file": "osm_cikarang_1km.geojson",
            "record": 257
          }
        ],
        "dataset_role": "osm_reference",
        "radius_m": 1000,
        "geometry_clipped": false,
        "center_status": "unverified_geocoded_station_reference"
      }
    },
    {
      "type": "Feature",
      "id": "osm:way/564506217",
      "geometry": {
        "type": "LineString",
        "coordinates": [
          [
            107.1457171,
            -6.249617899999998
          ],
          [
            107.14582870000001,
            -6.2497215
          ]
        ]
      },
      "properties": {
        "@id": "way/564506217",
        "bridge": "yes",
        "highway": "secondary",
        "lanes": "2",
        "layer": "1",
        "name": "Jalan Raya Kali CBL",
        "note": "Perbaikan sudah selesai dilakukan dan bisa digunakan per tanggal 5 Februari 2026",
        "source_records": [
          {
            "file": "jalan_cikarang.geojson",
            "record": 258
          },
          {
            "file": "osm_cikarang_1km.geojson",
            "record": 258
          }
        ],
        "dataset_role": "osm_reference",
        "radius_m": 1000,
        "geometry_clipped": false,
        "center_status": "unverified_geocoded_station_reference"
      }
    },
    {
      "type": "Feature",
      "id": "osm:way/564506218",
      "geometry": {
        "type": "LineString",
        "coordinates": [
          [
            107.14582870000001,
            -6.2497215
          ],
          [
            107.14584680000002,
            -6.249735299999999
          ],
          [
            107.1458795,
            -6.2497483
          ],
          [
            107.1459346,
            -6.2497573
          ],
          [
            107.1460422,
            -6.2497625
          ],
          [
            107.1461284,
            -6.2497711
          ],
          [
            107.1462062,
            -6.249789799999998
          ],
          [
            107.1463095,
            -6.249839800000001
          ],
          [
            107.1464611,
            -6.249937699999999
          ],
          [
            107.1465569,
            -6.250017100000001
          ],
          [
            107.1466608,
            -6.250123
          ],
          [
            107.1467455,
            -6.250220999999999
          ]
        ]
      },
      "properties": {
        "@id": "way/564506218",
        "highway": "secondary",
        "lanes": "1",
        "name": "Jalan Raya Kali CBL",
        "oneway": "no",
        "source_records": [
          {
            "file": "jalan_cikarang.geojson",
            "record": 259
          },
          {
            "file": "osm_cikarang_1km.geojson",
            "record": 259
          }
        ],
        "dataset_role": "osm_reference",
        "radius_m": 1000,
        "geometry_clipped": false,
        "center_status": "unverified_geocoded_station_reference"
      }
    },
    {
      "type": "Feature",
      "id": "osm:way/564506219",
      "geometry": {
        "type": "LineString",
        "coordinates": [
          [
            107.1426435,
            -6.246806899999999
          ],
          [
            107.1427263,
            -6.246831499999999
          ],
          [
            107.1427522,
            -6.2468528999999995
          ],
          [
            107.1427757,
            -6.246886199999999
          ],
          [
            107.1429413,
            -6.247004899999999
          ],
          [
            107.14300099999998,
            -6.247070199999998
          ],
          [
            107.14307539999999,
            -6.247120800000002
          ],
          [
            107.14315179999998,
            -6.247136200000001
          ],
          [
            107.1432873,
            -6.247144799999999
          ]
        ]
      },
      "properties": {
        "@id": "way/564506219",
        "highway": "residential",
        "source_records": [
          {
            "file": "jalan_cikarang.geojson",
            "record": 260
          },
          {
            "file": "osm_cikarang_1km.geojson",
            "record": 260
          }
        ],
        "dataset_role": "osm_reference",
        "radius_m": 1000,
        "geometry_clipped": false,
        "center_status": "unverified_geocoded_station_reference"
      }
    },
    {
      "type": "Feature",
      "id": "osm:way/564552301",
      "geometry": {
        "type": "LineString",
        "coordinates": [
          [
            107.15351968041169,
            -6.258528067133984
          ],
          [
            107.15334550000001,
            -6.258385600000001
          ],
          [
            107.15320030000001,
            -6.258333799999998
          ],
          [
            107.15298770000001,
            -6.2582979000000005
          ],
          [
            107.1529104,
            -6.258281799999998
          ],
          [
            107.1528618,
            -6.2582674
          ],
          [
            107.15280540000002,
            -6.2582398
          ]
        ]
      },
      "properties": {
        "@id": "way/564552301",
        "access": "private",
        "highway": "service",
        "source_records": [
          {
            "file": "jalan_cikarang.geojson",
            "record": 261
          },
          {
            "file": "osm_cikarang_1km.geojson",
            "record": 261
          }
        ],
        "dataset_role": "osm_reference",
        "radius_m": 1000,
        "geometry_clipped": true,
        "center_status": "unverified_geocoded_station_reference"
      }
    },
    {
      "type": "Feature",
      "id": "osm:way/564552509",
      "geometry": {
        "type": "LineString",
        "coordinates": [
          [
            107.1537371,
            -6.2549282999999996
          ],
          [
            107.1537204,
            -6.2549294999999985
          ],
          [
            107.15370430000002,
            -6.254929
          ],
          [
            107.153459,
            -6.254873000000001
          ],
          [
            107.1533559,
            -6.254845199999999
          ],
          [
            107.1529991,
            -6.254715200000001
          ]
        ]
      },
      "properties": {
        "@id": "way/564552509",
        "highway": "living_street",
        "oneway": "no",
        "source_records": [
          {
            "file": "jalan_cikarang.geojson",
            "record": 262
          },
          {
            "file": "osm_cikarang_1km.geojson",
            "record": 262
          }
        ],
        "dataset_role": "osm_reference",
        "radius_m": 1000,
        "geometry_clipped": false,
        "center_status": "unverified_geocoded_station_reference"
      }
    },
    {
      "type": "Feature",
      "id": "osm:way/564552515",
      "geometry": {
        "type": "MultiLineString",
        "coordinates": [
          [
            [
              107.15327860000001,
              -6.252456099999999
            ],
            [
              107.15354740000001,
              -6.252533399999998
            ],
            [
              107.15366010000001,
              -6.252565400000001
            ],
            [
              107.15368453435578,
              -6.252572438414849
            ]
          ],
          [
            [
              107.15383706521307,
              -6.253108901031428
            ],
            [
              107.1537962,
              -6.2531713
            ],
            [
              107.1537606,
              -6.253218599999999
            ],
            [
              107.15373990000002,
              -6.2532259
            ],
            [
              107.15370710000002,
              -6.253225100000001
            ],
            [
              107.153644,
              -6.2532039
            ],
            [
              107.1535528,
              -6.253165299999999
            ],
            [
              107.15339720000001,
              -6.253113299999998
            ],
            [
              107.15306280000001,
              -6.253014
            ]
          ]
        ]
      },
      "properties": {
        "@id": "way/564552515",
        "highway": "living_street",
        "oneway": "no",
        "source_records": [
          {
            "file": "jalan_cikarang.geojson",
            "record": 263
          },
          {
            "file": "osm_cikarang_1km.geojson",
            "record": 263
          }
        ],
        "dataset_role": "osm_reference",
        "radius_m": 1000,
        "geometry_clipped": true,
        "center_status": "unverified_geocoded_station_reference"
      }
    },
    {
      "type": "Feature",
      "id": "osm:way/564605443",
      "geometry": {
        "type": "LineString",
        "coordinates": [
          [
            107.1486664,
            -6.263490100000001
          ],
          [
            107.14861292229646,
            -6.263633824854231
          ]
        ]
      },
      "properties": {
        "@id": "way/564605443",
        "highway": "residential",
        "source_records": [
          {
            "file": "jalan_cikarang.geojson",
            "record": 265
          },
          {
            "file": "osm_cikarang_1km.geojson",
            "record": 265
          }
        ],
        "dataset_role": "osm_reference",
        "radius_m": 1000,
        "geometry_clipped": true,
        "center_status": "unverified_geocoded_station_reference"
      }
    },
    {
      "type": "Feature",
      "id": "osm:way/564605446",
      "geometry": {
        "type": "LineString",
        "coordinates": [
          [
            107.1472982,
            -6.263821200000001
          ],
          [
            107.1475609,
            -6.2639084
          ],
          [
            107.14771275690845,
            -6.2639620819130615
          ]
        ]
      },
      "properties": {
        "@id": "way/564605446",
        "highway": "residential",
        "source_records": [
          {
            "file": "jalan_cikarang.geojson",
            "record": 266
          },
          {
            "file": "osm_cikarang_1km.geojson",
            "record": 266
          }
        ],
        "dataset_role": "osm_reference",
        "radius_m": 1000,
        "geometry_clipped": true,
        "center_status": "unverified_geocoded_station_reference"
      }
    },
    {
      "type": "Feature",
      "id": "osm:way/566566077",
      "geometry": {
        "type": "LineString",
        "coordinates": [
          [
            107.13662810000001,
            -6.256111199999999
          ],
          [
            107.13707859999998,
            -6.253967799999999
          ]
        ]
      },
      "properties": {
        "@id": "way/566566077",
        "access": "private",
        "highway": "service",
        "source_records": [
          {
            "file": "jalan_cikarang.geojson",
            "record": 267
          },
          {
            "file": "osm_cikarang_1km.geojson",
            "record": 267
          }
        ],
        "dataset_role": "osm_reference",
        "radius_m": 1000,
        "geometry_clipped": false,
        "center_status": "unverified_geocoded_station_reference"
      }
    },
    {
      "type": "Feature",
      "id": "osm:way/566566079",
      "geometry": {
        "type": "LineString",
        "coordinates": [
          [
            107.1363464,
            -6.256050099999999
          ],
          [
            107.13662810000001,
            -6.256111199999999
          ],
          [
            107.1369098,
            -6.256173600000001
          ],
          [
            107.13733880000001,
            -6.256268699999999
          ],
          [
            107.137953,
            -6.256396799999998
          ],
          [
            107.13798789999998,
            -6.2563728
          ],
          [
            107.13799860000002,
            -6.256346099999998
          ],
          [
            107.13825339999998,
            -6.255100999999999
          ],
          [
            107.13842909999998,
            -6.254247799999998
          ],
          [
            107.1384412,
            -6.254199800000002
          ],
          [
            107.13842779999999,
            -6.2541731
          ],
          [
            107.1383849,
            -6.2541623999999985
          ],
          [
            107.13795439999998,
            -6.2540718
          ],
          [
            107.13793429999998,
            -6.254047799999999
          ],
          [
            107.1379302,
            -6.254011799999999
          ],
          [
            107.1380322,
            -6.2535585
          ]
        ]
      },
      "properties": {
        "@id": "way/566566079",
        "access": "private",
        "highway": "service",
        "source_records": [
          {
            "file": "export.geojson",
            "record": 94
          },
          {
            "file": "jalan_cikarang.geojson",
            "record": 268
          },
          {
            "file": "osm_cikarang_1km.geojson",
            "record": 268
          }
        ],
        "dataset_role": "osm_reference",
        "radius_m": 1000,
        "geometry_clipped": false,
        "center_status": "unverified_geocoded_station_reference"
      }
    },
    {
      "type": "Feature",
      "id": "osm:way/566933831",
      "geometry": {
        "type": "LineString",
        "coordinates": [
          [
            107.14208409999999,
            -6.2618923
          ],
          [
            107.1421059,
            -6.262166099999999
          ],
          [
            107.14210849999999,
            -6.262326099999999
          ],
          [
            107.1421153,
            -6.263212599999998
          ]
        ]
      },
      "properties": {
        "@id": "way/566933831",
        "highway": "residential",
        "source_records": [
          {
            "file": "jalan_cikarang.geojson",
            "record": 269
          },
          {
            "file": "osm_cikarang_1km.geojson",
            "record": 269
          }
        ],
        "dataset_role": "osm_reference",
        "radius_m": 1000,
        "geometry_clipped": false,
        "center_status": "unverified_geocoded_station_reference"
      }
    },
    {
      "type": "Feature",
      "id": "osm:way/566933833",
      "geometry": {
        "type": "LineString",
        "coordinates": [
          [
            107.14189706116395,
            -6.2637793949957565
          ],
          [
            107.1419831,
            -6.2635259
          ],
          [
            107.1420452,
            -6.263378800000001
          ],
          [
            107.1421153,
            -6.263212599999998
          ]
        ]
      },
      "properties": {
        "@id": "way/566933833",
        "highway": "residential",
        "source_records": [
          {
            "file": "jalan_cikarang.geojson",
            "record": 270
          },
          {
            "file": "osm_cikarang_1km.geojson",
            "record": 270
          }
        ],
        "dataset_role": "osm_reference",
        "radius_m": 1000,
        "geometry_clipped": true,
        "center_status": "unverified_geocoded_station_reference"
      }
    },
    {
      "type": "Feature",
      "id": "osm:way/566933835",
      "geometry": {
        "type": "LineString",
        "coordinates": [
          [
            107.1442971,
            -6.248842699999999
          ],
          [
            107.1450958,
            -6.2491371
          ],
          [
            107.14519740000001,
            -6.249187199999999
          ],
          [
            107.1453474,
            -6.2493028
          ],
          [
            107.1454136,
            -6.2493538
          ],
          [
            107.1456574,
            -6.249558099999999
          ],
          [
            107.1457171,
            -6.249617899999998
          ]
        ]
      },
      "properties": {
        "@id": "way/566933835",
        "highway": "secondary",
        "lanes": "2",
        "name": "Jalan Raya Kali CBL",
        "source_records": [
          {
            "file": "jalan_cikarang.geojson",
            "record": 271
          },
          {
            "file": "osm_cikarang_1km.geojson",
            "record": 271
          }
        ],
        "dataset_role": "osm_reference",
        "radius_m": 1000,
        "geometry_clipped": false,
        "center_status": "unverified_geocoded_station_reference"
      }
    },
    {
      "type": "Feature",
      "id": "osm:way/568007842",
      "geometry": {
        "type": "LineString",
        "coordinates": [
          [
            107.1392688,
            -6.2522563
          ],
          [
            107.1392244,
            -6.252241399999999
          ],
          [
            107.1391842,
            -6.2522267
          ],
          [
            107.1386638,
            -6.2520948
          ],
          [
            107.1378374,
            -6.2519336999999995
          ],
          [
            107.1371167,
            -6.251778199999997
          ],
          [
            107.13678342104795,
            -6.251714597224828
          ]
        ]
      },
      "properties": {
        "@id": "way/568007842",
        "highway": "residential",
        "source_records": [
          {
            "file": "jalan_cikarang.geojson",
            "record": 272
          },
          {
            "file": "osm_cikarang_1km.geojson",
            "record": 272
          }
        ],
        "dataset_role": "osm_reference",
        "radius_m": 1000,
        "geometry_clipped": true,
        "center_status": "unverified_geocoded_station_reference"
      }
    },
    {
      "type": "Feature",
      "id": "osm:way/576929126",
      "geometry": {
        "type": "LineString",
        "coordinates": [
          [
            107.1521068,
            -6.2569024
          ],
          [
            107.15218110000002,
            -6.256595200000001
          ],
          [
            107.1522063,
            -6.256462099999999
          ],
          [
            107.1522036,
            -6.2563648
          ],
          [
            107.1521927,
            -6.256279000000001
          ],
          [
            107.1521513,
            -6.256104799999999
          ],
          [
            107.1521462,
            -6.256032099999999
          ],
          [
            107.15219079999999,
            -6.2558117
          ],
          [
            107.1522714,
            -6.255580100000001
          ],
          [
            107.15228269999999,
            -6.2555382
          ],
          [
            107.1523002,
            -6.255479599999999
          ],
          [
            107.1523176,
            -6.2553876
          ],
          [
            107.15232750000001,
            -6.2552316
          ],
          [
            107.15232489999998,
            -6.255159299999999
          ],
          [
            107.1523203,
            -6.255031599999999
          ],
          [
            107.1523216,
            -6.2549568
          ],
          [
            107.1523216,
            -6.2548556999999985
          ],
          [
            107.152333,
            -6.254767
          ],
          [
            107.15235920000002,
            -6.254694399999999
          ],
          [
            107.15243430000001,
            -6.254518399999999
          ],
          [
            107.15252930000001,
            -6.254295699999999
          ],
          [
            107.15261440000003,
            -6.254096299999995
          ],
          [
            107.1526632,
            -6.253982
          ],
          [
            107.1528179,
            -6.2536194
          ],
          [
            107.1529332,
            -6.253349200000001
          ],
          [
            107.1530114,
            -6.2531471
          ],
          [
            107.15303220000001,
            -6.253093299999996
          ],
          [
            107.15306280000001,
            -6.253014
          ],
          [
            107.15314410000002,
            -6.252803899999997
          ],
          [
            107.15323740000001,
            -6.2525626
          ],
          [
            107.15327860000001,
            -6.252456099999999
          ],
          [
            107.15336310000002,
            -6.2522376
          ],
          [
            107.1534448,
            -6.2520263
          ],
          [
            107.15347106159932,
            -6.251974535012887
          ]
        ]
      },
      "properties": {
        "@id": "way/576929126",
        "highway": "tertiary",
        "lanes": "2",
        "source_records": [
          {
            "file": "jalan_cikarang.geojson",
            "record": 273
          },
          {
            "file": "osm_cikarang_1km.geojson",
            "record": 273
          }
        ],
        "dataset_role": "osm_reference",
        "radius_m": 1000,
        "geometry_clipped": true,
        "center_status": "unverified_geocoded_station_reference"
      }
    },
    {
      "type": "Feature",
      "id": "osm:way/576929914",
      "geometry": {
        "type": "LineString",
        "coordinates": [
          [
            107.1432108,
            -6.249482500000001
          ],
          [
            107.1433885,
            -6.249280500000001
          ],
          [
            107.1434952,
            -6.249161199999999
          ]
        ]
      },
      "properties": {
        "@id": "way/576929914",
        "highway": "residential",
        "source_records": [
          {
            "file": "jalan_cikarang.geojson",
            "record": 274
          },
          {
            "file": "osm_cikarang_1km.geojson",
            "record": 274
          }
        ],
        "dataset_role": "osm_reference",
        "radius_m": 1000,
        "geometry_clipped": false,
        "center_status": "unverified_geocoded_station_reference"
      }
    },
    {
      "type": "Feature",
      "id": "osm:way/578751856",
      "geometry": {
        "type": "LineString",
        "coordinates": [
          [
            107.1444292,
            -6.2515442
          ],
          [
            107.14424420000002,
            -6.251334900000001
          ]
        ]
      },
      "properties": {
        "@id": "way/578751856",
        "highway": "residential",
        "source_records": [
          {
            "file": "jalan_cikarang.geojson",
            "record": 275
          },
          {
            "file": "osm_cikarang_1km.geojson",
            "record": 275
          }
        ],
        "dataset_role": "osm_reference",
        "radius_m": 1000,
        "geometry_clipped": false,
        "center_status": "unverified_geocoded_station_reference"
      }
    },
    {
      "type": "Feature",
      "id": "osm:way/592530033",
      "geometry": {
        "type": "LineString",
        "coordinates": [
          [
            107.1456574,
            -6.249558099999999
          ],
          [
            107.145765,
            -6.249432499999999
          ],
          [
            107.1458306,
            -6.249357800000001
          ],
          [
            107.1458924,
            -6.249316500000001
          ],
          [
            107.1459635,
            -6.2492965
          ],
          [
            107.14601840000002,
            -6.2492739
          ],
          [
            107.1460801,
            -6.249239200000001
          ],
          [
            107.1461284,
            -6.249199199999999
          ],
          [
            107.1461827,
            -6.249109599999999
          ],
          [
            107.1461844,
            -6.249087599999999
          ],
          [
            107.1461804,
            -6.249074600000001
          ],
          [
            107.1461163,
            -6.2490206
          ]
        ]
      },
      "properties": {
        "@id": "way/592530033",
        "highway": "residential",
        "source_records": [
          {
            "file": "jalan_cikarang.geojson",
            "record": 276
          },
          {
            "file": "osm_cikarang_1km.geojson",
            "record": 276
          }
        ],
        "dataset_role": "osm_reference",
        "radius_m": 1000,
        "geometry_clipped": false,
        "center_status": "unverified_geocoded_station_reference"
      }
    },
    {
      "type": "Feature",
      "id": "osm:way/592530034",
      "geometry": {
        "type": "LineString",
        "coordinates": [
          [
            107.14312169999998,
            -6.248215300000001
          ],
          [
            107.143174,
            -6.248114
          ]
        ]
      },
      "properties": {
        "@id": "way/592530034",
        "bridge": "yes",
        "highway": "residential",
        "layer": "1",
        "source_records": [
          {
            "file": "jalan_cikarang.geojson",
            "record": 277
          },
          {
            "file": "osm_cikarang_1km.geojson",
            "record": 277
          }
        ],
        "dataset_role": "osm_reference",
        "radius_m": 1000,
        "geometry_clipped": false,
        "center_status": "unverified_geocoded_station_reference"
      }
    },
    {
      "type": "Feature",
      "id": "osm:way/592530035",
      "geometry": {
        "type": "LineString",
        "coordinates": [
          [
            107.143174,
            -6.248114
          ],
          [
            107.14322089999999,
            -6.2480194000000004
          ]
        ]
      },
      "properties": {
        "@id": "way/592530035",
        "highway": "residential",
        "source_records": [
          {
            "file": "jalan_cikarang.geojson",
            "record": 278
          },
          {
            "file": "osm_cikarang_1km.geojson",
            "record": 278
          }
        ],
        "dataset_role": "osm_reference",
        "radius_m": 1000,
        "geometry_clipped": false,
        "center_status": "unverified_geocoded_station_reference"
      }
    },
    {
      "type": "Feature",
      "id": "osm:way/592530036",
      "geometry": {
        "type": "LineString",
        "coordinates": [
          [
            107.1430603,
            -6.248334200000001
          ],
          [
            107.14311199999999,
            -6.2482327
          ],
          [
            107.14312169999998,
            -6.248215300000001
          ]
        ]
      },
      "properties": {
        "@id": "way/592530036",
        "highway": "residential",
        "surface": "unpaved",
        "source_records": [
          {
            "file": "jalan_cikarang.geojson",
            "record": 279
          },
          {
            "file": "osm_cikarang_1km.geojson",
            "record": 279
          }
        ],
        "dataset_role": "osm_reference",
        "radius_m": 1000,
        "geometry_clipped": false,
        "center_status": "unverified_geocoded_station_reference"
      }
    },
    {
      "type": "Feature",
      "id": "osm:way/592530037",
      "geometry": {
        "type": "LineString",
        "coordinates": [
          [
            107.1472905,
            -6.252895
          ],
          [
            107.1471973,
            -6.252849300000002
          ],
          [
            107.1471383,
            -6.252820000000001
          ],
          [
            107.14708330000002,
            -6.2527800000000004
          ],
          [
            107.14695190000002,
            -6.252659999999997
          ]
        ]
      },
      "properties": {
        "@id": "way/592530037",
        "highway": "living_street",
        "motorcycle": "yes",
        "source_records": [
          {
            "file": "jalan_cikarang.geojson",
            "record": 280
          },
          {
            "file": "osm_cikarang_1km.geojson",
            "record": 280
          }
        ],
        "dataset_role": "osm_reference",
        "radius_m": 1000,
        "geometry_clipped": false,
        "center_status": "unverified_geocoded_station_reference"
      }
    },
    {
      "type": "Feature",
      "id": "osm:way/592530038",
      "geometry": {
        "type": "LineString",
        "coordinates": [
          [
            107.1442146,
            -6.252376100000001
          ],
          [
            107.14418070000002,
            -6.252338399999998
          ]
        ]
      },
      "properties": {
        "@id": "way/592530038",
        "highway": "residential",
        "source_records": [
          {
            "file": "jalan_cikarang.geojson",
            "record": 281
          },
          {
            "file": "osm_cikarang_1km.geojson",
            "record": 281
          }
        ],
        "dataset_role": "osm_reference",
        "radius_m": 1000,
        "geometry_clipped": false,
        "center_status": "unverified_geocoded_station_reference"
      }
    },
    {
      "type": "Feature",
      "id": "osm:way/592530040",
      "geometry": {
        "type": "LineString",
        "coordinates": [
          [
            107.1461269,
            -6.250755300000001
          ],
          [
            107.1464664,
            -6.251286899999999
          ],
          [
            107.1464716,
            -6.251289700000001
          ],
          [
            107.1464768,
            -6.251290600000001
          ],
          [
            107.146483,
            -6.2512889000000005
          ],
          [
            107.1464872,
            -6.251287399999999
          ],
          [
            107.1465529,
            -6.2512542
          ],
          [
            107.1465777,
            -6.251248200000001
          ],
          [
            107.1465978,
            -6.2512449000000005
          ],
          [
            107.1466186,
            -6.251240199999998
          ],
          [
            107.146636,
            -6.2512302
          ],
          [
            107.1466494,
            -6.2512176
          ],
          [
            107.1466615,
            -6.2512002
          ],
          [
            107.1466763,
            -6.251184900000001
          ],
          [
            107.1467044,
            -6.251163599999999
          ],
          [
            107.1468587,
            -6.251049599999999
          ],
          [
            107.1468648,
            -6.251047800000001
          ],
          [
            107.1468701,
            -6.2510474
          ],
          [
            107.1468761,
            -6.251048900000001
          ],
          [
            107.1468819,
            -6.251050799999999
          ],
          [
            107.14688560000002,
            -6.2510528
          ],
          [
            107.14688920000002,
            -6.251055699999998
          ],
          [
            107.1469988,
            -6.2512324
          ],
          [
            107.14700330000001,
            -6.251236399999999
          ],
          [
            107.1470099,
            -6.251237399999999
          ],
          [
            107.1470156,
            -6.2512367
          ],
          [
            107.1470209,
            -6.251234200000001
          ],
          [
            107.1470334,
            -6.2512254
          ]
        ]
      },
      "properties": {
        "@id": "way/592530040",
        "highway": "living_street",
        "motorcycle": "yes",
        "source_records": [
          {
            "file": "jalan_cikarang.geojson",
            "record": 282
          },
          {
            "file": "osm_cikarang_1km.geojson",
            "record": 282
          }
        ],
        "dataset_role": "osm_reference",
        "radius_m": 1000,
        "geometry_clipped": false,
        "center_status": "unverified_geocoded_station_reference"
      }
    },
    {
      "type": "Feature",
      "id": "osm:way/592530041",
      "geometry": {
        "type": "LineString",
        "coordinates": [
          [
            107.1404978,
            -6.2528169
          ],
          [
            107.1401395,
            -6.252708199999999
          ],
          [
            107.1397578,
            -6.252580399999999
          ]
        ]
      },
      "properties": {
        "@id": "way/592530041",
        "highway": "residential",
        "surface": "unpaved",
        "source_records": [
          {
            "file": "jalan_cikarang.geojson",
            "record": 283
          },
          {
            "file": "osm_cikarang_1km.geojson",
            "record": 283
          }
        ],
        "dataset_role": "osm_reference",
        "radius_m": 1000,
        "geometry_clipped": false,
        "center_status": "unverified_geocoded_station_reference"
      }
    },
    {
      "type": "Feature",
      "id": "osm:way/592530042",
      "geometry": {
        "type": "LineString",
        "coordinates": [
          [
            107.1391198,
            -6.250816299999999
          ],
          [
            107.1391808,
            -6.2506054
          ]
        ]
      },
      "properties": {
        "@id": "way/592530042",
        "access": "private",
        "highway": "residential",
        "source_records": [
          {
            "file": "jalan_cikarang.geojson",
            "record": 284
          },
          {
            "file": "osm_cikarang_1km.geojson",
            "record": 284
          }
        ],
        "dataset_role": "osm_reference",
        "radius_m": 1000,
        "geometry_clipped": false,
        "center_status": "unverified_geocoded_station_reference"
      }
    },
    {
      "type": "Feature",
      "id": "osm:way/592530043",
      "geometry": {
        "type": "LineString",
        "coordinates": [
          [
            107.1382934,
            -6.250404199999998
          ],
          [
            107.1383173,
            -6.250140400000001
          ]
        ]
      },
      "properties": {
        "@id": "way/592530043",
        "access": "private",
        "highway": "residential",
        "source_records": [
          {
            "file": "jalan_cikarang.geojson",
            "record": 285
          },
          {
            "file": "osm_cikarang_1km.geojson",
            "record": 285
          }
        ],
        "dataset_role": "osm_reference",
        "radius_m": 1000,
        "geometry_clipped": false,
        "center_status": "unverified_geocoded_station_reference"
      }
    },
    {
      "type": "Feature",
      "id": "osm:way/592530044",
      "geometry": {
        "type": "LineString",
        "coordinates": [
          [
            107.1383808,
            -6.249637800000002
          ],
          [
            107.1383607,
            -6.249872600000001
          ],
          [
            107.1383387,
            -6.2501424000000005
          ]
        ]
      },
      "properties": {
        "@id": "way/592530044",
        "access": "private",
        "highway": "residential",
        "source_records": [
          {
            "file": "jalan_cikarang.geojson",
            "record": 286
          },
          {
            "file": "osm_cikarang_1km.geojson",
            "record": 286
          }
        ],
        "dataset_role": "osm_reference",
        "radius_m": 1000,
        "geometry_clipped": false,
        "center_status": "unverified_geocoded_station_reference"
      }
    },
    {
      "type": "Feature",
      "id": "osm:way/592530047",
      "geometry": {
        "type": "LineString",
        "coordinates": [
          [
            107.1497675,
            -6.248312799999998
          ],
          [
            107.1497712,
            -6.248225299999998
          ],
          [
            107.1497745,
            -6.248212399999997
          ],
          [
            107.1497815,
            -6.2482036999999995
          ],
          [
            107.1498648,
            -6.248122699999998
          ],
          [
            107.14987580000002,
            -6.2481074
          ],
          [
            107.1498821,
            -6.248090000000002
          ],
          [
            107.1499506,
            -6.247726099999999
          ]
        ]
      },
      "properties": {
        "@id": "way/592530047",
        "access": "private",
        "highway": "service",
        "source_records": [
          {
            "file": "jalan_cikarang.geojson",
            "record": 287
          },
          {
            "file": "osm_cikarang_1km.geojson",
            "record": 287
          }
        ],
        "dataset_role": "osm_reference",
        "radius_m": 1000,
        "geometry_clipped": false,
        "center_status": "unverified_geocoded_station_reference"
      }
    },
    {
      "type": "Feature",
      "id": "osm:way/592530050",
      "geometry": {
        "type": "LineString",
        "coordinates": [
          [
            107.1519896,
            -6.250720299999999
          ],
          [
            107.15194610000002,
            -6.2510669
          ]
        ]
      },
      "properties": {
        "@id": "way/592530050",
        "highway": "living_street",
        "motorcycle": "yes",
        "source_records": [
          {
            "file": "jalan_cikarang.geojson",
            "record": 288
          },
          {
            "file": "osm_cikarang_1km.geojson",
            "record": 288
          }
        ],
        "dataset_role": "osm_reference",
        "radius_m": 1000,
        "geometry_clipped": false,
        "center_status": "unverified_geocoded_station_reference"
      }
    },
    {
      "type": "Feature",
      "id": "osm:way/592530056",
      "geometry": {
        "type": "LineString",
        "coordinates": [
          [
            107.14898,
            -6.248394000000001
          ],
          [
            107.1490433,
            -6.2485456
          ]
        ]
      },
      "properties": {
        "@id": "way/592530056",
        "bicycle": "yes",
        "bridge": "yes",
        "highway": "living_street",
        "layer": "1",
        "source_records": [
          {
            "file": "jalan_cikarang.geojson",
            "record": 289
          },
          {
            "file": "osm_cikarang_1km.geojson",
            "record": 289
          }
        ],
        "dataset_role": "osm_reference",
        "radius_m": 1000,
        "geometry_clipped": false,
        "center_status": "unverified_geocoded_station_reference"
      }
    },
    {
      "type": "Feature",
      "id": "osm:way/592530057",
      "geometry": {
        "type": "LineString",
        "coordinates": [
          [
            107.1490433,
            -6.2485456
          ],
          [
            107.1491338,
            -6.2487126
          ]
        ]
      },
      "properties": {
        "@id": "way/592530057",
        "highway": "living_street",
        "motorcycle": "yes",
        "source_records": [
          {
            "file": "jalan_cikarang.geojson",
            "record": 290
          },
          {
            "file": "osm_cikarang_1km.geojson",
            "record": 290
          }
        ],
        "dataset_role": "osm_reference",
        "radius_m": 1000,
        "geometry_clipped": false,
        "center_status": "unverified_geocoded_station_reference"
      }
    },
    {
      "type": "Feature",
      "id": "osm:way/592530060",
      "geometry": {
        "type": "LineString",
        "coordinates": [
          [
            107.1461686,
            -6.253307900000001
          ],
          [
            107.14695190000002,
            -6.252659999999997
          ]
        ]
      },
      "properties": {
        "@id": "way/592530060",
        "highway": "living_street",
        "motorcycle": "yes",
        "source_records": [
          {
            "file": "jalan_cikarang.geojson",
            "record": 291
          },
          {
            "file": "osm_cikarang_1km.geojson",
            "record": 291
          }
        ],
        "dataset_role": "osm_reference",
        "radius_m": 1000,
        "geometry_clipped": false,
        "center_status": "unverified_geocoded_station_reference"
      }
    },
    {
      "type": "Feature",
      "id": "osm:way/592530061",
      "geometry": {
        "type": "LineString",
        "coordinates": [
          [
            107.1453962,
            -6.2503037
          ],
          [
            107.1457509,
            -6.2498871
          ],
          [
            107.14581460000001,
            -6.2497871
          ],
          [
            107.14584680000002,
            -6.249735299999999
          ]
        ]
      },
      "properties": {
        "@id": "way/592530061",
        "highway": "residential",
        "surface": "unpaved",
        "source_records": [
          {
            "file": "jalan_cikarang.geojson",
            "record": 292
          },
          {
            "file": "osm_cikarang_1km.geojson",
            "record": 292
          }
        ],
        "dataset_role": "osm_reference",
        "radius_m": 1000,
        "geometry_clipped": false,
        "center_status": "unverified_geocoded_station_reference"
      }
    },
    {
      "type": "Feature",
      "id": "osm:way/592530062",
      "geometry": {
        "type": "LineString",
        "coordinates": [
          [
            107.14056009999999,
            -6.250597699999998
          ],
          [
            107.14098929999999,
            -6.250789599999999
          ]
        ]
      },
      "properties": {
        "@id": "way/592530062",
        "highway": "residential",
        "source_records": [
          {
            "file": "jalan_cikarang.geojson",
            "record": 293
          },
          {
            "file": "osm_cikarang_1km.geojson",
            "record": 293
          }
        ],
        "dataset_role": "osm_reference",
        "radius_m": 1000,
        "geometry_clipped": false,
        "center_status": "unverified_geocoded_station_reference"
      }
    },
    {
      "type": "Feature",
      "id": "osm:way/592530063",
      "geometry": {
        "type": "LineString",
        "coordinates": [
          [
            107.14060569999998,
            -6.250499
          ],
          [
            107.14028119999999,
            -6.250355000000001
          ]
        ]
      },
      "properties": {
        "@id": "way/592530063",
        "highway": "residential",
        "source_records": [
          {
            "file": "jalan_cikarang.geojson",
            "record": 294
          },
          {
            "file": "osm_cikarang_1km.geojson",
            "record": 294
          }
        ],
        "dataset_role": "osm_reference",
        "radius_m": 1000,
        "geometry_clipped": false,
        "center_status": "unverified_geocoded_station_reference"
      }
    },
    {
      "type": "Feature",
      "id": "osm:way/592530064",
      "geometry": {
        "type": "LineString",
        "coordinates": [
          [
            107.14071239999998,
            -6.2502390000000005
          ],
          [
            107.14060569999998,
            -6.250499
          ],
          [
            107.14056009999999,
            -6.250597699999998
          ],
          [
            107.14046089999998,
            -6.250818999999997
          ]
        ]
      },
      "properties": {
        "@id": "way/592530064",
        "highway": "residential",
        "source_records": [
          {
            "file": "jalan_cikarang.geojson",
            "record": 295
          },
          {
            "file": "osm_cikarang_1km.geojson",
            "record": 295
          }
        ],
        "dataset_role": "osm_reference",
        "radius_m": 1000,
        "geometry_clipped": false,
        "center_status": "unverified_geocoded_station_reference"
      }
    },
    {
      "type": "Feature",
      "id": "osm:way/592599580",
      "geometry": {
        "type": "LineString",
        "coordinates": [
          [
            107.14418390000002,
            -6.254477099999999
          ],
          [
            107.1442837,
            -6.2542344
          ],
          [
            107.14433,
            -6.254147099999997
          ],
          [
            107.1443655,
            -6.254094499999999
          ],
          [
            107.1444071,
            -6.254051799999999
          ]
        ]
      },
      "properties": {
        "@id": "way/592599580",
        "highway": "living_street",
        "motorcycle": "yes",
        "source_records": [
          {
            "file": "jalan_cikarang.geojson",
            "record": 296
          },
          {
            "file": "osm_cikarang_1km.geojson",
            "record": 296
          }
        ],
        "dataset_role": "osm_reference",
        "radius_m": 1000,
        "geometry_clipped": false,
        "center_status": "unverified_geocoded_station_reference"
      }
    },
    {
      "type": "Feature",
      "id": "osm:way/592599582",
      "geometry": {
        "type": "LineString",
        "coordinates": [
          [
            107.14668630000001,
            -6.2635489
          ],
          [
            107.14686060000001,
            -6.263612900000001
          ],
          [
            107.14698400000002,
            -6.263652900000001
          ],
          [
            107.14710340000002,
            -6.2636781999999975
          ],
          [
            107.1471879,
            -6.263674200000001
          ]
        ]
      },
      "properties": {
        "@id": "way/592599582",
        "access": "private",
        "highway": "service",
        "source_records": [
          {
            "file": "jalan_cikarang.geojson",
            "record": 297
          },
          {
            "file": "osm_cikarang_1km.geojson",
            "record": 297
          }
        ],
        "dataset_role": "osm_reference",
        "radius_m": 1000,
        "geometry_clipped": false,
        "center_status": "unverified_geocoded_station_reference"
      }
    },
    {
      "type": "Feature",
      "id": "osm:way/592599584",
      "geometry": {
        "type": "LineString",
        "coordinates": [
          [
            107.1495871,
            -6.254665
          ],
          [
            107.14951510000002,
            -6.254886999999998
          ],
          [
            107.14943050000001,
            -6.255103999999999
          ]
        ]
      },
      "properties": {
        "@id": "way/592599584",
        "highway": "living_street",
        "maxspeed": "5",
        "motorcar": "no",
        "source_records": [
          {
            "file": "export.geojson",
            "record": 95
          },
          {
            "file": "jalan_cikarang.geojson",
            "record": 298
          },
          {
            "file": "osm_cikarang_1km.geojson",
            "record": 298
          }
        ],
        "dataset_role": "osm_reference",
        "radius_m": 1000,
        "geometry_clipped": false,
        "center_status": "unverified_geocoded_station_reference"
      }
    },
    {
      "type": "Feature",
      "id": "osm:way/592599586",
      "geometry": {
        "type": "LineString",
        "coordinates": [
          [
            107.1444815,
            -6.255410199999998
          ],
          [
            107.1447377,
            -6.2555128999999985
          ],
          [
            107.1449174,
            -6.255542199999998
          ],
          [
            107.1452714,
            -6.2556809000000015
          ],
          [
            107.1452406,
            -6.2557662
          ],
          [
            107.1448933,
            -6.255630200000001
          ],
          [
            107.1447135,
            -6.255591600000001
          ]
        ]
      },
      "properties": {
        "@id": "way/592599586",
        "access": "private",
        "highway": "service",
        "oneway": "yes",
        "source_records": [
          {
            "file": "export.geojson",
            "record": 96
          },
          {
            "file": "jalan_cikarang.geojson",
            "record": 299
          },
          {
            "file": "osm_cikarang_1km.geojson",
            "record": 299
          }
        ],
        "dataset_role": "osm_reference",
        "radius_m": 1000,
        "geometry_clipped": false,
        "center_status": "unverified_geocoded_station_reference"
      }
    },
    {
      "type": "Feature",
      "id": "osm:way/592599588",
      "geometry": {
        "type": "LineString",
        "coordinates": [
          [
            107.1485423,
            -6.256491699999999
          ],
          [
            107.1485246,
            -6.256529999999998
          ],
          [
            107.1485108,
            -6.2565651
          ],
          [
            107.148469,
            -6.256690299999996
          ],
          [
            107.1484535,
            -6.256743800000002
          ]
        ]
      },
      "properties": {
        "@id": "way/592599588",
        "highway": "residential",
        "oneway": "no",
        "source_records": [
          {
            "file": "export.geojson",
            "record": 97
          },
          {
            "file": "jalan_cikarang.geojson",
            "record": 300
          },
          {
            "file": "osm_cikarang_1km.geojson",
            "record": 300
          }
        ],
        "dataset_role": "osm_reference",
        "radius_m": 1000,
        "geometry_clipped": false,
        "center_status": "unverified_geocoded_station_reference"
      }
    },
    {
      "type": "Feature",
      "id": "osm:way/592599591",
      "geometry": {
        "type": "LineString",
        "coordinates": [
          [
            107.1471056,
            -6.2582259
          ],
          [
            107.1471517,
            -6.2582724
          ],
          [
            107.147216,
            -6.258320399999998
          ],
          [
            107.1472831,
            -6.258367099999998
          ],
          [
            107.1473261,
            -6.258392099999998
          ],
          [
            107.14736940000002,
            -6.2584010999999995
          ],
          [
            107.1474497,
            -6.258382700000001
          ],
          [
            107.1478679,
            -6.258352899999999
          ]
        ]
      },
      "properties": {
        "@id": "way/592599591",
        "destination:ref": "1",
        "highway": "trunk_link",
        "lanes": "1",
        "oneway": "yes",
        "source_records": [
          {
            "file": "export.geojson",
            "record": 98
          },
          {
            "file": "jalan_cikarang.geojson",
            "record": 301
          },
          {
            "file": "osm_cikarang_1km.geojson",
            "record": 301
          }
        ],
        "dataset_role": "osm_reference",
        "radius_m": 1000,
        "geometry_clipped": false,
        "center_status": "unverified_geocoded_station_reference"
      }
    },
    {
      "type": "Feature",
      "id": "osm:way/592599593",
      "geometry": {
        "type": "LineString",
        "coordinates": [
          [
            107.1475422,
            -6.258487100000002
          ],
          [
            107.14743050000001,
            -6.258557199999999
          ],
          [
            107.1473332,
            -6.258621
          ],
          [
            107.1472287,
            -6.2586786000000005
          ],
          [
            107.1471873,
            -6.258715799999999
          ],
          [
            107.1471566,
            -6.258771799999999
          ],
          [
            107.1470767,
            -6.258908599999999
          ]
        ]
      },
      "properties": {
        "@id": "way/592599593",
        "destination": "Serang;Cibarusah",
        "highway": "trunk_link",
        "lanes": "1",
        "oneway": "yes",
        "source_records": [
          {
            "file": "export.geojson",
            "record": 99
          },
          {
            "file": "jalan_cikarang.geojson",
            "record": 302
          },
          {
            "file": "osm_cikarang_1km.geojson",
            "record": 302
          }
        ],
        "dataset_role": "osm_reference",
        "radius_m": 1000,
        "geometry_clipped": false,
        "center_status": "unverified_geocoded_station_reference"
      }
    },
    {
      "type": "Feature",
      "id": "osm:way/592599596",
      "geometry": {
        "type": "LineString",
        "coordinates": [
          [
            107.1470768,
            -6.2590046
          ],
          [
            107.1469609,
            -6.258859099999999
          ],
          [
            107.1468602,
            -6.258751199999999
          ]
        ]
      },
      "properties": {
        "@id": "way/592599596",
        "destination:ref": "1",
        "highway": "trunk_link",
        "lanes": "1",
        "oneway": "yes",
        "source_records": [
          {
            "file": "export.geojson",
            "record": 100
          },
          {
            "file": "jalan_cikarang.geojson",
            "record": 303
          },
          {
            "file": "osm_cikarang_1km.geojson",
            "record": 303
          }
        ],
        "dataset_role": "osm_reference",
        "radius_m": 1000,
        "geometry_clipped": false,
        "center_status": "unverified_geocoded_station_reference"
      }
    },
    {
      "type": "Feature",
      "id": "osm:way/592599600",
      "geometry": {
        "type": "LineString",
        "coordinates": [
          [
            107.1504314,
            -6.258863099999998
          ],
          [
            107.1505219,
            -6.258569800000001
          ],
          [
            107.1505889,
            -6.2583230999999975
          ],
          [
            107.1506077,
            -6.258291099999998
          ],
          [
            107.1506372,
            -6.2582884000000005
          ],
          [
            107.1510932,
            -6.258279099999999
          ]
        ]
      },
      "properties": {
        "@id": "way/592599600",
        "highway": "living_street",
        "motorcar": "no",
        "name": "Gang Haji Hanafi",
        "source_records": [
          {
            "file": "export.geojson",
            "record": 101
          },
          {
            "file": "jalan_cikarang.geojson",
            "record": 304
          },
          {
            "file": "osm_cikarang_1km.geojson",
            "record": 304
          }
        ],
        "dataset_role": "osm_reference",
        "radius_m": 1000,
        "geometry_clipped": false,
        "center_status": "unverified_geocoded_station_reference"
      }
    },
    {
      "type": "Feature",
      "id": "osm:way/592599601",
      "geometry": {
        "type": "LineString",
        "coordinates": [
          [
            107.15019491115797,
            -6.262763842152913
          ],
          [
            107.1502536,
            -6.2626170000000005
          ],
          [
            107.1505233,
            -6.261825899999999
          ]
        ]
      },
      "properties": {
        "@id": "way/592599601",
        "highway": "living_street",
        "motorcycle": "yes",
        "source_records": [
          {
            "file": "jalan_cikarang.geojson",
            "record": 305
          },
          {
            "file": "osm_cikarang_1km.geojson",
            "record": 305
          }
        ],
        "dataset_role": "osm_reference",
        "radius_m": 1000,
        "geometry_clipped": true,
        "center_status": "unverified_geocoded_station_reference"
      }
    },
    {
      "type": "Feature",
      "id": "osm:way/593586834",
      "geometry": {
        "type": "LineString",
        "coordinates": [
          [
            107.145677,
            -6.252449
          ],
          [
            107.1464054,
            -6.2519477000000006
          ]
        ]
      },
      "properties": {
        "@id": "way/593586834",
        "highway": "residential",
        "source_records": [
          {
            "file": "jalan_cikarang.geojson",
            "record": 306
          },
          {
            "file": "osm_cikarang_1km.geojson",
            "record": 306
          }
        ],
        "dataset_role": "osm_reference",
        "radius_m": 1000,
        "geometry_clipped": false,
        "center_status": "unverified_geocoded_station_reference"
      }
    },
    {
      "type": "Feature",
      "id": "osm:way/593586836",
      "geometry": {
        "type": "LineString",
        "coordinates": [
          [
            107.14695190000002,
            -6.252659999999997
          ],
          [
            107.1467889,
            -6.2523580999999995
          ],
          [
            107.1466138,
            -6.2520881
          ],
          [
            107.1464849,
            -6.2518801
          ],
          [
            107.146398,
            -6.2517328
          ],
          [
            107.1463826,
            -6.2517095
          ],
          [
            107.1463591,
            -6.2517022
          ],
          [
            107.1463269,
            -6.251706799999999
          ]
        ]
      },
      "properties": {
        "@id": "way/593586836",
        "highway": "living_street",
        "motorcycle": "yes",
        "source_records": [
          {
            "file": "jalan_cikarang.geojson",
            "record": 307
          },
          {
            "file": "osm_cikarang_1km.geojson",
            "record": 307
          }
        ],
        "dataset_role": "osm_reference",
        "radius_m": 1000,
        "geometry_clipped": false,
        "center_status": "unverified_geocoded_station_reference"
      }
    },
    {
      "type": "Feature",
      "id": "osm:way/595248341",
      "geometry": {
        "type": "LineString",
        "coordinates": [
          [
            107.14162630000001,
            -6.2562688
          ],
          [
            107.141629,
            -6.2558875
          ],
          [
            107.1416302,
            -6.255781299999999
          ]
        ]
      },
      "properties": {
        "@id": "way/595248341",
        "highway": "residential",
        "source_records": [
          {
            "file": "export.geojson",
            "record": 102
          },
          {
            "file": "jalan_cikarang.geojson",
            "record": 308
          },
          {
            "file": "osm_cikarang_1km.geojson",
            "record": 308
          }
        ],
        "dataset_role": "osm_reference",
        "radius_m": 1000,
        "geometry_clipped": false,
        "center_status": "unverified_geocoded_station_reference"
      }
    },
    {
      "type": "Feature",
      "id": "osm:way/673530615",
      "geometry": {
        "type": "LineString",
        "coordinates": [
          [
            107.1457619,
            -6.247974299999999
          ],
          [
            107.1459165,
            -6.248016700000001
          ],
          [
            107.1459956,
            -6.2480447
          ],
          [
            107.1460211,
            -6.248061399999998
          ],
          [
            107.14605,
            -6.248092699999999
          ],
          [
            107.1460728,
            -6.248128699999997
          ],
          [
            107.1460875,
            -6.2482054
          ]
        ]
      },
      "properties": {
        "@id": "way/673530615",
        "highway": "residential",
        "source_records": [
          {
            "file": "jalan_cikarang.geojson",
            "record": 309
          },
          {
            "file": "osm_cikarang_1km.geojson",
            "record": 309
          }
        ],
        "dataset_role": "osm_reference",
        "radius_m": 1000,
        "geometry_clipped": false,
        "center_status": "unverified_geocoded_station_reference"
      }
    },
    {
      "type": "Feature",
      "id": "osm:way/673531094",
      "geometry": {
        "type": "LineString",
        "coordinates": [
          [
            107.1446986,
            -6.26236
          ],
          [
            107.1447598,
            -6.262205099999997
          ],
          [
            107.14481280000001,
            -6.262017099999998
          ],
          [
            107.1448141,
            -6.261997099999999
          ],
          [
            107.1448034,
            -6.2619772
          ],
          [
            107.1447511,
            -6.261939799999998
          ],
          [
            107.1447216,
            -6.2619145000000005
          ],
          [
            107.1446371,
            -6.261793199999998
          ],
          [
            107.1446338,
            -6.261747899999998
          ],
          [
            107.1446519,
            -6.261690499999999
          ]
        ]
      },
      "properties": {
        "@id": "way/673531094",
        "highway": "residential",
        "surface": "unpaved",
        "source_records": [
          {
            "file": "export.geojson",
            "record": 103
          },
          {
            "file": "jalan_cikarang.geojson",
            "record": 310
          },
          {
            "file": "osm_cikarang_1km.geojson",
            "record": 310
          }
        ],
        "dataset_role": "osm_reference",
        "radius_m": 1000,
        "geometry_clipped": false,
        "center_status": "unverified_geocoded_station_reference"
      }
    },
    {
      "type": "Feature",
      "id": "osm:way/673531095",
      "geometry": {
        "type": "LineString",
        "coordinates": [
          [
            107.14636840000001,
            -6.263206200000001
          ],
          [
            107.14643710000001,
            -6.262693699999999
          ]
        ]
      },
      "properties": {
        "@id": "way/673531095",
        "highway": "residential",
        "motorcar": "no",
        "surface": "unpaved",
        "source_records": [
          {
            "file": "jalan_cikarang.geojson",
            "record": 311
          },
          {
            "file": "osm_cikarang_1km.geojson",
            "record": 311
          }
        ],
        "dataset_role": "osm_reference",
        "radius_m": 1000,
        "geometry_clipped": false,
        "center_status": "unverified_geocoded_station_reference"
      }
    },
    {
      "type": "Feature",
      "id": "osm:way/673553536",
      "geometry": {
        "type": "LineString",
        "coordinates": [
          [
            107.15059460000002,
            -6.2602127
          ],
          [
            107.15056950000002,
            -6.2603081
          ],
          [
            107.15056010000002,
            -6.260358799999997
          ],
          [
            107.15056410000001,
            -6.260383400000002
          ],
          [
            107.15057620000002,
            -6.2604017999999995
          ],
          [
            107.1506017,
            -6.260418099999999
          ],
          [
            107.15072030000002,
            -6.260458699999997
          ],
          [
            107.15072510000002,
            -6.260462099999998
          ],
          [
            107.15072770000002,
            -6.260466599999999
          ],
          [
            107.1507292,
            -6.260475200000001
          ],
          [
            107.1507266,
            -6.2604841
          ],
          [
            107.15069700000001,
            -6.2605625
          ],
          [
            107.15069560000002,
            -6.260569600000001
          ],
          [
            107.1506962,
            -6.260576099999998
          ],
          [
            107.1506995,
            -6.260582999999998
          ],
          [
            107.1508256,
            -6.2606527
          ],
          [
            107.1510642,
            -6.260789599999999
          ]
        ]
      },
      "properties": {
        "@id": "way/673553536",
        "highway": "living_street",
        "motorcycle": "yes",
        "source_records": [
          {
            "file": "export.geojson",
            "record": 104
          },
          {
            "file": "jalan_cikarang.geojson",
            "record": 312
          },
          {
            "file": "osm_cikarang_1km.geojson",
            "record": 312
          }
        ],
        "dataset_role": "osm_reference",
        "radius_m": 1000,
        "geometry_clipped": false,
        "center_status": "unverified_geocoded_station_reference"
      }
    },
    {
      "type": "Feature",
      "id": "osm:way/673553537",
      "geometry": {
        "type": "LineString",
        "coordinates": [
          [
            107.1449258,
            -6.2598996
          ],
          [
            107.14485100000002,
            -6.2597914999999995
          ],
          [
            107.144844,
            -6.259773900000001
          ],
          [
            107.1448436,
            -6.259754899999999
          ],
          [
            107.1448456,
            -6.2597439
          ],
          [
            107.1448517,
            -6.259735900000001
          ],
          [
            107.1448647,
            -6.259724500000001
          ],
          [
            107.1450951,
            -6.259539599999998
          ]
        ]
      },
      "properties": {
        "@id": "way/673553537",
        "highway": "service",
        "source_records": [
          {
            "file": "export.geojson",
            "record": 105
          },
          {
            "file": "jalan_cikarang.geojson",
            "record": 313
          },
          {
            "file": "osm_cikarang_1km.geojson",
            "record": 313
          }
        ],
        "dataset_role": "osm_reference",
        "radius_m": 1000,
        "geometry_clipped": false,
        "center_status": "unverified_geocoded_station_reference"
      }
    },
    {
      "type": "Feature",
      "id": "osm:way/673786637",
      "geometry": {
        "type": "LineString",
        "coordinates": [
          [
            107.1479114,
            -6.254531099999998
          ],
          [
            107.1478283,
            -6.254490399999996
          ],
          [
            107.1478129,
            -6.254488399999999
          ],
          [
            107.1478048,
            -6.254496399999997
          ],
          [
            107.14768549999998,
            -6.2547198
          ]
        ]
      },
      "properties": {
        "@id": "way/673786637",
        "highway": "living_street",
        "motorcycle": "yes",
        "source_records": [
          {
            "file": "jalan_cikarang.geojson",
            "record": 315
          },
          {
            "file": "osm_cikarang_1km.geojson",
            "record": 315
          }
        ],
        "dataset_role": "osm_reference",
        "radius_m": 1000,
        "geometry_clipped": false,
        "center_status": "unverified_geocoded_station_reference"
      }
    },
    {
      "type": "Feature",
      "id": "osm:way/673786638",
      "geometry": {
        "type": "LineString",
        "coordinates": [
          [
            107.1479114,
            -6.254531099999998
          ],
          [
            107.147998,
            -6.2545617
          ],
          [
            107.14808310000001,
            -6.254592400000001
          ],
          [
            107.1482667,
            -6.2546567
          ]
        ]
      },
      "properties": {
        "@id": "way/673786638",
        "highway": "living_street",
        "motorcycle": "yes",
        "source_records": [
          {
            "file": "jalan_cikarang.geojson",
            "record": 316
          },
          {
            "file": "osm_cikarang_1km.geojson",
            "record": 316
          }
        ],
        "dataset_role": "osm_reference",
        "radius_m": 1000,
        "geometry_clipped": false,
        "center_status": "unverified_geocoded_station_reference"
      }
    },
    {
      "type": "Feature",
      "id": "osm:way/673790975",
      "geometry": {
        "type": "LineString",
        "coordinates": [
          [
            107.1390797825957,
            -6.248546393222917
          ],
          [
            107.1393438,
            -6.248646
          ]
        ]
      },
      "properties": {
        "@id": "way/673790975",
        "highway": "service",
        "source_records": [
          {
            "file": "jalan_cikarang.geojson",
            "record": 317
          },
          {
            "file": "osm_cikarang_1km.geojson",
            "record": 317
          }
        ],
        "dataset_role": "osm_reference",
        "radius_m": 1000,
        "geometry_clipped": true,
        "center_status": "unverified_geocoded_station_reference"
      }
    },
    {
      "type": "Feature",
      "id": "osm:way/673797738",
      "geometry": {
        "type": "LineString",
        "coordinates": [
          [
            107.1390838,
            -6.255161700000001
          ],
          [
            107.1386021,
            -6.2550636
          ],
          [
            107.1385565,
            -6.255070300000001
          ],
          [
            107.1385163,
            -6.255091600000001
          ],
          [
            107.1384774,
            -6.255125
          ],
          [
            107.1384734,
            -6.255192899999997
          ],
          [
            107.1384841,
            -6.255231599999999
          ],
          [
            107.1384975,
            -6.255255600000001
          ]
        ]
      },
      "properties": {
        "@id": "way/673797738",
        "access": "private",
        "highway": "service",
        "source_records": [
          {
            "file": "export.geojson",
            "record": 107
          },
          {
            "file": "jalan_cikarang.geojson",
            "record": 319
          },
          {
            "file": "osm_cikarang_1km.geojson",
            "record": 319
          }
        ],
        "dataset_role": "osm_reference",
        "radius_m": 1000,
        "geometry_clipped": false,
        "center_status": "unverified_geocoded_station_reference"
      }
    },
    {
      "type": "Feature",
      "id": "osm:way/673797739",
      "geometry": {
        "type": "LineString",
        "coordinates": [
          [
            107.1390341,
            -6.255359300000001
          ],
          [
            107.1384975,
            -6.255255600000001
          ]
        ]
      },
      "properties": {
        "@id": "way/673797739",
        "access": "private",
        "highway": "service",
        "source_records": [
          {
            "file": "export.geojson",
            "record": 108
          },
          {
            "file": "jalan_cikarang.geojson",
            "record": 320
          },
          {
            "file": "osm_cikarang_1km.geojson",
            "record": 320
          }
        ],
        "dataset_role": "osm_reference",
        "radius_m": 1000,
        "geometry_clipped": false,
        "center_status": "unverified_geocoded_station_reference"
      }
    },
    {
      "type": "Feature",
      "id": "osm:way/673797740",
      "geometry": {
        "type": "LineString",
        "coordinates": [
          [
            107.1391344,
            -6.254960600000001
          ],
          [
            107.1390838,
            -6.255161700000001
          ],
          [
            107.1390341,
            -6.255359300000001
          ],
          [
            107.1389884,
            -6.255540900000001
          ],
          [
            107.13895619999998,
            -6.2555596
          ],
          [
            107.138916,
            -6.2555596
          ],
          [
            107.1385042,
            -6.255462199999999
          ]
        ]
      },
      "properties": {
        "@id": "way/673797740",
        "access": "private",
        "highway": "service",
        "source_records": [
          {
            "file": "export.geojson",
            "record": 109
          },
          {
            "file": "jalan_cikarang.geojson",
            "record": 321
          },
          {
            "file": "osm_cikarang_1km.geojson",
            "record": 321
          }
        ],
        "dataset_role": "osm_reference",
        "radius_m": 1000,
        "geometry_clipped": false,
        "center_status": "unverified_geocoded_station_reference"
      }
    },
    {
      "type": "Feature",
      "id": "osm:way/673797741",
      "geometry": {
        "type": "LineString",
        "coordinates": [
          [
            107.1394987,
            -6.2548829999999995
          ],
          [
            107.1393532,
            -6.254826299999999
          ],
          [
            107.1393129,
            -6.2547997
          ],
          [
            107.1387,
            -6.254655700000001
          ],
          [
            107.13866109999998,
            -6.254662399999998
          ],
          [
            107.1386196,
            -6.2546824
          ],
          [
            107.13858739999999,
            -6.254721
          ],
          [
            107.13856990000001,
            -6.254759700000001
          ],
          [
            107.138574,
            -6.254804999999999
          ],
          [
            107.1386008,
            -6.254839699999999
          ],
          [
            107.13863830000001,
            -6.2548583
          ],
          [
            107.1391344,
            -6.254960600000001
          ],
          [
            107.13946739999999,
            -6.255029300000001
          ]
        ]
      },
      "properties": {
        "@id": "way/673797741",
        "access": "private",
        "highway": "service",
        "source_records": [
          {
            "file": "export.geojson",
            "record": 110
          },
          {
            "file": "jalan_cikarang.geojson",
            "record": 322
          },
          {
            "file": "osm_cikarang_1km.geojson",
            "record": 322
          }
        ],
        "dataset_role": "osm_reference",
        "radius_m": 1000,
        "geometry_clipped": false,
        "center_status": "unverified_geocoded_station_reference"
      }
    },
    {
      "type": "Feature",
      "id": "osm:way/673797742",
      "geometry": {
        "type": "LineString",
        "coordinates": [
          [
            107.1369098,
            -6.256173600000001
          ],
          [
            107.1371993,
            -6.2547943
          ],
          [
            107.13736029999998,
            -6.254071799999999
          ]
        ]
      },
      "properties": {
        "@id": "way/673797742",
        "access": "private",
        "highway": "service",
        "source_records": [
          {
            "file": "jalan_cikarang.geojson",
            "record": 323
          },
          {
            "file": "osm_cikarang_1km.geojson",
            "record": 323
          }
        ],
        "dataset_role": "osm_reference",
        "radius_m": 1000,
        "geometry_clipped": false,
        "center_status": "unverified_geocoded_station_reference"
      }
    },
    {
      "type": "Feature",
      "id": "osm:way/673797743",
      "geometry": {
        "type": "LineString",
        "coordinates": [
          [
            107.13730820000002,
            -6.2564141
          ],
          [
            107.1379437,
            -6.2565674
          ]
        ]
      },
      "properties": {
        "@id": "way/673797743",
        "access": "private",
        "highway": "service",
        "source_records": [
          {
            "file": "export.geojson",
            "record": 111
          },
          {
            "file": "jalan_cikarang.geojson",
            "record": 324
          },
          {
            "file": "osm_cikarang_1km.geojson",
            "record": 324
          }
        ],
        "dataset_role": "osm_reference",
        "radius_m": 1000,
        "geometry_clipped": false,
        "center_status": "unverified_geocoded_station_reference"
      }
    },
    {
      "type": "Feature",
      "id": "osm:way/673797744",
      "geometry": {
        "type": "LineString",
        "coordinates": [
          [
            107.13725080000002,
            -6.2566871999999965
          ],
          [
            107.1378551,
            -6.256813999999999
          ]
        ]
      },
      "properties": {
        "@id": "way/673797744",
        "access": "private",
        "highway": "service",
        "source_records": [
          {
            "file": "export.geojson",
            "record": 112
          },
          {
            "file": "jalan_cikarang.geojson",
            "record": 325
          },
          {
            "file": "osm_cikarang_1km.geojson",
            "record": 325
          }
        ],
        "dataset_role": "osm_reference",
        "radius_m": 1000,
        "geometry_clipped": false,
        "center_status": "unverified_geocoded_station_reference"
      }
    },
    {
      "type": "Feature",
      "id": "osm:way/673797745",
      "geometry": {
        "type": "LineString",
        "coordinates": [
          [
            107.1394334,
            -6.2590755
          ],
          [
            107.1391842,
            -6.258996299999999
          ],
          [
            107.1390823,
            -6.258991
          ],
          [
            107.13903669999999,
            -6.259004300000002
          ],
          [
            107.13897629999998,
            -6.258999
          ]
        ]
      },
      "properties": {
        "@id": "way/673797745",
        "highway": "service",
        "surface": "unpaved",
        "source_records": [
          {
            "file": "export.geojson",
            "record": 113
          },
          {
            "file": "jalan_cikarang.geojson",
            "record": 326
          },
          {
            "file": "osm_cikarang_1km.geojson",
            "record": 326
          }
        ],
        "dataset_role": "osm_reference",
        "radius_m": 1000,
        "geometry_clipped": false,
        "center_status": "unverified_geocoded_station_reference"
      }
    },
    {
      "type": "Feature",
      "id": "osm:way/673802345",
      "geometry": {
        "type": "LineString",
        "coordinates": [
          [
            107.1398627,
            -6.258014099999999
          ],
          [
            107.1395785,
            -6.257884499999999
          ],
          [
            107.1395221,
            -6.257828499999997
          ],
          [
            107.139498,
            -6.257753899999997
          ],
          [
            107.13948729999998,
            -6.257668500000001
          ],
          [
            107.13943360000002,
            -6.257617899999998
          ]
        ]
      },
      "properties": {
        "@id": "way/673802345",
        "access": "private",
        "highway": "service",
        "source_records": [
          {
            "file": "export.geojson",
            "record": 114
          },
          {
            "file": "jalan_cikarang.geojson",
            "record": 327
          },
          {
            "file": "osm_cikarang_1km.geojson",
            "record": 327
          }
        ],
        "dataset_role": "osm_reference",
        "radius_m": 1000,
        "geometry_clipped": false,
        "center_status": "unverified_geocoded_station_reference"
      }
    },
    {
      "type": "Feature",
      "id": "osm:way/694937860",
      "geometry": {
        "type": "LineString",
        "coordinates": [
          [
            107.139559,
            -6.258811999999997
          ],
          [
            107.1401462,
            -6.259057299999999
          ]
        ]
      },
      "properties": {
        "@id": "way/694937860",
        "highway": "residential",
        "source_records": [
          {
            "file": "export.geojson",
            "record": 117
          },
          {
            "file": "jalan_cikarang.geojson",
            "record": 330
          },
          {
            "file": "osm_cikarang_1km.geojson",
            "record": 330
          }
        ],
        "dataset_role": "osm_reference",
        "radius_m": 1000,
        "geometry_clipped": false,
        "center_status": "unverified_geocoded_station_reference"
      }
    },
    {
      "type": "Feature",
      "id": "osm:way/694948068",
      "geometry": {
        "type": "LineString",
        "coordinates": [
          [
            107.13795439999998,
            -6.2540718
          ],
          [
            107.1374448,
            -6.2539731
          ]
        ]
      },
      "properties": {
        "@id": "way/694948068",
        "access": "private",
        "highway": "service",
        "source_records": [
          {
            "file": "jalan_cikarang.geojson",
            "record": 331
          },
          {
            "file": "osm_cikarang_1km.geojson",
            "record": 331
          }
        ],
        "dataset_role": "osm_reference",
        "radius_m": 1000,
        "geometry_clipped": false,
        "center_status": "unverified_geocoded_station_reference"
      }
    },
    {
      "type": "Feature",
      "id": "osm:way/694948069",
      "geometry": {
        "type": "LineString",
        "coordinates": [
          [
            107.1385042,
            -6.255462199999999
          ],
          [
            107.1384627,
            -6.255432900000001
          ],
          [
            107.1384345,
            -6.255378300000001
          ],
          [
            107.1384291,
            -6.255327600000001
          ],
          [
            107.1384493,
            -6.2552849
          ],
          [
            107.1384975,
            -6.255255600000001
          ]
        ]
      },
      "properties": {
        "@id": "way/694948069",
        "access": "private",
        "highway": "service",
        "source_records": [
          {
            "file": "export.geojson",
            "record": 118
          },
          {
            "file": "jalan_cikarang.geojson",
            "record": 332
          },
          {
            "file": "osm_cikarang_1km.geojson",
            "record": 332
          }
        ],
        "dataset_role": "osm_reference",
        "radius_m": 1000,
        "geometry_clipped": false,
        "center_status": "unverified_geocoded_station_reference"
      }
    },
    {
      "type": "Feature",
      "id": "osm:way/694968886",
      "geometry": {
        "type": "LineString",
        "coordinates": [
          [
            107.1400712,
            -6.248420399999998
          ],
          [
            107.1401519,
            -6.248210499999999
          ]
        ]
      },
      "properties": {
        "@id": "way/694968886",
        "highway": "residential",
        "source_records": [
          {
            "file": "jalan_cikarang.geojson",
            "record": 333
          },
          {
            "file": "osm_cikarang_1km.geojson",
            "record": 333
          }
        ],
        "dataset_role": "osm_reference",
        "radius_m": 1000,
        "geometry_clipped": false,
        "center_status": "unverified_geocoded_station_reference"
      }
    },
    {
      "type": "Feature",
      "id": "osm:way/694968887",
      "geometry": {
        "type": "LineString",
        "coordinates": [
          [
            107.13804059999998,
            -6.258973700000001
          ],
          [
            107.1381059,
            -6.258709699999998
          ]
        ]
      },
      "properties": {
        "@id": "way/694968887",
        "access": "private",
        "highway": "service",
        "source_records": [
          {
            "file": "export.geojson",
            "record": 119
          },
          {
            "file": "jalan_cikarang.geojson",
            "record": 334
          },
          {
            "file": "osm_cikarang_1km.geojson",
            "record": 334
          }
        ],
        "dataset_role": "osm_reference",
        "radius_m": 1000,
        "geometry_clipped": false,
        "center_status": "unverified_geocoded_station_reference"
      }
    },
    {
      "type": "Feature",
      "id": "osm:way/695015063",
      "geometry": {
        "type": "LineString",
        "coordinates": [
          [
            107.1387518,
            -6.2504633
          ],
          [
            107.13881030000002,
            -6.2501971
          ]
        ]
      },
      "properties": {
        "@id": "way/695015063",
        "access": "private",
        "highway": "residential",
        "source_records": [
          {
            "file": "jalan_cikarang.geojson",
            "record": 335
          },
          {
            "file": "osm_cikarang_1km.geojson",
            "record": 335
          }
        ],
        "dataset_role": "osm_reference",
        "radius_m": 1000,
        "geometry_clipped": false,
        "center_status": "unverified_geocoded_station_reference"
      }
    },
    {
      "type": "Feature",
      "id": "osm:way/695015064",
      "geometry": {
        "type": "LineString",
        "coordinates": [
          [
            107.13885730000001,
            -6.250198499999998
          ],
          [
            107.1389012,
            -6.249936799999999
          ]
        ]
      },
      "properties": {
        "@id": "way/695015064",
        "access": "private",
        "highway": "residential",
        "source_records": [
          {
            "file": "jalan_cikarang.geojson",
            "record": 336
          },
          {
            "file": "osm_cikarang_1km.geojson",
            "record": 336
          }
        ],
        "dataset_role": "osm_reference",
        "radius_m": 1000,
        "geometry_clipped": false,
        "center_status": "unverified_geocoded_station_reference"
      }
    },
    {
      "type": "Feature",
      "id": "osm:way/695015065",
      "geometry": {
        "type": "LineString",
        "coordinates": [
          [
            107.1389334,
            -6.2499435
          ],
          [
            107.1389816,
            -6.249704399999999
          ]
        ]
      },
      "properties": {
        "@id": "way/695015065",
        "access": "private",
        "highway": "residential",
        "source_records": [
          {
            "file": "jalan_cikarang.geojson",
            "record": 337
          },
          {
            "file": "osm_cikarang_1km.geojson",
            "record": 337
          }
        ],
        "dataset_role": "osm_reference",
        "radius_m": 1000,
        "geometry_clipped": false,
        "center_status": "unverified_geocoded_station_reference"
      }
    },
    {
      "type": "Feature",
      "id": "osm:way/697794709",
      "geometry": {
        "type": "LineString",
        "coordinates": [
          [
            107.1501457,
            -6.261133399999999
          ],
          [
            107.15020810000001,
            -6.260953299999999
          ],
          [
            107.15030600000001,
            -6.2606894
          ]
        ]
      },
      "properties": {
        "@id": "way/697794709",
        "highway": "living_street",
        "motorcycle": "yes",
        "source_records": [
          {
            "file": "export.geojson",
            "record": 120
          },
          {
            "file": "jalan_cikarang.geojson",
            "record": 338
          },
          {
            "file": "osm_cikarang_1km.geojson",
            "record": 338
          }
        ],
        "dataset_role": "osm_reference",
        "radius_m": 1000,
        "geometry_clipped": false,
        "center_status": "unverified_geocoded_station_reference"
      }
    },
    {
      "type": "Feature",
      "id": "osm:way/697797122",
      "geometry": {
        "type": "LineString",
        "coordinates": [
          [
            107.1443545,
            -6.260209999999998
          ],
          [
            107.1443131,
            -6.260161499999998
          ],
          [
            107.1442946,
            -6.260141
          ],
          [
            107.1442665,
            -6.2601263000000005
          ],
          [
            107.1442391,
            -6.2601279000000005
          ],
          [
            107.1441997,
            -6.2601531
          ],
          [
            107.1441625,
            -6.260181300000002
          ],
          [
            107.1441054,
            -6.260219000000002
          ],
          [
            107.1440138,
            -6.260270799999999
          ],
          [
            107.1439949,
            -6.2602747999999995
          ],
          [
            107.1439769,
            -6.260267599999999
          ],
          [
            107.14395160000001,
            -6.2602285
          ],
          [
            107.1439116,
            -6.260167799999998
          ],
          [
            107.1438733,
            -6.2601094999999995
          ],
          [
            107.1438324,
            -6.260055499999999
          ],
          [
            107.1438029,
            -6.260019799999999
          ],
          [
            107.1437701,
            -6.259983500000001
          ]
        ]
      },
      "properties": {
        "@id": "way/697797122",
        "access": "private",
        "highway": "service",
        "source_records": [
          {
            "file": "export.geojson",
            "record": 121
          },
          {
            "file": "jalan_cikarang.geojson",
            "record": 339
          },
          {
            "file": "osm_cikarang_1km.geojson",
            "record": 339
          }
        ],
        "dataset_role": "osm_reference",
        "radius_m": 1000,
        "geometry_clipped": false,
        "center_status": "unverified_geocoded_station_reference"
      }
    },
    {
      "type": "Feature",
      "id": "osm:way/697808266",
      "geometry": {
        "type": "LineString",
        "coordinates": [
          [
            107.15165380000002,
            -6.259669500000001
          ],
          [
            107.15171880000001,
            -6.259519599999998
          ],
          [
            107.15176840000001,
            -6.259406299999999
          ],
          [
            107.15177610000002,
            -6.2593761999999975
          ]
        ]
      },
      "properties": {
        "@id": "way/697808266",
        "highway": "service",
        "source_records": [
          {
            "file": "jalan_cikarang.geojson",
            "record": 340
          },
          {
            "file": "osm_cikarang_1km.geojson",
            "record": 340
          }
        ],
        "dataset_role": "osm_reference",
        "radius_m": 1000,
        "geometry_clipped": false,
        "center_status": "unverified_geocoded_station_reference"
      }
    },
    {
      "type": "Feature",
      "id": "osm:way/697817332",
      "geometry": {
        "type": "LineString",
        "coordinates": [
          [
            107.145258,
            -6.262481999999999
          ],
          [
            107.1452962,
            -6.2623907999999995
          ],
          [
            107.145313,
            -6.2623427
          ],
          [
            107.1453416,
            -6.262281399999999
          ]
        ]
      },
      "properties": {
        "@id": "way/697817332",
        "highway": "residential",
        "surface": "unpaved",
        "source_records": [
          {
            "file": "jalan_cikarang.geojson",
            "record": 341
          },
          {
            "file": "osm_cikarang_1km.geojson",
            "record": 341
          }
        ],
        "dataset_role": "osm_reference",
        "radius_m": 1000,
        "geometry_clipped": false,
        "center_status": "unverified_geocoded_station_reference"
      }
    },
    {
      "type": "Feature",
      "id": "osm:way/697824729",
      "geometry": {
        "type": "LineString",
        "coordinates": [
          [
            107.1439408,
            -6.261968699999999
          ],
          [
            107.1439096,
            -6.2620287999999995
          ]
        ]
      },
      "properties": {
        "@id": "way/697824729",
        "highway": "service",
        "source_records": [
          {
            "file": "jalan_cikarang.geojson",
            "record": 342
          },
          {
            "file": "osm_cikarang_1km.geojson",
            "record": 342
          }
        ],
        "dataset_role": "osm_reference",
        "radius_m": 1000,
        "geometry_clipped": false,
        "center_status": "unverified_geocoded_station_reference"
      }
    },
    {
      "type": "Feature",
      "id": "osm:way/698006966",
      "geometry": {
        "type": "LineString",
        "coordinates": [
          [
            107.140249,
            -6.2586644
          ],
          [
            107.14020070000001,
            -6.258576399999998
          ],
          [
            107.1401377,
            -6.2584884
          ],
          [
            107.1398534,
            -6.2583538
          ]
        ]
      },
      "properties": {
        "@id": "way/698006966",
        "access": "private",
        "highway": "service",
        "source_records": [
          {
            "file": "export.geojson",
            "record": 122
          },
          {
            "file": "jalan_cikarang.geojson",
            "record": 343
          },
          {
            "file": "osm_cikarang_1km.geojson",
            "record": 343
          }
        ],
        "dataset_role": "osm_reference",
        "radius_m": 1000,
        "geometry_clipped": false,
        "center_status": "unverified_geocoded_station_reference"
      }
    },
    {
      "type": "Feature",
      "id": "osm:way/698006967",
      "geometry": {
        "type": "LineString",
        "coordinates": [
          [
            107.139968,
            -6.2579519999999995
          ],
          [
            107.1402403,
            -6.2580418
          ],
          [
            107.140308,
            -6.2580684999999985
          ]
        ]
      },
      "properties": {
        "@id": "way/698006967",
        "highway": "residential",
        "source_records": [
          {
            "file": "export.geojson",
            "record": 123
          },
          {
            "file": "jalan_cikarang.geojson",
            "record": 344
          },
          {
            "file": "osm_cikarang_1km.geojson",
            "record": 344
          }
        ],
        "dataset_role": "osm_reference",
        "radius_m": 1000,
        "geometry_clipped": false,
        "center_status": "unverified_geocoded_station_reference"
      }
    },
    {
      "type": "Feature",
      "id": "osm:way/698006968",
      "geometry": {
        "type": "LineString",
        "coordinates": [
          [
            107.14090880000002,
            -6.2585017
          ],
          [
            107.1403348,
            -6.258257800000001
          ],
          [
            107.1399125,
            -6.2580689
          ]
        ]
      },
      "properties": {
        "@id": "way/698006968",
        "highway": "living_street",
        "motorcar": "no",
        "motorcycle": "yes",
        "source_records": [
          {
            "file": "export.geojson",
            "record": 124
          },
          {
            "file": "jalan_cikarang.geojson",
            "record": 345
          },
          {
            "file": "osm_cikarang_1km.geojson",
            "record": 345
          }
        ],
        "dataset_role": "osm_reference",
        "radius_m": 1000,
        "geometry_clipped": false,
        "center_status": "unverified_geocoded_station_reference"
      }
    },
    {
      "type": "Feature",
      "id": "osm:way/700098282",
      "geometry": {
        "type": "LineString",
        "coordinates": [
          [
            107.1493677,
            -6.257980099999998
          ],
          [
            107.1493933,
            -6.258045799999998
          ],
          [
            107.1494204,
            -6.258123299999998
          ]
        ]
      },
      "properties": {
        "@id": "way/700098282",
        "highway": "living_street",
        "motorcar": "no",
        "source_records": [
          {
            "file": "export.geojson",
            "record": 125
          },
          {
            "file": "jalan_cikarang.geojson",
            "record": 346
          },
          {
            "file": "osm_cikarang_1km.geojson",
            "record": 346
          }
        ],
        "dataset_role": "osm_reference",
        "radius_m": 1000,
        "geometry_clipped": false,
        "center_status": "unverified_geocoded_station_reference"
      }
    },
    {
      "type": "Feature",
      "id": "osm:way/702375104",
      "geometry": {
        "type": "LineString",
        "coordinates": [
          [
            107.1385059,
            -6.261262999999999
          ],
          [
            107.1387041,
            -6.2613799000000006
          ],
          [
            107.1388543,
            -6.261427899999999
          ],
          [
            107.1388891,
            -6.261441199999999
          ],
          [
            107.1389025,
            -6.261459900000002
          ],
          [
            107.1389137,
            -6.2616597999999986
          ]
        ]
      },
      "properties": {
        "@id": "way/702375104",
        "highway": "service",
        "import": "yes",
        "source": "digitalglobe",
        "source_records": [
          {
            "file": "export.geojson",
            "record": 126
          },
          {
            "file": "jalan_cikarang.geojson",
            "record": 347
          },
          {
            "file": "osm_cikarang_1km.geojson",
            "record": 347
          }
        ],
        "dataset_role": "osm_reference",
        "radius_m": 1000,
        "geometry_clipped": false,
        "center_status": "unverified_geocoded_station_reference"
      }
    },
    {
      "type": "Feature",
      "id": "osm:way/702375106",
      "geometry": {
        "type": "LineString",
        "coordinates": [
          [
            107.13961489999998,
            -6.259754600000001
          ],
          [
            107.13955699999998,
            -6.2597321
          ],
          [
            107.13920789999999,
            -6.259548199999997
          ]
        ]
      },
      "properties": {
        "@id": "way/702375106",
        "highway": "residential",
        "import": "yes",
        "motorcar": "no",
        "source": "digitalglobe",
        "source_records": [
          {
            "file": "export.geojson",
            "record": 127
          },
          {
            "file": "jalan_cikarang.geojson",
            "record": 348
          },
          {
            "file": "osm_cikarang_1km.geojson",
            "record": 348
          }
        ],
        "dataset_role": "osm_reference",
        "radius_m": 1000,
        "geometry_clipped": false,
        "center_status": "unverified_geocoded_station_reference"
      }
    },
    {
      "type": "Feature",
      "id": "osm:way/702375107",
      "geometry": {
        "type": "LineString",
        "coordinates": [
          [
            107.141284,
            -6.255837399999999
          ],
          [
            107.14126830000001,
            -6.2555565
          ],
          [
            107.1412307,
            -6.255155599999999
          ],
          [
            107.1412039,
            -6.254868599999998
          ]
        ]
      },
      "properties": {
        "@id": "way/702375107",
        "highway": "residential",
        "import": "yes",
        "motorcar": "no",
        "source": "digitalglobe",
        "source_records": [
          {
            "file": "export.geojson",
            "record": 128
          },
          {
            "file": "jalan_cikarang.geojson",
            "record": 349
          },
          {
            "file": "osm_cikarang_1km.geojson",
            "record": 349
          }
        ],
        "dataset_role": "osm_reference",
        "radius_m": 1000,
        "geometry_clipped": false,
        "center_status": "unverified_geocoded_station_reference"
      }
    },
    {
      "type": "Feature",
      "id": "osm:way/702375109",
      "geometry": {
        "type": "LineString",
        "coordinates": [
          [
            107.1416302,
            -6.255781299999999
          ],
          [
            107.14162680000001,
            -6.2557368
          ]
        ]
      },
      "properties": {
        "@id": "way/702375109",
        "highway": "residential",
        "import": "yes",
        "source": "digitalglobe",
        "source_records": [
          {
            "file": "export.geojson",
            "record": 129
          },
          {
            "file": "jalan_cikarang.geojson",
            "record": 350
          },
          {
            "file": "osm_cikarang_1km.geojson",
            "record": 350
          }
        ],
        "dataset_role": "osm_reference",
        "radius_m": 1000,
        "geometry_clipped": false,
        "center_status": "unverified_geocoded_station_reference"
      }
    },
    {
      "type": "Feature",
      "id": "osm:way/702375110",
      "geometry": {
        "type": "LineString",
        "coordinates": [
          [
            107.14988290000001,
            -6.260627699999999
          ],
          [
            107.1498644,
            -6.260709000000001
          ],
          [
            107.1497947,
            -6.260975799999999
          ],
          [
            107.14978060000001,
            -6.261011099999998
          ]
        ]
      },
      "properties": {
        "@id": "way/702375110",
        "highway": "living_street",
        "import": "yes",
        "motorcycle": "yes",
        "source": "digitalglobe",
        "source_records": [
          {
            "file": "export.geojson",
            "record": 130
          },
          {
            "file": "jalan_cikarang.geojson",
            "record": 351
          },
          {
            "file": "osm_cikarang_1km.geojson",
            "record": 351
          }
        ],
        "dataset_role": "osm_reference",
        "radius_m": 1000,
        "geometry_clipped": false,
        "center_status": "unverified_geocoded_station_reference"
      }
    },
    {
      "type": "Feature",
      "id": "osm:way/702375111",
      "geometry": {
        "type": "LineString",
        "coordinates": [
          [
            107.14978060000001,
            -6.261011099999998
          ],
          [
            107.1498245,
            -6.261027599999999
          ],
          [
            107.1500686,
            -6.261106300000002
          ]
        ]
      },
      "properties": {
        "@id": "way/702375111",
        "highway": "living_street",
        "import": "yes",
        "motorcycle": "yes",
        "source": "digitalglobe",
        "source_records": [
          {
            "file": "export.geojson",
            "record": 131
          },
          {
            "file": "jalan_cikarang.geojson",
            "record": 352
          },
          {
            "file": "osm_cikarang_1km.geojson",
            "record": 352
          }
        ],
        "dataset_role": "osm_reference",
        "radius_m": 1000,
        "geometry_clipped": false,
        "center_status": "unverified_geocoded_station_reference"
      }
    },
    {
      "type": "Feature",
      "id": "osm:way/702375112",
      "geometry": {
        "type": "LineString",
        "coordinates": [
          [
            107.1496915,
            -6.261190499999999
          ],
          [
            107.14954150000001,
            -6.261147600000001
          ],
          [
            107.14944500000001,
            -6.2611346
          ],
          [
            107.149394,
            -6.2611426
          ],
          [
            107.14935380000001,
            -6.2611626
          ],
          [
            107.1493269,
            -6.2611933
          ],
          [
            107.14931090000002,
            -6.2612252999999995
          ],
          [
            107.14928,
            -6.261418599999999
          ]
        ]
      },
      "properties": {
        "@id": "way/702375112",
        "highway": "living_street",
        "import": "yes",
        "motorcycle": "yes",
        "source": "digitalglobe",
        "source_records": [
          {
            "file": "export.geojson",
            "record": 132
          },
          {
            "file": "jalan_cikarang.geojson",
            "record": 353
          },
          {
            "file": "osm_cikarang_1km.geojson",
            "record": 353
          }
        ],
        "dataset_role": "osm_reference",
        "radius_m": 1000,
        "geometry_clipped": false,
        "center_status": "unverified_geocoded_station_reference"
      }
    },
    {
      "type": "Feature",
      "id": "osm:way/702375118",
      "geometry": {
        "type": "LineString",
        "coordinates": [
          [
            107.1481356,
            -6.259390599999997
          ],
          [
            107.1482537,
            -6.259044199999999
          ]
        ]
      },
      "properties": {
        "@id": "way/702375118",
        "highway": "residential",
        "import": "yes",
        "source": "digitalglobe",
        "source_records": [
          {
            "file": "export.geojson",
            "record": 133
          },
          {
            "file": "jalan_cikarang.geojson",
            "record": 354
          },
          {
            "file": "osm_cikarang_1km.geojson",
            "record": 354
          }
        ],
        "dataset_role": "osm_reference",
        "radius_m": 1000,
        "geometry_clipped": false,
        "center_status": "unverified_geocoded_station_reference"
      }
    },
    {
      "type": "Feature",
      "id": "osm:way/702375120",
      "geometry": {
        "type": "LineString",
        "coordinates": [
          [
            107.148469,
            -6.256690299999996
          ],
          [
            107.14875740000001,
            -6.2567963
          ],
          [
            107.1489968,
            -6.256871599999998
          ]
        ]
      },
      "properties": {
        "@id": "way/702375120",
        "highway": "residential",
        "import": "yes",
        "source": "digitalglobe",
        "source_records": [
          {
            "file": "export.geojson",
            "record": 134
          },
          {
            "file": "jalan_cikarang.geojson",
            "record": 355
          },
          {
            "file": "osm_cikarang_1km.geojson",
            "record": 355
          }
        ],
        "dataset_role": "osm_reference",
        "radius_m": 1000,
        "geometry_clipped": false,
        "center_status": "unverified_geocoded_station_reference"
      }
    },
    {
      "type": "Feature",
      "id": "osm:way/702375121",
      "geometry": {
        "type": "LineString",
        "coordinates": [
          [
            107.1515056,
            -6.256742000000002
          ],
          [
            107.1515521,
            -6.256528000000001
          ],
          [
            107.1516714,
            -6.256377299999999
          ]
        ]
      },
      "properties": {
        "@id": "way/702375121",
        "access": "private",
        "highway": "residential",
        "import": "yes",
        "source": "digitalglobe",
        "source_records": [
          {
            "file": "export.geojson",
            "record": 135
          },
          {
            "file": "jalan_cikarang.geojson",
            "record": 356
          },
          {
            "file": "osm_cikarang_1km.geojson",
            "record": 356
          }
        ],
        "dataset_role": "osm_reference",
        "radius_m": 1000,
        "geometry_clipped": false,
        "center_status": "unverified_geocoded_station_reference"
      }
    },
    {
      "type": "Feature",
      "id": "osm:way/702375130",
      "geometry": {
        "type": "LineString",
        "coordinates": [
          [
            107.14982110000001,
            -6.255160999999998
          ],
          [
            107.1498426,
            -6.255179599999999
          ],
          [
            107.1498587,
            -6.2552029
          ],
          [
            107.1498661,
            -6.255230299999998
          ],
          [
            107.1498728,
            -6.255275599999999
          ],
          [
            107.1498828,
            -6.2552849
          ],
          [
            107.1500187,
            -6.2553221
          ],
          [
            107.1500451,
            -6.2553317
          ],
          [
            107.1501383,
            -6.255365599999999
          ],
          [
            107.1501574,
            -6.255316599999999
          ],
          [
            107.1501682,
            -6.2553144000000005
          ],
          [
            107.1501806,
            -6.255319299999999
          ],
          [
            107.1503744,
            -6.255399599999999
          ]
        ]
      },
      "properties": {
        "@id": "way/702375130",
        "highway": "living_street",
        "import": "yes",
        "motorcar": "no",
        "motorcycle": "yes",
        "source": "digitalglobe",
        "source_records": [
          {
            "file": "export.geojson",
            "record": 136
          },
          {
            "file": "jalan_cikarang.geojson",
            "record": 357
          },
          {
            "file": "osm_cikarang_1km.geojson",
            "record": 357
          }
        ],
        "dataset_role": "osm_reference",
        "radius_m": 1000,
        "geometry_clipped": false,
        "center_status": "unverified_geocoded_station_reference"
      }
    },
    {
      "type": "Feature",
      "id": "osm:way/702375132",
      "geometry": {
        "type": "LineString",
        "coordinates": [
          [
            107.1482313,
            -6.2547733
          ],
          [
            107.1482667,
            -6.2546567
          ],
          [
            107.1483896,
            -6.254302699999999
          ]
        ]
      },
      "properties": {
        "@id": "way/702375132",
        "highway": "living_street",
        "import": "yes",
        "motorcycle": "yes",
        "source": "digitalglobe",
        "source_records": [
          {
            "file": "jalan_cikarang.geojson",
            "record": 358
          },
          {
            "file": "osm_cikarang_1km.geojson",
            "record": 358
          }
        ],
        "dataset_role": "osm_reference",
        "radius_m": 1000,
        "geometry_clipped": false,
        "center_status": "unverified_geocoded_station_reference"
      }
    },
    {
      "type": "Feature",
      "id": "osm:way/702375133",
      "geometry": {
        "type": "LineString",
        "coordinates": [
          [
            107.14862620000001,
            -6.254930999999999
          ],
          [
            107.14864410000001,
            -6.254876999999999
          ],
          [
            107.1487958,
            -6.254419100000002
          ]
        ]
      },
      "properties": {
        "@id": "way/702375133",
        "highway": "living_street",
        "import": "yes",
        "motorcar": "no",
        "motorcycle": "yes",
        "source": "digitalglobe",
        "source_records": [
          {
            "file": "export.geojson",
            "record": 137
          },
          {
            "file": "jalan_cikarang.geojson",
            "record": 359
          },
          {
            "file": "osm_cikarang_1km.geojson",
            "record": 359
          }
        ],
        "dataset_role": "osm_reference",
        "radius_m": 1000,
        "geometry_clipped": false,
        "center_status": "unverified_geocoded_station_reference"
      }
    },
    {
      "type": "Feature",
      "id": "osm:way/702375135",
      "geometry": {
        "type": "LineString",
        "coordinates": [
          [
            107.1495097,
            -6.253573699999998
          ],
          [
            107.1490547,
            -6.253389699999999
          ]
        ]
      },
      "properties": {
        "@id": "way/702375135",
        "highway": "living_street",
        "import": "yes",
        "motorcycle": "yes",
        "source": "digitalglobe",
        "source_records": [
          {
            "file": "jalan_cikarang.geojson",
            "record": 360
          },
          {
            "file": "osm_cikarang_1km.geojson",
            "record": 360
          }
        ],
        "dataset_role": "osm_reference",
        "radius_m": 1000,
        "geometry_clipped": false,
        "center_status": "unverified_geocoded_station_reference"
      }
    },
    {
      "type": "Feature",
      "id": "osm:way/702375136",
      "geometry": {
        "type": "LineString",
        "coordinates": [
          [
            107.1481776,
            -6.253946999999999
          ],
          [
            107.1478081,
            -6.253847199999999
          ]
        ]
      },
      "properties": {
        "@id": "way/702375136",
        "highway": "residential",
        "import": "yes",
        "source": "digitalglobe",
        "source_records": [
          {
            "file": "jalan_cikarang.geojson",
            "record": 361
          },
          {
            "file": "osm_cikarang_1km.geojson",
            "record": 361
          }
        ],
        "dataset_role": "osm_reference",
        "radius_m": 1000,
        "geometry_clipped": false,
        "center_status": "unverified_geocoded_station_reference"
      }
    },
    {
      "type": "Feature",
      "id": "osm:way/702375137",
      "geometry": {
        "type": "LineString",
        "coordinates": [
          [
            107.14641340000001,
            -6.255011200000002
          ],
          [
            107.1467137,
            -6.2551511999999985
          ],
          [
            107.14708,
            -6.255320499999999
          ],
          [
            107.14724890000001,
            -6.255393899999999
          ],
          [
            107.14762080000001,
            -6.255531
          ]
        ]
      },
      "properties": {
        "@id": "way/702375137",
        "highway": "living_street",
        "import": "yes",
        "motorcycle": "yes",
        "source": "digitalglobe",
        "source_records": [
          {
            "file": "export.geojson",
            "record": 138
          },
          {
            "file": "jalan_cikarang.geojson",
            "record": 362
          },
          {
            "file": "osm_cikarang_1km.geojson",
            "record": 362
          }
        ],
        "dataset_role": "osm_reference",
        "radius_m": 1000,
        "geometry_clipped": false,
        "center_status": "unverified_geocoded_station_reference"
      }
    },
    {
      "type": "Feature",
      "id": "osm:way/702375138",
      "geometry": {
        "type": "LineString",
        "coordinates": [
          [
            107.1474533,
            -6.2561191
          ],
          [
            107.14743170000001,
            -6.256311499999999
          ]
        ]
      },
      "properties": {
        "@id": "way/702375138",
        "access": "private",
        "highway": "residential",
        "import": "yes",
        "source": "digitalglobe",
        "source_records": [
          {
            "file": "export.geojson",
            "record": 139
          },
          {
            "file": "jalan_cikarang.geojson",
            "record": 363
          },
          {
            "file": "osm_cikarang_1km.geojson",
            "record": 363
          }
        ],
        "dataset_role": "osm_reference",
        "radius_m": 1000,
        "geometry_clipped": false,
        "center_status": "unverified_geocoded_station_reference"
      }
    },
    {
      "type": "Feature",
      "id": "osm:way/702375139",
      "geometry": {
        "type": "LineString",
        "coordinates": [
          [
            107.1451345,
            -6.254480399999999
          ],
          [
            107.144786,
            -6.2539785
          ],
          [
            107.1447377,
            -6.253909799999999
          ],
          [
            107.14468740000001,
            -6.253840499999999
          ],
          [
            107.1445687,
            -6.253657900000001
          ]
        ]
      },
      "properties": {
        "@id": "way/702375139",
        "highway": "living_street",
        "import": "yes",
        "motorcycle": "yes",
        "source": "digitalglobe",
        "source_records": [
          {
            "file": "jalan_cikarang.geojson",
            "record": 364
          },
          {
            "file": "osm_cikarang_1km.geojson",
            "record": 364
          }
        ],
        "dataset_role": "osm_reference",
        "radius_m": 1000,
        "geometry_clipped": false,
        "center_status": "unverified_geocoded_station_reference"
      }
    },
    {
      "type": "Feature",
      "id": "osm:way/702375140",
      "geometry": {
        "type": "LineString",
        "coordinates": [
          [
            107.14468740000001,
            -6.253840499999999
          ],
          [
            107.1444071,
            -6.254051799999999
          ]
        ]
      },
      "properties": {
        "@id": "way/702375140",
        "highway": "living_street",
        "import": "yes",
        "motorcycle": "yes",
        "source": "digitalglobe",
        "source_records": [
          {
            "file": "jalan_cikarang.geojson",
            "record": 365
          },
          {
            "file": "osm_cikarang_1km.geojson",
            "record": 365
          }
        ],
        "dataset_role": "osm_reference",
        "radius_m": 1000,
        "geometry_clipped": false,
        "center_status": "unverified_geocoded_station_reference"
      }
    },
    {
      "type": "Feature",
      "id": "osm:way/702375141",
      "geometry": {
        "type": "LineString",
        "coordinates": [
          [
            107.1450528,
            -6.253803200000001
          ],
          [
            107.1453421,
            -6.254259199999999
          ]
        ]
      },
      "properties": {
        "@id": "way/702375141",
        "highway": "living_street",
        "import": "yes",
        "motorcycle": "yes",
        "source": "digitalglobe",
        "source_records": [
          {
            "file": "jalan_cikarang.geojson",
            "record": 366
          },
          {
            "file": "osm_cikarang_1km.geojson",
            "record": 366
          }
        ],
        "dataset_role": "osm_reference",
        "radius_m": 1000,
        "geometry_clipped": false,
        "center_status": "unverified_geocoded_station_reference"
      }
    },
    {
      "type": "Feature",
      "id": "osm:way/702375142",
      "geometry": {
        "type": "LineString",
        "coordinates": [
          [
            107.14383510000002,
            -6.253935800000001
          ],
          [
            107.1438486,
            -6.253914800000002
          ],
          [
            107.1440564,
            -6.2536452
          ],
          [
            107.1443045,
            -6.253419999999999
          ]
        ]
      },
      "properties": {
        "@id": "way/702375142",
        "highway": "living_street",
        "import": "yes",
        "motorcycle": "yes",
        "source": "digitalglobe",
        "source_records": [
          {
            "file": "jalan_cikarang.geojson",
            "record": 367
          },
          {
            "file": "osm_cikarang_1km.geojson",
            "record": 367
          }
        ],
        "dataset_role": "osm_reference",
        "radius_m": 1000,
        "geometry_clipped": false,
        "center_status": "unverified_geocoded_station_reference"
      }
    },
    {
      "type": "Feature",
      "id": "osm:way/702375143",
      "geometry": {
        "type": "LineString",
        "coordinates": [
          [
            107.14383510000002,
            -6.253935800000001
          ],
          [
            107.1437573,
            -6.2538865
          ],
          [
            107.1436661,
            -6.253829800000001
          ],
          [
            107.14359840000002,
            -6.253785199999999
          ],
          [
            107.143473,
            -6.253714499999997
          ],
          [
            107.1431203,
            -6.253541500000002
          ]
        ]
      },
      "properties": {
        "@id": "way/702375143",
        "highway": "living_street",
        "import": "yes",
        "motorcar": "no",
        "motorcycle": "yes",
        "source": "digitalglobe",
        "source_records": [
          {
            "file": "jalan_cikarang.geojson",
            "record": 368
          },
          {
            "file": "osm_cikarang_1km.geojson",
            "record": 368
          }
        ],
        "dataset_role": "osm_reference",
        "radius_m": 1000,
        "geometry_clipped": false,
        "center_status": "unverified_geocoded_station_reference"
      }
    },
    {
      "type": "Feature",
      "id": "osm:way/702375144",
      "geometry": {
        "type": "LineString",
        "coordinates": [
          [
            107.14383510000002,
            -6.253935800000001
          ],
          [
            107.1436689,
            -6.2542653
          ]
        ]
      },
      "properties": {
        "@id": "way/702375144",
        "highway": "living_street",
        "import": "yes",
        "motorcycle": "yes",
        "source": "digitalglobe",
        "source_records": [
          {
            "file": "jalan_cikarang.geojson",
            "record": 369
          },
          {
            "file": "osm_cikarang_1km.geojson",
            "record": 369
          }
        ],
        "dataset_role": "osm_reference",
        "radius_m": 1000,
        "geometry_clipped": false,
        "center_status": "unverified_geocoded_station_reference"
      }
    },
    {
      "type": "Feature",
      "id": "osm:way/702375145",
      "geometry": {
        "type": "LineString",
        "coordinates": [
          [
            107.1445567,
            -6.252827099999998
          ],
          [
            107.1442146,
            -6.252376100000001
          ]
        ]
      },
      "properties": {
        "@id": "way/702375145",
        "highway": "living_street",
        "import": "yes",
        "motorcar": "no",
        "source": "digitalglobe",
        "source_records": [
          {
            "file": "jalan_cikarang.geojson",
            "record": 370
          },
          {
            "file": "osm_cikarang_1km.geojson",
            "record": 370
          }
        ],
        "dataset_role": "osm_reference",
        "radius_m": 1000,
        "geometry_clipped": false,
        "center_status": "unverified_geocoded_station_reference"
      }
    },
    {
      "type": "Feature",
      "id": "osm:way/702375146",
      "geometry": {
        "type": "LineString",
        "coordinates": [
          [
            107.1424524,
            -6.251548200000002
          ],
          [
            107.1423784,
            -6.251712200000001
          ],
          [
            107.142435,
            -6.2517828
          ],
          [
            107.1423975,
            -6.251833500000001
          ],
          [
            107.1422513,
            -6.252141400000001
          ],
          [
            107.1423291,
            -6.252177400000001
          ],
          [
            107.1423344,
            -6.252220099999999
          ],
          [
            107.1423049,
            -6.252296100000001
          ],
          [
            107.1423089,
            -6.252324099999999
          ],
          [
            107.1423894,
            -6.252364099999998
          ],
          [
            107.142431,
            -6.252376100000001
          ],
          [
            107.1424605,
            -6.2523641
          ],
          [
            107.1424954,
            -6.2522961
          ],
          [
            107.1425289,
            -6.2522723
          ],
          [
            107.1426764,
            -6.252317399999999
          ],
          [
            107.1428736,
            -6.252414700000001
          ],
          [
            107.1431445,
            -6.252580000000001
          ],
          [
            107.1433456,
            -6.2527026999999995
          ],
          [
            107.1436018,
            -6.252901599999999
          ]
        ]
      },
      "properties": {
        "@id": "way/702375146",
        "highway": "residential",
        "import": "yes",
        "motorcar": "no",
        "source": "digitalglobe",
        "source_records": [
          {
            "file": "jalan_cikarang.geojson",
            "record": 371
          },
          {
            "file": "osm_cikarang_1km.geojson",
            "record": 371
          }
        ],
        "dataset_role": "osm_reference",
        "radius_m": 1000,
        "geometry_clipped": false,
        "center_status": "unverified_geocoded_station_reference"
      }
    },
    {
      "type": "Feature",
      "id": "osm:way/702375147",
      "geometry": {
        "type": "LineString",
        "coordinates": [
          [
            107.1426643,
            -6.252742899999999
          ],
          [
            107.1427419,
            -6.252769299999997
          ],
          [
            107.1428481,
            -6.2528053
          ],
          [
            107.1429795,
            -6.252842899999999
          ],
          [
            107.14305190000002,
            -6.252866599999999
          ],
          [
            107.1431405,
            -6.252906900000001
          ],
          [
            107.1432544,
            -6.252982599999998
          ],
          [
            107.1433871,
            -6.253085600000002
          ]
        ]
      },
      "properties": {
        "@id": "way/702375147",
        "highway": "residential",
        "import": "yes",
        "source": "digitalglobe",
        "source_records": [
          {
            "file": "jalan_cikarang.geojson",
            "record": 372
          },
          {
            "file": "osm_cikarang_1km.geojson",
            "record": 372
          }
        ],
        "dataset_role": "osm_reference",
        "radius_m": 1000,
        "geometry_clipped": false,
        "center_status": "unverified_geocoded_station_reference"
      }
    },
    {
      "type": "Feature",
      "id": "osm:way/702375148",
      "geometry": {
        "type": "LineString",
        "coordinates": [
          [
            107.1440121,
            -6.252563699999998
          ],
          [
            107.1441865,
            -6.2528377
          ],
          [
            107.1442455,
            -6.252960399999999
          ]
        ]
      },
      "properties": {
        "@id": "way/702375148",
        "highway": "living_street",
        "import": "yes",
        "motorcar": "no",
        "source": "digitalglobe",
        "source_records": [
          {
            "file": "jalan_cikarang.geojson",
            "record": 373
          },
          {
            "file": "osm_cikarang_1km.geojson",
            "record": 373
          }
        ],
        "dataset_role": "osm_reference",
        "radius_m": 1000,
        "geometry_clipped": false,
        "center_status": "unverified_geocoded_station_reference"
      }
    },
    {
      "type": "Feature",
      "id": "osm:way/702375149",
      "geometry": {
        "type": "LineString",
        "coordinates": [
          [
            107.1470334,
            -6.2512254
          ],
          [
            107.14732200000002,
            -6.251050899999999
          ]
        ]
      },
      "properties": {
        "@id": "way/702375149",
        "highway": "living_street",
        "import": "yes",
        "motorcycle": "yes",
        "source": "digitalglobe",
        "source_records": [
          {
            "file": "jalan_cikarang.geojson",
            "record": 374
          },
          {
            "file": "osm_cikarang_1km.geojson",
            "record": 374
          }
        ],
        "dataset_role": "osm_reference",
        "radius_m": 1000,
        "geometry_clipped": false,
        "center_status": "unverified_geocoded_station_reference"
      }
    },
    {
      "type": "Feature",
      "id": "osm:way/702375150",
      "geometry": {
        "type": "LineString",
        "coordinates": [
          [
            107.1453962,
            -6.2503037
          ],
          [
            107.1453432,
            -6.250347999999999
          ],
          [
            107.1452875,
            -6.250377399999999
          ],
          [
            107.1452272,
            -6.250406999999999
          ],
          [
            107.14511660000001,
            -6.2504538
          ],
          [
            107.1450988,
            -6.250456000000001
          ],
          [
            107.145081,
            -6.250449699999999
          ],
          [
            107.1450146,
            -6.250412999999999
          ],
          [
            107.1449878,
            -6.250405999999999
          ],
          [
            107.144967,
            -6.250404999999998
          ],
          [
            107.1448926,
            -6.2504170000000006
          ],
          [
            107.1448369,
            -6.2504396999999985
          ],
          [
            107.1446787,
            -6.250559699999998
          ]
        ]
      },
      "properties": {
        "@id": "way/702375150",
        "highway": "residential",
        "import": "yes",
        "source": "digitalglobe",
        "surface": "unpaved",
        "source_records": [
          {
            "file": "jalan_cikarang.geojson",
            "record": 375
          },
          {
            "file": "osm_cikarang_1km.geojson",
            "record": 375
          }
        ],
        "dataset_role": "osm_reference",
        "radius_m": 1000,
        "geometry_clipped": false,
        "center_status": "unverified_geocoded_station_reference"
      }
    },
    {
      "type": "Feature",
      "id": "osm:way/702375151",
      "geometry": {
        "type": "LineString",
        "coordinates": [
          [
            107.1445755,
            -6.2499199999999995
          ],
          [
            107.1443743,
            -6.249754700000003
          ],
          [
            107.1442509,
            -6.2496427
          ],
          [
            107.1440339,
            -6.249473600000001
          ]
        ]
      },
      "properties": {
        "@id": "way/702375151",
        "highway": "residential",
        "source_records": [
          {
            "file": "jalan_cikarang.geojson",
            "record": 376
          },
          {
            "file": "osm_cikarang_1km.geojson",
            "record": 376
          }
        ],
        "dataset_role": "osm_reference",
        "radius_m": 1000,
        "geometry_clipped": false,
        "center_status": "unverified_geocoded_station_reference"
      }
    },
    {
      "type": "Feature",
      "id": "osm:way/702375152",
      "geometry": {
        "type": "LineString",
        "coordinates": [
          [
            107.14956560000002,
            -6.2499065999999965
          ],
          [
            107.1498003,
            -6.2499153000000005
          ],
          [
            107.1501604,
            -6.249928899999999
          ],
          [
            107.1501725,
            -6.249925200000001
          ],
          [
            107.15017750000001,
            -6.2499136
          ],
          [
            107.15018320000001,
            -6.249674899999999
          ]
        ]
      },
      "properties": {
        "@id": "way/702375152",
        "highway": "living_street",
        "import": "yes",
        "motorcycle": "yes",
        "source": "digitalglobe",
        "source_records": [
          {
            "file": "jalan_cikarang.geojson",
            "record": 377
          },
          {
            "file": "osm_cikarang_1km.geojson",
            "record": 377
          }
        ],
        "dataset_role": "osm_reference",
        "radius_m": 1000,
        "geometry_clipped": false,
        "center_status": "unverified_geocoded_station_reference"
      }
    },
    {
      "type": "Feature",
      "id": "osm:way/702375153",
      "geometry": {
        "type": "LineString",
        "coordinates": [
          [
            107.14860940000001,
            -6.2489894999999995
          ],
          [
            107.1486564,
            -6.249082799999998
          ],
          [
            107.14883610000001,
            -6.2494725
          ],
          [
            107.14885490000002,
            -6.249519200000001
          ],
          [
            107.14886160000002,
            -6.2495498
          ],
          [
            107.14886690000002,
            -6.249591100000001
          ],
          [
            107.14886690000002,
            -6.249853699999999
          ]
        ]
      },
      "properties": {
        "@id": "way/702375153",
        "highway": "living_street",
        "import": "yes",
        "motorcycle": "yes",
        "source": "digitalglobe",
        "source_records": [
          {
            "file": "jalan_cikarang.geojson",
            "record": 378
          },
          {
            "file": "osm_cikarang_1km.geojson",
            "record": 378
          }
        ],
        "dataset_role": "osm_reference",
        "radius_m": 1000,
        "geometry_clipped": false,
        "center_status": "unverified_geocoded_station_reference"
      }
    },
    {
      "type": "Feature",
      "id": "osm:way/702375154",
      "geometry": {
        "type": "LineString",
        "coordinates": [
          [
            107.14728850000002,
            -6.248101700000001
          ],
          [
            107.14755670000001,
            -6.2481551
          ],
          [
            107.14769220000001,
            -6.248188600000001
          ],
          [
            107.14784910000002,
            -6.2482486999999995
          ],
          [
            107.14799850000001,
            -6.248301799999999
          ],
          [
            107.1479926,
            -6.2479405
          ]
        ]
      },
      "properties": {
        "@id": "way/702375154",
        "highway": "residential",
        "import": "yes",
        "source": "digitalglobe",
        "source_records": [
          {
            "file": "jalan_cikarang.geojson",
            "record": 379
          },
          {
            "file": "osm_cikarang_1km.geojson",
            "record": 379
          }
        ],
        "dataset_role": "osm_reference",
        "radius_m": 1000,
        "geometry_clipped": false,
        "center_status": "unverified_geocoded_station_reference"
      }
    },
    {
      "type": "Feature",
      "id": "osm:way/702375155",
      "geometry": {
        "type": "LineString",
        "coordinates": [
          [
            107.14650660000001,
            -6.2476500999999995
          ],
          [
            107.14681100000001,
            -6.247755100000001
          ]
        ]
      },
      "properties": {
        "@id": "way/702375155",
        "highway": "residential",
        "import": "yes",
        "source": "digitalglobe",
        "source_records": [
          {
            "file": "jalan_cikarang.geojson",
            "record": 380
          },
          {
            "file": "osm_cikarang_1km.geojson",
            "record": 380
          }
        ],
        "dataset_role": "osm_reference",
        "radius_m": 1000,
        "geometry_clipped": false,
        "center_status": "unverified_geocoded_station_reference"
      }
    },
    {
      "type": "Feature",
      "id": "osm:way/713250227",
      "geometry": {
        "type": "LineString",
        "coordinates": [
          [
            107.1474695,
            -6.254621
          ],
          [
            107.14768549999998,
            -6.2547198
          ],
          [
            107.14780350000001,
            -6.254772999999998
          ]
        ]
      },
      "properties": {
        "@id": "way/713250227",
        "highway": "living_street",
        "source_records": [
          {
            "file": "jalan_cikarang.geojson",
            "record": 381
          },
          {
            "file": "osm_cikarang_1km.geojson",
            "record": 381
          }
        ],
        "dataset_role": "osm_reference",
        "radius_m": 1000,
        "geometry_clipped": false,
        "center_status": "unverified_geocoded_station_reference"
      }
    },
    {
      "type": "Feature",
      "id": "osm:way/721494675",
      "geometry": {
        "type": "LineString",
        "coordinates": [
          [
            107.14978060000001,
            -6.261011099999998
          ],
          [
            107.1496915,
            -6.261190499999999
          ],
          [
            107.1497186,
            -6.2614013
          ]
        ]
      },
      "properties": {
        "@id": "way/721494675",
        "highway": "living_street",
        "import": "yes",
        "motorcycle": "yes",
        "source": "digitalglobe",
        "source_records": [
          {
            "file": "export.geojson",
            "record": 140
          },
          {
            "file": "jalan_cikarang.geojson",
            "record": 382
          },
          {
            "file": "osm_cikarang_1km.geojson",
            "record": 382
          }
        ],
        "dataset_role": "osm_reference",
        "radius_m": 1000,
        "geometry_clipped": false,
        "center_status": "unverified_geocoded_station_reference"
      }
    },
    {
      "type": "Feature",
      "id": "osm:way/732242305",
      "geometry": {
        "type": "LineString",
        "coordinates": [
          [
            107.1478665,
            -6.2546443
          ],
          [
            107.1479114,
            -6.254531099999998
          ]
        ]
      },
      "properties": {
        "@id": "way/732242305",
        "highway": "residential",
        "source_records": [
          {
            "file": "jalan_cikarang.geojson",
            "record": 383
          },
          {
            "file": "osm_cikarang_1km.geojson",
            "record": 383
          }
        ],
        "dataset_role": "osm_reference",
        "radius_m": 1000,
        "geometry_clipped": false,
        "center_status": "unverified_geocoded_station_reference"
      }
    },
    {
      "type": "Feature",
      "id": "osm:way/734302625",
      "geometry": {
        "type": "LineString",
        "coordinates": [
          [
            107.14799850000001,
            -6.248301799999999
          ],
          [
            107.1481528,
            -6.248374599999999
          ],
          [
            107.1482581,
            -6.2484333
          ],
          [
            107.14832580000001,
            -6.248483299999999
          ],
          [
            107.1483519,
            -6.248509000000001
          ],
          [
            107.14836600000001,
            -6.248533299999998
          ],
          [
            107.1484344,
            -6.2486056
          ],
          [
            107.1484365,
            -6.248638000000001
          ],
          [
            107.14825800000001,
            -6.2488685
          ],
          [
            107.14822920000002,
            -6.2489166
          ],
          [
            107.14820170000002,
            -6.2489446
          ],
          [
            107.14819110000002,
            -6.248983900000002
          ],
          [
            107.14833230000002,
            -6.249156600000001
          ]
        ]
      },
      "properties": {
        "@id": "way/734302625",
        "highway": "residential",
        "source_records": [
          {
            "file": "jalan_cikarang.geojson",
            "record": 384
          },
          {
            "file": "osm_cikarang_1km.geojson",
            "record": 384
          }
        ],
        "dataset_role": "osm_reference",
        "radius_m": 1000,
        "geometry_clipped": false,
        "center_status": "unverified_geocoded_station_reference"
      }
    },
    {
      "type": "Feature",
      "id": "osm:way/776917151",
      "geometry": {
        "type": "LineString",
        "coordinates": [
          [
            107.14424180000002,
            -6.249013499999999
          ],
          [
            107.1442971,
            -6.248842699999999
          ]
        ]
      },
      "properties": {
        "@id": "way/776917151",
        "highway": "tertiary",
        "lanes": "2",
        "surface": "concrete",
        "source_records": [
          {
            "file": "jalan_cikarang.geojson",
            "record": 385
          },
          {
            "file": "osm_cikarang_1km.geojson",
            "record": 385
          }
        ],
        "dataset_role": "osm_reference",
        "radius_m": 1000,
        "geometry_clipped": false,
        "center_status": "unverified_geocoded_station_reference"
      }
    },
    {
      "type": "Feature",
      "id": "osm:way/781666755",
      "geometry": {
        "type": "LineString",
        "coordinates": [
          [
            107.1423274,
            -6.247608499999998
          ],
          [
            107.1424042,
            -6.2476371
          ]
        ]
      },
      "properties": {
        "@id": "way/781666755",
        "highway": "residential",
        "source_records": [
          {
            "file": "jalan_cikarang.geojson",
            "record": 386
          },
          {
            "file": "osm_cikarang_1km.geojson",
            "record": 386
          }
        ],
        "dataset_role": "osm_reference",
        "radius_m": 1000,
        "geometry_clipped": false,
        "center_status": "unverified_geocoded_station_reference"
      }
    },
    {
      "type": "Feature",
      "id": "osm:way/808752723",
      "geometry": {
        "type": "LineString",
        "coordinates": [
          [
            107.1519824,
            -6.260029799999998
          ],
          [
            107.1518341,
            -6.260317399999999
          ]
        ]
      },
      "properties": {
        "@id": "way/808752723",
        "highway": "residential",
        "source_records": [
          {
            "file": "jalan_cikarang.geojson",
            "record": 387
          },
          {
            "file": "osm_cikarang_1km.geojson",
            "record": 387
          }
        ],
        "dataset_role": "osm_reference",
        "radius_m": 1000,
        "geometry_clipped": false,
        "center_status": "unverified_geocoded_station_reference"
      }
    },
    {
      "type": "Feature",
      "id": "osm:way/808752724",
      "geometry": {
        "type": "LineString",
        "coordinates": [
          [
            107.1459759,
            -6.262611899999999
          ],
          [
            107.1459948,
            -6.262553199999999
          ]
        ]
      },
      "properties": {
        "@id": "way/808752724",
        "highway": "residential",
        "surface": "unpaved",
        "source_records": [
          {
            "file": "jalan_cikarang.geojson",
            "record": 388
          },
          {
            "file": "osm_cikarang_1km.geojson",
            "record": 388
          }
        ],
        "dataset_role": "osm_reference",
        "radius_m": 1000,
        "geometry_clipped": false,
        "center_status": "unverified_geocoded_station_reference"
      }
    },
    {
      "type": "Feature",
      "id": "osm:way/808752725",
      "geometry": {
        "type": "LineString",
        "coordinates": [
          [
            107.1439139,
            -6.257783099999999
          ],
          [
            107.1442482,
            -6.257743200000001
          ]
        ]
      },
      "properties": {
        "@id": "way/808752725",
        "highway": "service",
        "source_records": [
          {
            "file": "export.geojson",
            "record": 141
          },
          {
            "file": "jalan_cikarang.geojson",
            "record": 389
          },
          {
            "file": "osm_cikarang_1km.geojson",
            "record": 389
          }
        ],
        "dataset_role": "osm_reference",
        "radius_m": 1000,
        "geometry_clipped": false,
        "center_status": "unverified_geocoded_station_reference"
      }
    },
    {
      "type": "Feature",
      "id": "osm:way/809004758",
      "geometry": {
        "type": "LineString",
        "coordinates": [
          [
            107.1450703,
            -6.263276899999999
          ],
          [
            107.1443922983858,
            -6.264330622436439
          ]
        ]
      },
      "properties": {
        "@id": "way/809004758",
        "highway": "service",
        "source_records": [
          {
            "file": "jalan_cikarang.geojson",
            "record": 390
          },
          {
            "file": "osm_cikarang_1km.geojson",
            "record": 390
          }
        ],
        "dataset_role": "osm_reference",
        "radius_m": 1000,
        "geometry_clipped": true,
        "center_status": "unverified_geocoded_station_reference"
      }
    },
    {
      "type": "Feature",
      "id": "osm:way/819043354",
      "geometry": {
        "type": "LineString",
        "coordinates": [
          [
            107.1401095,
            -6.2497358
          ],
          [
            107.14009409999998,
            -6.249804400000002
          ]
        ]
      },
      "properties": {
        "@id": "way/819043354",
        "highway": "service",
        "source_records": [
          {
            "file": "jalan_cikarang.geojson",
            "record": 391
          },
          {
            "file": "osm_cikarang_1km.geojson",
            "record": 391
          }
        ],
        "dataset_role": "osm_reference",
        "radius_m": 1000,
        "geometry_clipped": false,
        "center_status": "unverified_geocoded_station_reference"
      }
    },
    {
      "type": "Feature",
      "id": "osm:way/836280454",
      "geometry": {
        "type": "LineString",
        "coordinates": [
          [
            107.15145550000001,
            -6.258009600000001
          ],
          [
            107.150538,
            -6.2581085000000005
          ],
          [
            107.14948,
            -6.258225499999998
          ]
        ]
      },
      "properties": {
        "@id": "way/836280454",
        "access": "yes",
        "alt_name": "Jalan Gatot Subroto",
        "bicycle": "yes",
        "cycleway": "no",
        "foot": "yes",
        "highway": "trunk",
        "lanes": "2",
        "name": "Jalan R.E. Martadinata",
        "name:etymology:wikidata": "Q5928807",
        "name:etymology:wikipedia": "id:Raden Eddy Martadinata",
        "oneway": "yes",
        "ref": "1",
        "sidewalk": "left",
        "source_records": [
          {
            "file": "export.geojson",
            "record": 142
          },
          {
            "file": "jalan_cikarang.geojson",
            "record": 392
          },
          {
            "file": "osm_cikarang_1km.geojson",
            "record": 392
          }
        ],
        "dataset_role": "osm_reference",
        "radius_m": 1000,
        "geometry_clipped": false,
        "center_status": "unverified_geocoded_station_reference"
      }
    },
    {
      "type": "Feature",
      "id": "osm:way/836280455",
      "geometry": {
        "type": "LineString",
        "coordinates": [
          [
            107.1484029,
            -6.258247099999999
          ],
          [
            107.1494204,
            -6.258123299999998
          ],
          [
            107.1496048,
            -6.258098199999997
          ],
          [
            107.1505058,
            -6.257988500000001
          ],
          [
            107.1513428,
            -6.2578922
          ]
        ]
      },
      "properties": {
        "@id": "way/836280455",
        "access": "yes",
        "alt_name": "Jalan Gatot Subroto",
        "cycleway": "no",
        "highway": "trunk",
        "lanes": "2",
        "name": "Jalan R.E. Martadinata",
        "name:etymology:wikidata": "Q5928807",
        "name:etymology:wikipedia": "id:Raden Eddy Martadinata",
        "oneway": "yes",
        "ref": "1",
        "sidewalk": "left",
        "source_records": [
          {
            "file": "export.geojson",
            "record": 143
          },
          {
            "file": "jalan_cikarang.geojson",
            "record": 393
          },
          {
            "file": "osm_cikarang_1km.geojson",
            "record": 393
          }
        ],
        "dataset_role": "osm_reference",
        "radius_m": 1000,
        "geometry_clipped": false,
        "center_status": "unverified_geocoded_station_reference"
      }
    },
    {
      "type": "Feature",
      "id": "osm:way/839400381",
      "geometry": {
        "type": "LineString",
        "coordinates": [
          [
            107.1444534,
            -6.255490199999999
          ],
          [
            107.14437560000002,
            -6.255480899999998
          ],
          [
            107.14412980000002,
            -6.255390199999996
          ]
        ]
      },
      "properties": {
        "@id": "way/839400381",
        "access": "private",
        "highway": "service",
        "oneway": "yes",
        "source_records": [
          {
            "file": "export.geojson",
            "record": 144
          },
          {
            "file": "jalan_cikarang.geojson",
            "record": 394
          },
          {
            "file": "osm_cikarang_1km.geojson",
            "record": 394
          }
        ],
        "dataset_role": "osm_reference",
        "radius_m": 1000,
        "geometry_clipped": false,
        "center_status": "unverified_geocoded_station_reference"
      }
    },
    {
      "type": "Feature",
      "id": "osm:way/839400382",
      "geometry": {
        "type": "LineString",
        "coordinates": [
          [
            107.1442361,
            -6.255134299999999
          ],
          [
            107.1441946,
            -6.255234299999997
          ]
        ]
      },
      "properties": {
        "@id": "way/839400382",
        "highway": "service",
        "service": "parking_aisle",
        "source_records": [
          {
            "file": "export.geojson",
            "record": 145
          },
          {
            "file": "jalan_cikarang.geojson",
            "record": 395
          },
          {
            "file": "osm_cikarang_1km.geojson",
            "record": 395
          }
        ],
        "dataset_role": "osm_reference",
        "radius_m": 1000,
        "geometry_clipped": false,
        "center_status": "unverified_geocoded_station_reference"
      }
    },
    {
      "type": "Feature",
      "id": "osm:way/858426043",
      "geometry": {
        "type": "LineString",
        "coordinates": [
          [
            107.1396555,
            -6.249670000000001
          ],
          [
            107.1396214,
            -6.249749799999999
          ]
        ]
      },
      "properties": {
        "@id": "way/858426043",
        "highway": "residential",
        "source_records": [
          {
            "file": "jalan_cikarang.geojson",
            "record": 396
          },
          {
            "file": "osm_cikarang_1km.geojson",
            "record": 396
          }
        ],
        "dataset_role": "osm_reference",
        "radius_m": 1000,
        "geometry_clipped": false,
        "center_status": "unverified_geocoded_station_reference"
      }
    },
    {
      "type": "Feature",
      "id": "osm:way/858843891",
      "geometry": {
        "type": "LineString",
        "coordinates": [
          [
            107.1470763,
            -6.258630899999999
          ],
          [
            107.1470767,
            -6.258908599999999
          ],
          [
            107.1470768,
            -6.2590046
          ]
        ]
      },
      "properties": {
        "@id": "way/858843891",
        "access": "yes",
        "highway": "secondary",
        "lanes": "2",
        "maxspeed": "50",
        "name": "Jalan Raya Industri Pasir Gombong",
        "oneway": "no",
        "source_records": [
          {
            "file": "export.geojson",
            "record": 146
          },
          {
            "file": "jalan_cikarang.geojson",
            "record": 397
          },
          {
            "file": "osm_cikarang_1km.geojson",
            "record": 397
          }
        ],
        "dataset_role": "osm_reference",
        "radius_m": 1000,
        "geometry_clipped": false,
        "center_status": "unverified_geocoded_station_reference"
      }
    },
    {
      "type": "Feature",
      "id": "osm:way/858846565",
      "geometry": {
        "type": "LineString",
        "coordinates": [
          [
            107.1438512,
            -6.258016500000001
          ],
          [
            107.143988,
            -6.2580298
          ],
          [
            107.14403360000001,
            -6.258192499999998
          ],
          [
            107.1440417,
            -6.2583831
          ],
          [
            107.1440296,
            -6.258483099999999
          ],
          [
            107.1440899,
            -6.258632399999999
          ],
          [
            107.1441329,
            -6.258693699999999
          ],
          [
            107.1440465,
            -6.258756699999999
          ]
        ]
      },
      "properties": {
        "@id": "way/858846565",
        "highway": "service",
        "maxspeed": "10",
        "source_records": [
          {
            "file": "export.geojson",
            "record": 147
          },
          {
            "file": "jalan_cikarang.geojson",
            "record": 398
          },
          {
            "file": "osm_cikarang_1km.geojson",
            "record": 398
          }
        ],
        "dataset_role": "osm_reference",
        "radius_m": 1000,
        "geometry_clipped": false,
        "center_status": "unverified_geocoded_station_reference"
      }
    },
    {
      "type": "Feature",
      "id": "osm:way/858846566",
      "geometry": {
        "type": "LineString",
        "coordinates": [
          [
            107.1438673,
            -6.259031
          ],
          [
            107.14379890000001,
            -6.259000299999999
          ],
          [
            107.1437788,
            -6.258989699999999
          ],
          [
            107.1436769,
            -6.258872299999999
          ],
          [
            107.1436708,
            -6.258854999999999
          ],
          [
            107.1436789,
            -6.2588349999999995
          ],
          [
            107.1439196,
            -6.258623100000002
          ],
          [
            107.1439384,
            -6.2586193
          ],
          [
            107.14396050000002,
            -6.258628399999999
          ],
          [
            107.1440465,
            -6.258756699999999
          ],
          [
            107.1443944,
            -6.259276300000001
          ],
          [
            107.1446317,
            -6.259628200000001
          ],
          [
            107.144668,
            -6.259700199999999
          ],
          [
            107.1447296,
            -6.259830899999999
          ],
          [
            107.144786,
            -6.2599842
          ]
        ]
      },
      "properties": {
        "@id": "way/858846566",
        "highway": "service",
        "maxspeed": "10",
        "source_records": [
          {
            "file": "export.geojson",
            "record": 148
          },
          {
            "file": "jalan_cikarang.geojson",
            "record": 399
          },
          {
            "file": "osm_cikarang_1km.geojson",
            "record": 399
          }
        ],
        "dataset_role": "osm_reference",
        "radius_m": 1000,
        "geometry_clipped": false,
        "center_status": "unverified_geocoded_station_reference"
      }
    },
    {
      "type": "Feature",
      "id": "osm:way/858907243",
      "geometry": {
        "type": "LineString",
        "coordinates": [
          [
            107.14231,
            -6.247695300000001
          ],
          [
            107.1423274,
            -6.247608499999998
          ],
          [
            107.1424866,
            -6.24698
          ]
        ]
      },
      "properties": {
        "@id": "way/858907243",
        "highway": "residential",
        "oneway": "yes",
        "source_records": [
          {
            "file": "jalan_cikarang.geojson",
            "record": 400
          },
          {
            "file": "osm_cikarang_1km.geojson",
            "record": 400
          }
        ],
        "dataset_role": "osm_reference",
        "radius_m": 1000,
        "geometry_clipped": false,
        "center_status": "unverified_geocoded_station_reference"
      }
    },
    {
      "type": "Feature",
      "id": "osm:way/858907244",
      "geometry": {
        "type": "LineString",
        "coordinates": [
          [
            107.1425885,
            -6.2470101
          ],
          [
            107.1424042,
            -6.2476371
          ],
          [
            107.1423793,
            -6.247714199999999
          ]
        ]
      },
      "properties": {
        "@id": "way/858907244",
        "highway": "residential",
        "oneway": "yes",
        "source_records": [
          {
            "file": "jalan_cikarang.geojson",
            "record": 401
          },
          {
            "file": "osm_cikarang_1km.geojson",
            "record": 401
          }
        ],
        "dataset_role": "osm_reference",
        "radius_m": 1000,
        "geometry_clipped": false,
        "center_status": "unverified_geocoded_station_reference"
      }
    },
    {
      "type": "Feature",
      "id": "osm:way/859585204",
      "geometry": {
        "type": "LineString",
        "coordinates": [
          [
            107.1441995,
            -6.2560435
          ],
          [
            107.1451649,
            -6.2561789999999995
          ],
          [
            107.1455926,
            -6.256224699999997
          ],
          [
            107.1458489,
            -6.256249
          ],
          [
            107.146119,
            -6.256277700000001
          ],
          [
            107.1467292,
            -6.2563191
          ],
          [
            107.14712,
            -6.2563534
          ]
        ]
      },
      "properties": {
        "@id": "way/859585204",
        "access": "yes",
        "alt_name": "Jalan Raya Yos Sudarso",
        "highway": "trunk",
        "lanes": "2",
        "name": "Jalan Yos Sudarso",
        "name:etymology:wikidata": "Q3738184",
        "name:etymology:wikipedia": "id:Yos Sudarso",
        "ref": "1",
        "source_records": [
          {
            "file": "export.geojson",
            "record": 149
          },
          {
            "file": "jalan_cikarang.geojson",
            "record": 402
          },
          {
            "file": "osm_cikarang_1km.geojson",
            "record": 402
          }
        ],
        "dataset_role": "osm_reference",
        "radius_m": 1000,
        "geometry_clipped": false,
        "center_status": "unverified_geocoded_station_reference"
      }
    },
    {
      "type": "Feature",
      "id": "osm:way/863187823",
      "geometry": {
        "type": "LineString",
        "coordinates": [
          [
            107.15007190000001,
            -6.258656599999999
          ],
          [
            107.1502349,
            -6.258760399999998
          ],
          [
            107.15034880000002,
            -6.258826999999999
          ],
          [
            107.1504314,
            -6.258863099999998
          ]
        ]
      },
      "properties": {
        "@id": "way/863187823",
        "highway": "residential",
        "oneway": "no",
        "source_records": [
          {
            "file": "export.geojson",
            "record": 150
          },
          {
            "file": "jalan_cikarang.geojson",
            "record": 403
          },
          {
            "file": "osm_cikarang_1km.geojson",
            "record": 403
          }
        ],
        "dataset_role": "osm_reference",
        "radius_m": 1000,
        "geometry_clipped": false,
        "center_status": "unverified_geocoded_station_reference"
      }
    },
    {
      "type": "Feature",
      "id": "osm:way/863187824",
      "geometry": {
        "type": "LineString",
        "coordinates": [
          [
            107.14948,
            -6.258225499999998
          ],
          [
            107.1495455,
            -6.2583084
          ],
          [
            107.1497032,
            -6.258443299999999
          ],
          [
            107.1498909,
            -6.258551299999997
          ],
          [
            107.15007190000001,
            -6.258656599999999
          ]
        ]
      },
      "properties": {
        "@id": "way/863187824",
        "highway": "residential",
        "oneway": "no",
        "source_records": [
          {
            "file": "export.geojson",
            "record": 151
          },
          {
            "file": "jalan_cikarang.geojson",
            "record": 404
          },
          {
            "file": "osm_cikarang_1km.geojson",
            "record": 404
          }
        ],
        "dataset_role": "osm_reference",
        "radius_m": 1000,
        "geometry_clipped": false,
        "center_status": "unverified_geocoded_station_reference"
      }
    },
    {
      "type": "Feature",
      "id": "osm:way/863188964",
      "geometry": {
        "type": "LineString",
        "coordinates": [
          [
            107.1428804,
            -6.255806699999999
          ],
          [
            107.1428668,
            -6.2558514999999995
          ]
        ]
      },
      "properties": {
        "@id": "way/863188964",
        "highway": "service",
        "source_records": [
          {
            "file": "export.geojson",
            "record": 152
          },
          {
            "file": "jalan_cikarang.geojson",
            "record": 405
          },
          {
            "file": "osm_cikarang_1km.geojson",
            "record": 405
          }
        ],
        "dataset_role": "osm_reference",
        "radius_m": 1000,
        "geometry_clipped": false,
        "center_status": "unverified_geocoded_station_reference"
      }
    },
    {
      "type": "Feature",
      "id": "osm:way/882666461",
      "geometry": {
        "type": "LineString",
        "coordinates": [
          [
            107.1482881,
            -6.2624901999999985
          ],
          [
            107.14771690000002,
            -6.2623711
          ],
          [
            107.14769950000002,
            -6.262364399999999
          ],
          [
            107.14768880000001,
            -6.262350399999999
          ],
          [
            107.14768470000001,
            -6.2623284
          ],
          [
            107.14768680000002,
            -6.262271799999999
          ],
          [
            107.14772030000002,
            -6.2620358
          ],
          [
            107.14774850000002,
            -6.261790500000001
          ]
        ]
      },
      "properties": {
        "@id": "way/882666461",
        "highway": "residential",
        "lanes": "1",
        "source_records": [
          {
            "file": "jalan_cikarang.geojson",
            "record": 406
          },
          {
            "file": "osm_cikarang_1km.geojson",
            "record": 406
          }
        ],
        "dataset_role": "osm_reference",
        "radius_m": 1000,
        "geometry_clipped": false,
        "center_status": "unverified_geocoded_station_reference"
      }
    },
    {
      "type": "Feature",
      "id": "osm:way/887784726",
      "geometry": {
        "type": "LineString",
        "coordinates": [
          [
            107.1458489,
            -6.256249
          ],
          [
            107.14593800000002,
            -6.256042099999999
          ]
        ]
      },
      "properties": {
        "@id": "way/887784726",
        "highway": "residential",
        "source_records": [
          {
            "file": "export.geojson",
            "record": 153
          },
          {
            "file": "jalan_cikarang.geojson",
            "record": 407
          },
          {
            "file": "osm_cikarang_1km.geojson",
            "record": 407
          }
        ],
        "dataset_role": "osm_reference",
        "radius_m": 1000,
        "geometry_clipped": false,
        "center_status": "unverified_geocoded_station_reference"
      }
    },
    {
      "type": "Feature",
      "id": "osm:way/888040622",
      "geometry": {
        "type": "LineString",
        "coordinates": [
          [
            107.15034880000002,
            -6.258826999999999
          ],
          [
            107.15028580000002,
            -6.2590056999999995
          ],
          [
            107.15027650000002,
            -6.259037699999999
          ],
          [
            107.15026040000001,
            -6.259046999999998
          ],
          [
            107.1502335,
            -6.259035
          ],
          [
            107.1500324,
            -6.2589497
          ]
        ]
      },
      "properties": {
        "@id": "way/888040622",
        "highway": "living_street",
        "source_records": [
          {
            "file": "export.geojson",
            "record": 154
          },
          {
            "file": "jalan_cikarang.geojson",
            "record": 408
          },
          {
            "file": "osm_cikarang_1km.geojson",
            "record": 408
          }
        ],
        "dataset_role": "osm_reference",
        "radius_m": 1000,
        "geometry_clipped": false,
        "center_status": "unverified_geocoded_station_reference"
      }
    },
    {
      "type": "Feature",
      "id": "osm:way/913366122",
      "geometry": {
        "type": "LineString",
        "coordinates": [
          [
            107.144621,
            -6.2608
          ],
          [
            107.1448423,
            -6.260977299999998
          ],
          [
            107.144901,
            -6.261029300000001
          ],
          [
            107.1449026,
            -6.2610345
          ],
          [
            107.144902,
            -6.2610403
          ],
          [
            107.1448544,
            -6.261115999999999
          ],
          [
            107.14485,
            -6.261126299999999
          ],
          [
            107.1448517,
            -6.261137299999999
          ],
          [
            107.1448577,
            -6.261148000000001
          ],
          [
            107.1448705,
            -6.261157299999999
          ],
          [
            107.1450232,
            -6.261214800000001
          ]
        ]
      },
      "properties": {
        "@id": "way/913366122",
        "highway": "path",
        "source_records": [
          {
            "file": "export.geojson",
            "record": 155
          },
          {
            "file": "jalan_cikarang.geojson",
            "record": 409
          },
          {
            "file": "osm_cikarang_1km.geojson",
            "record": 409
          }
        ],
        "dataset_role": "osm_reference",
        "radius_m": 1000,
        "geometry_clipped": false,
        "center_status": "unverified_geocoded_station_reference"
      }
    },
    {
      "type": "Feature",
      "id": "osm:way/913366123",
      "geometry": {
        "type": "LineString",
        "coordinates": [
          [
            107.1445727,
            -6.260462699999998
          ],
          [
            107.144617,
            -6.2606747
          ],
          [
            107.144625,
            -6.2607347
          ],
          [
            107.144621,
            -6.2608
          ],
          [
            107.1446116,
            -6.260850700000001
          ],
          [
            107.14455400000001,
            -6.260969299999999
          ]
        ]
      },
      "properties": {
        "@id": "way/913366123",
        "highway": "residential",
        "source_records": [
          {
            "file": "export.geojson",
            "record": 156
          },
          {
            "file": "jalan_cikarang.geojson",
            "record": 410
          },
          {
            "file": "osm_cikarang_1km.geojson",
            "record": 410
          }
        ],
        "dataset_role": "osm_reference",
        "radius_m": 1000,
        "geometry_clipped": false,
        "center_status": "unverified_geocoded_station_reference"
      }
    },
    {
      "type": "Feature",
      "id": "osm:way/913367764",
      "geometry": {
        "type": "LineString",
        "coordinates": [
          [
            107.1461941,
            -6.261035999999998
          ],
          [
            107.1461284,
            -6.261421899999999
          ]
        ]
      },
      "properties": {
        "@id": "way/913367764",
        "highway": "living_street",
        "motorcar": "no",
        "motorcycle": "yes",
        "source_records": [
          {
            "file": "export.geojson",
            "record": 157
          },
          {
            "file": "jalan_cikarang.geojson",
            "record": 411
          },
          {
            "file": "osm_cikarang_1km.geojson",
            "record": 411
          }
        ],
        "dataset_role": "osm_reference",
        "radius_m": 1000,
        "geometry_clipped": false,
        "center_status": "unverified_geocoded_station_reference"
      }
    },
    {
      "type": "Feature",
      "id": "osm:way/913367765",
      "geometry": {
        "type": "LineString",
        "coordinates": [
          [
            107.1462263,
            -6.2614564999999995
          ],
          [
            107.1461284,
            -6.261421899999999
          ],
          [
            107.145952,
            -6.2613525999999995
          ],
          [
            107.1459166,
            -6.261373
          ],
          [
            107.1459065,
            -6.261407299999999
          ],
          [
            107.1458092,
            -6.261617899999999
          ],
          [
            107.1457261,
            -6.2618972
          ],
          [
            107.1456403,
            -6.262166500000002
          ],
          [
            107.1456108,
            -6.262215799999999
          ],
          [
            107.1454857,
            -6.262523300000001
          ]
        ]
      },
      "properties": {
        "@id": "way/913367765",
        "highway": "living_street",
        "motorcar": "no",
        "motorcycle": "yes",
        "source_records": [
          {
            "file": "export.geojson",
            "record": 158
          },
          {
            "file": "jalan_cikarang.geojson",
            "record": 412
          },
          {
            "file": "osm_cikarang_1km.geojson",
            "record": 412
          }
        ],
        "dataset_role": "osm_reference",
        "radius_m": 1000,
        "geometry_clipped": false,
        "center_status": "unverified_geocoded_station_reference"
      }
    },
    {
      "type": "Feature",
      "id": "osm:way/913377590",
      "geometry": {
        "type": "LineString",
        "coordinates": [
          [
            107.14802880000002,
            -6.260508099999998
          ],
          [
            107.1478142,
            -6.260429399999998
          ],
          [
            107.1478055,
            -6.2604171
          ],
          [
            107.1478061,
            -6.260404100000001
          ],
          [
            107.1479148,
            -6.2599362
          ]
        ]
      },
      "properties": {
        "@id": "way/913377590",
        "highway": "living_street",
        "motorcar": "no",
        "source_records": [
          {
            "file": "export.geojson",
            "record": 159
          },
          {
            "file": "jalan_cikarang.geojson",
            "record": 413
          },
          {
            "file": "osm_cikarang_1km.geojson",
            "record": 413
          }
        ],
        "dataset_role": "osm_reference",
        "radius_m": 1000,
        "geometry_clipped": false,
        "center_status": "unverified_geocoded_station_reference"
      }
    },
    {
      "type": "Feature",
      "id": "osm:way/913379556",
      "geometry": {
        "type": "LineString",
        "coordinates": [
          [
            107.1488482,
            -6.2619012
          ],
          [
            107.1486544,
            -6.2618525
          ],
          [
            107.1486366,
            -6.261857799999999
          ],
          [
            107.14862560000002,
            -6.261869199999998
          ],
          [
            107.148592,
            -6.261993099999999
          ],
          [
            107.1485813,
            -6.2620024999999995
          ],
          [
            107.1485585,
            -6.262014500000001
          ],
          [
            107.1485129,
            -6.2620344999999995
          ],
          [
            107.1484841,
            -6.262046500000001
          ],
          [
            107.1484686,
            -6.262058499999999
          ],
          [
            107.14844840000002,
            -6.2620987999999995
          ]
        ]
      },
      "properties": {
        "@id": "way/913379556",
        "highway": "living_street",
        "motorcycle": "yes",
        "source_records": [
          {
            "file": "jalan_cikarang.geojson",
            "record": 414
          },
          {
            "file": "osm_cikarang_1km.geojson",
            "record": 414
          }
        ],
        "dataset_role": "osm_reference",
        "radius_m": 1000,
        "geometry_clipped": false,
        "center_status": "unverified_geocoded_station_reference"
      }
    },
    {
      "type": "Feature",
      "id": "osm:way/913380478",
      "geometry": {
        "type": "LineString",
        "coordinates": [
          [
            107.14940470000002,
            -6.260485799999999
          ],
          [
            107.14945900000001,
            -6.260330799999998
          ]
        ]
      },
      "properties": {
        "@id": "way/913380478",
        "highway": "living_street",
        "motorcar": "no",
        "source_records": [
          {
            "file": "export.geojson",
            "record": 160
          },
          {
            "file": "jalan_cikarang.geojson",
            "record": 415
          },
          {
            "file": "osm_cikarang_1km.geojson",
            "record": 415
          }
        ],
        "dataset_role": "osm_reference",
        "radius_m": 1000,
        "geometry_clipped": false,
        "center_status": "unverified_geocoded_station_reference"
      }
    },
    {
      "type": "Feature",
      "id": "osm:way/913380632",
      "geometry": {
        "type": "LineString",
        "coordinates": [
          [
            107.1510241,
            -6.260898899999998
          ],
          [
            107.15051150000001,
            -6.260706999999999
          ],
          [
            107.1504907,
            -6.2607
          ],
          [
            107.1503412,
            -6.260672400000001
          ],
          [
            107.15032470000001,
            -6.260675400000001
          ],
          [
            107.15031300000001,
            -6.2606807
          ],
          [
            107.15030600000001,
            -6.2606894
          ]
        ]
      },
      "properties": {
        "@id": "way/913380632",
        "highway": "living_street",
        "motorcycle": "yes",
        "source_records": [
          {
            "file": "export.geojson",
            "record": 161
          },
          {
            "file": "jalan_cikarang.geojson",
            "record": 416
          },
          {
            "file": "osm_cikarang_1km.geojson",
            "record": 416
          }
        ],
        "dataset_role": "osm_reference",
        "radius_m": 1000,
        "geometry_clipped": false,
        "center_status": "unverified_geocoded_station_reference"
      }
    },
    {
      "type": "Feature",
      "id": "osm:way/913385427",
      "geometry": {
        "type": "LineString",
        "coordinates": [
          [
            107.15153670292159,
            -6.2616333563537685
          ],
          [
            107.1515398,
            -6.261616499999999
          ],
          [
            107.1515388,
            -6.2616089000000015
          ],
          [
            107.1515347,
            -6.261602600000001
          ],
          [
            107.15149890000002,
            -6.2615886
          ],
          [
            107.1514942,
            -6.2615854
          ],
          [
            107.1514922,
            -6.2615826000000006
          ],
          [
            107.1514913,
            -6.261576899999999
          ],
          [
            107.1514928,
            -6.2615716
          ],
          [
            107.1516182,
            -6.261302899999997
          ],
          [
            107.1516263,
            -6.2612866
          ],
          [
            107.1516625,
            -6.261183999999997
          ],
          [
            107.151769,
            -6.260883899999999
          ]
        ]
      },
      "properties": {
        "@id": "way/913385427",
        "highway": "living_street",
        "motorcycle": "yes",
        "source_records": [
          {
            "file": "export.geojson",
            "record": 162
          }
        ],
        "dataset_role": "osm_reference",
        "radius_m": 1000,
        "geometry_clipped": true,
        "center_status": "unverified_geocoded_station_reference"
      }
    },
    {
      "type": "Feature",
      "id": "osm:way/913385428",
      "geometry": {
        "type": "LineString",
        "coordinates": [
          [
            107.1513279,
            -6.261398599999998
          ],
          [
            107.1510972,
            -6.261341299999998
          ],
          [
            107.151053,
            -6.2613338999999995
          ],
          [
            107.15101,
            -6.261326599999998
          ],
          [
            107.1509047,
            -6.261311899999998
          ]
        ]
      },
      "properties": {
        "@id": "way/913385428",
        "highway": "living_street",
        "motorcycle": "yes",
        "source_records": [
          {
            "file": "export.geojson",
            "record": 163
          },
          {
            "file": "jalan_cikarang.geojson",
            "record": 417
          },
          {
            "file": "osm_cikarang_1km.geojson",
            "record": 417
          }
        ],
        "dataset_role": "osm_reference",
        "radius_m": 1000,
        "geometry_clipped": false,
        "center_status": "unverified_geocoded_station_reference"
      }
    },
    {
      "type": "Feature",
      "id": "osm:way/913385429",
      "geometry": {
        "type": "LineString",
        "coordinates": [
          [
            107.1522063,
            -6.2600697
          ],
          [
            107.15198,
            -6.260687999999998
          ],
          [
            107.1519788,
            -6.260696199999999
          ],
          [
            107.15198070000001,
            -6.2607047
          ],
          [
            107.1520662,
            -6.260746700000001
          ],
          [
            107.1520712,
            -6.260750700000002
          ],
          [
            107.1520747,
            -6.260757699999999
          ],
          [
            107.1520755,
            -6.260765699999999
          ],
          [
            107.1520742,
            -6.2607767
          ],
          [
            107.1520165,
            -6.260969099999999
          ]
        ]
      },
      "properties": {
        "@id": "way/913385429",
        "highway": "living_street",
        "motorcycle": "yes",
        "source_records": [
          {
            "file": "jalan_cikarang.geojson",
            "record": 418
          },
          {
            "file": "osm_cikarang_1km.geojson",
            "record": 418
          }
        ],
        "dataset_role": "osm_reference",
        "radius_m": 1000,
        "geometry_clipped": false,
        "center_status": "unverified_geocoded_station_reference"
      }
    },
    {
      "type": "Feature",
      "id": "osm:way/913388474",
      "geometry": {
        "type": "LineString",
        "coordinates": [
          [
            107.15103560000001,
            -6.259956699999999
          ],
          [
            107.1509517,
            -6.260208099999999
          ],
          [
            107.15095140000001,
            -6.260211800000001
          ],
          [
            107.150953,
            -6.260215499999999
          ],
          [
            107.15103450000001,
            -6.2602511000000005
          ],
          [
            107.15110220000001,
            -6.260277799999998
          ],
          [
            107.15110630000001,
            -6.260282799999999
          ],
          [
            107.15110730000002,
            -6.260288799999998
          ],
          [
            107.1510484,
            -6.260500699999998
          ],
          [
            107.1510491,
            -6.260504299999999
          ],
          [
            107.15105080000001,
            -6.260506699999996
          ],
          [
            107.1511431,
            -6.260537700000001
          ],
          [
            107.1511555,
            -6.260540100000001
          ]
        ]
      },
      "properties": {
        "@id": "way/913388474",
        "highway": "living_street",
        "motorcycle": "yes",
        "source_records": [
          {
            "file": "export.geojson",
            "record": 164
          },
          {
            "file": "jalan_cikarang.geojson",
            "record": 419
          },
          {
            "file": "osm_cikarang_1km.geojson",
            "record": 419
          }
        ],
        "dataset_role": "osm_reference",
        "radius_m": 1000,
        "geometry_clipped": false,
        "center_status": "unverified_geocoded_station_reference"
      }
    },
    {
      "type": "Feature",
      "id": "osm:way/913388631",
      "geometry": {
        "type": "LineString",
        "coordinates": [
          [
            107.1499553,
            -6.2620011
          ],
          [
            107.1501343,
            -6.261681900000002
          ],
          [
            107.1501457,
            -6.2616705
          ],
          [
            107.15016310000001,
            -6.2616638999999985
          ],
          [
            107.1501786,
            -6.2616572
          ],
          [
            107.1501933,
            -6.2616459
          ],
          [
            107.1502241,
            -6.2615970999999995
          ]
        ]
      },
      "properties": {
        "@id": "way/913388631",
        "highway": "residential",
        "source_records": [
          {
            "file": "export.geojson",
            "record": 165
          },
          {
            "file": "jalan_cikarang.geojson",
            "record": 420
          },
          {
            "file": "osm_cikarang_1km.geojson",
            "record": 420
          }
        ],
        "dataset_role": "osm_reference",
        "radius_m": 1000,
        "geometry_clipped": false,
        "center_status": "unverified_geocoded_station_reference"
      }
    },
    {
      "type": "Feature",
      "id": "osm:way/913389083",
      "geometry": {
        "type": "LineString",
        "coordinates": [
          [
            107.144786,
            -6.262810300000001
          ],
          [
            107.1447363,
            -6.262771699999999
          ],
          [
            107.1446908,
            -6.262724999999999
          ],
          [
            107.1446666,
            -6.262700999999999
          ],
          [
            107.1446452,
            -6.262672999999998
          ],
          [
            107.1446378,
            -6.262654400000001
          ],
          [
            107.1446391,
            -6.262642699999999
          ],
          [
            107.1446445,
            -6.262633
          ],
          [
            107.1447832,
            -6.262400099999999
          ]
        ]
      },
      "properties": {
        "@id": "way/913389083",
        "highway": "residential",
        "motorcar": "no",
        "source_records": [
          {
            "file": "jalan_cikarang.geojson",
            "record": 421
          },
          {
            "file": "osm_cikarang_1km.geojson",
            "record": 421
          }
        ],
        "dataset_role": "osm_reference",
        "radius_m": 1000,
        "geometry_clipped": false,
        "center_status": "unverified_geocoded_station_reference"
      }
    },
    {
      "type": "Feature",
      "id": "osm:way/913415588",
      "geometry": {
        "type": "LineString",
        "coordinates": [
          [
            107.1455906,
            -6.261001300000001
          ],
          [
            107.1457408,
            -6.260678700000001
          ]
        ]
      },
      "properties": {
        "@id": "way/913415588",
        "highway": "residential",
        "motorcar": "no",
        "source_records": [
          {
            "file": "export.geojson",
            "record": 166
          },
          {
            "file": "jalan_cikarang.geojson",
            "record": 422
          },
          {
            "file": "osm_cikarang_1km.geojson",
            "record": 422
          }
        ],
        "dataset_role": "osm_reference",
        "radius_m": 1000,
        "geometry_clipped": false,
        "center_status": "unverified_geocoded_station_reference"
      }
    },
    {
      "type": "Feature",
      "id": "osm:way/913415589",
      "geometry": {
        "type": "LineString",
        "coordinates": [
          [
            107.1451756,
            -6.2603241
          ],
          [
            107.1450783,
            -6.260428099999999
          ]
        ]
      },
      "properties": {
        "@id": "way/913415589",
        "highway": "residential",
        "motorcar": "no",
        "source_records": [
          {
            "file": "export.geojson",
            "record": 167
          },
          {
            "file": "jalan_cikarang.geojson",
            "record": 423
          },
          {
            "file": "osm_cikarang_1km.geojson",
            "record": 423
          }
        ],
        "dataset_role": "osm_reference",
        "radius_m": 1000,
        "geometry_clipped": false,
        "center_status": "unverified_geocoded_station_reference"
      }
    },
    {
      "type": "Feature",
      "id": "osm:way/913415590",
      "geometry": {
        "type": "LineString",
        "coordinates": [
          [
            107.1451756,
            -6.2603241
          ],
          [
            107.1452051,
            -6.260294100000002
          ],
          [
            107.1452104,
            -6.260284099999998
          ],
          [
            107.1452118,
            -6.260272799999998
          ],
          [
            107.1452017,
            -6.260254100000001
          ],
          [
            107.1449022,
            -6.2600139
          ]
        ]
      },
      "properties": {
        "@id": "way/913415590",
        "highway": "residential",
        "motorcar": "no",
        "source_records": [
          {
            "file": "export.geojson",
            "record": 168
          },
          {
            "file": "jalan_cikarang.geojson",
            "record": 424
          },
          {
            "file": "osm_cikarang_1km.geojson",
            "record": 424
          }
        ],
        "dataset_role": "osm_reference",
        "radius_m": 1000,
        "geometry_clipped": false,
        "center_status": "unverified_geocoded_station_reference"
      }
    },
    {
      "type": "Feature",
      "id": "osm:way/914639348",
      "geometry": {
        "type": "LineString",
        "coordinates": [
          [
            107.1409089,
            -6.251388199999997
          ],
          [
            107.14070899999999,
            -6.251338899999999
          ],
          [
            107.14052929999998,
            -6.251312199999999
          ],
          [
            107.1403939,
            -6.2513069
          ],
          [
            107.14022219999998,
            -6.251304200000001
          ]
        ]
      },
      "properties": {
        "@id": "way/914639348",
        "highway": "residential",
        "source_records": [
          {
            "file": "jalan_cikarang.geojson",
            "record": 425
          },
          {
            "file": "osm_cikarang_1km.geojson",
            "record": 425
          }
        ],
        "dataset_role": "osm_reference",
        "radius_m": 1000,
        "geometry_clipped": false,
        "center_status": "unverified_geocoded_station_reference"
      }
    },
    {
      "type": "Feature",
      "id": "osm:way/914639349",
      "geometry": {
        "type": "LineString",
        "coordinates": [
          [
            107.13701504478726,
            -6.251221678858851
          ],
          [
            107.13712419999999,
            -6.251274900000001
          ],
          [
            107.1372691,
            -6.251293600000001
          ],
          [
            107.1374327,
            -6.251261599999999
          ],
          [
            107.13759899999998,
            -6.251240199999999
          ],
          [
            107.13792089999998,
            -6.251254999999999
          ],
          [
            107.13951139999999,
            -6.2513654999999995
          ],
          [
            107.13970889999999,
            -6.2513368
          ]
        ]
      },
      "properties": {
        "@id": "way/914639349",
        "highway": "residential",
        "source_records": [
          {
            "file": "jalan_cikarang.geojson",
            "record": 426
          },
          {
            "file": "osm_cikarang_1km.geojson",
            "record": 426
          }
        ],
        "dataset_role": "osm_reference",
        "radius_m": 1000,
        "geometry_clipped": true,
        "center_status": "unverified_geocoded_station_reference"
      }
    },
    {
      "type": "Feature",
      "id": "osm:way/914641556",
      "geometry": {
        "type": "LineString",
        "coordinates": [
          [
            107.1411985,
            -6.2533106
          ],
          [
            107.1408199,
            -6.2532312
          ],
          [
            107.1404517,
            -6.2531539
          ]
        ]
      },
      "properties": {
        "@id": "way/914641556",
        "highway": "residential",
        "motorcar": "no",
        "surface": "unpaved",
        "source_records": [
          {
            "file": "jalan_cikarang.geojson",
            "record": 427
          },
          {
            "file": "osm_cikarang_1km.geojson",
            "record": 427
          }
        ],
        "dataset_role": "osm_reference",
        "radius_m": 1000,
        "geometry_clipped": false,
        "center_status": "unverified_geocoded_station_reference"
      }
    },
    {
      "type": "Feature",
      "id": "osm:way/914642323",
      "geometry": {
        "type": "LineString",
        "coordinates": [
          [
            107.1434207,
            -6.2555900000000015
          ],
          [
            107.1429787,
            -6.2554745
          ]
        ]
      },
      "properties": {
        "@id": "way/914642323",
        "highway": "service",
        "source_records": [
          {
            "file": "export.geojson",
            "record": 169
          },
          {
            "file": "jalan_cikarang.geojson",
            "record": 428
          },
          {
            "file": "osm_cikarang_1km.geojson",
            "record": 428
          }
        ],
        "dataset_role": "osm_reference",
        "radius_m": 1000,
        "geometry_clipped": false,
        "center_status": "unverified_geocoded_station_reference"
      }
    },
    {
      "type": "Feature",
      "id": "osm:way/914642857",
      "geometry": {
        "type": "LineString",
        "coordinates": [
          [
            107.1423331,
            -6.254894299999999
          ],
          [
            107.1422312,
            -6.2548637000000005
          ],
          [
            107.1421909,
            -6.254852300000001
          ],
          [
            107.1421715,
            -6.2548903
          ],
          [
            107.1421531,
            -6.254930700000001
          ]
        ]
      },
      "properties": {
        "@id": "way/914642857",
        "highway": "residential",
        "source_records": [
          {
            "file": "export.geojson",
            "record": 170
          },
          {
            "file": "jalan_cikarang.geojson",
            "record": 429
          },
          {
            "file": "osm_cikarang_1km.geojson",
            "record": 429
          }
        ],
        "dataset_role": "osm_reference",
        "radius_m": 1000,
        "geometry_clipped": false,
        "center_status": "unverified_geocoded_station_reference"
      }
    },
    {
      "type": "Feature",
      "id": "osm:way/914644705",
      "geometry": {
        "type": "LineString",
        "coordinates": [
          [
            107.1412401,
            -6.258624400000002
          ],
          [
            107.1413447,
            -6.258676399999998
          ],
          [
            107.1413662,
            -6.258696399999999
          ],
          [
            107.1413621,
            -6.2587269999999995
          ],
          [
            107.1413293,
            -6.2588982999999985
          ]
        ]
      },
      "properties": {
        "@id": "way/914644705",
        "highway": "living_street",
        "motorcycle": "yes",
        "source_records": [
          {
            "file": "export.geojson",
            "record": 171
          },
          {
            "file": "jalan_cikarang.geojson",
            "record": 430
          },
          {
            "file": "osm_cikarang_1km.geojson",
            "record": 430
          }
        ],
        "dataset_role": "osm_reference",
        "radius_m": 1000,
        "geometry_clipped": false,
        "center_status": "unverified_geocoded_station_reference"
      }
    },
    {
      "type": "Feature",
      "id": "osm:way/914644706",
      "geometry": {
        "type": "LineString",
        "coordinates": [
          [
            107.1414815,
            -6.258049200000002
          ],
          [
            107.1414547,
            -6.258129799999999
          ],
          [
            107.1414265,
            -6.2581965
          ],
          [
            107.1414077,
            -6.258236499999999
          ],
          [
            107.1413688,
            -6.258272400000002
          ],
          [
            107.1413648,
            -6.258285799999999
          ],
          [
            107.1413071,
            -6.258501699999998
          ],
          [
            107.1412589,
            -6.258611099999999
          ],
          [
            107.1412401,
            -6.258624400000002
          ],
          [
            107.1412079,
            -6.2586231
          ],
          [
            107.14090880000002,
            -6.2585017
          ]
        ]
      },
      "properties": {
        "@id": "way/914644706",
        "highway": "living_street",
        "motorcycle": "yes",
        "source_records": [
          {
            "file": "export.geojson",
            "record": 172
          },
          {
            "file": "jalan_cikarang.geojson",
            "record": 431
          },
          {
            "file": "osm_cikarang_1km.geojson",
            "record": 431
          }
        ],
        "dataset_role": "osm_reference",
        "radius_m": 1000,
        "geometry_clipped": false,
        "center_status": "unverified_geocoded_station_reference"
      }
    },
    {
      "type": "Feature",
      "id": "osm:way/914894283",
      "geometry": {
        "type": "LineString",
        "coordinates": [
          [
            107.1446595,
            -6.248406
          ],
          [
            107.1448061,
            -6.248525999999998
          ],
          [
            107.1449053,
            -6.2485813
          ],
          [
            107.1449925,
            -6.2486126
          ],
          [
            107.1451031,
            -6.2486432999999995
          ],
          [
            107.145187,
            -6.248647999999999
          ],
          [
            107.1452527,
            -6.248663299999998
          ],
          [
            107.1452944,
            -6.248671100000001
          ],
          [
            107.145302,
            -6.2486724
          ],
          [
            107.1454012,
            -6.2486893
          ],
          [
            107.1454787,
            -6.2487013
          ],
          [
            107.1455346,
            -6.2487179
          ],
          [
            107.1455813,
            -6.248736300000001
          ],
          [
            107.1456295,
            -6.248753900000001
          ],
          [
            107.145714,
            -6.2487963
          ],
          [
            107.1457321,
            -6.248805900000001
          ],
          [
            107.1457445,
            -6.2488163
          ],
          [
            107.1457489,
            -6.2488263
          ],
          [
            107.1457475,
            -6.248839299999999
          ],
          [
            107.1457388,
            -6.248864899999999
          ],
          [
            107.145704,
            -6.248921900000001
          ]
        ]
      },
      "properties": {
        "@id": "way/914894283",
        "highway": "living_street",
        "motorcycle": "yes",
        "source_records": [
          {
            "file": "jalan_cikarang.geojson",
            "record": 432
          },
          {
            "file": "osm_cikarang_1km.geojson",
            "record": 432
          }
        ],
        "dataset_role": "osm_reference",
        "radius_m": 1000,
        "geometry_clipped": false,
        "center_status": "unverified_geocoded_station_reference"
      }
    },
    {
      "type": "Feature",
      "id": "osm:way/914895234",
      "geometry": {
        "type": "LineString",
        "coordinates": [
          [
            107.1453474,
            -6.2493028
          ],
          [
            107.1454988,
            -6.2491219000000005
          ]
        ]
      },
      "properties": {
        "@id": "way/914895234",
        "highway": "residential",
        "motorcar": "no",
        "source_records": [
          {
            "file": "jalan_cikarang.geojson",
            "record": 433
          },
          {
            "file": "osm_cikarang_1km.geojson",
            "record": 433
          }
        ],
        "dataset_role": "osm_reference",
        "radius_m": 1000,
        "geometry_clipped": false,
        "center_status": "unverified_geocoded_station_reference"
      }
    },
    {
      "type": "Feature",
      "id": "osm:way/914898856",
      "geometry": {
        "type": "LineString",
        "coordinates": [
          [
            107.1495481,
            -6.2494418000000005
          ],
          [
            107.1501423,
            -6.249405799999998
          ],
          [
            107.1501772,
            -6.249405199999998
          ],
          [
            107.1501906,
            -6.249411800000002
          ],
          [
            107.1502,
            -6.2494218
          ],
          [
            107.1501953,
            -6.2495025
          ],
          [
            107.15018320000001,
            -6.249674899999999
          ]
        ]
      },
      "properties": {
        "@id": "way/914898856",
        "highway": "living_street",
        "motorcycle": "yes",
        "source_records": [
          {
            "file": "jalan_cikarang.geojson",
            "record": 434
          },
          {
            "file": "osm_cikarang_1km.geojson",
            "record": 434
          }
        ],
        "dataset_role": "osm_reference",
        "radius_m": 1000,
        "geometry_clipped": false,
        "center_status": "unverified_geocoded_station_reference"
      }
    },
    {
      "type": "Feature",
      "id": "osm:way/914900407",
      "geometry": {
        "type": "LineString",
        "coordinates": [
          [
            107.1498284,
            -6.248372800000001
          ],
          [
            107.1498312,
            -6.248427999999999
          ],
          [
            107.14985,
            -6.248648000000002
          ],
          [
            107.1498781,
            -6.2489646
          ],
          [
            107.1498989,
            -6.2490759
          ]
        ]
      },
      "properties": {
        "@id": "way/914900407",
        "highway": "residential",
        "source_records": [
          {
            "file": "jalan_cikarang.geojson",
            "record": 435
          },
          {
            "file": "osm_cikarang_1km.geojson",
            "record": 435
          }
        ],
        "dataset_role": "osm_reference",
        "radius_m": 1000,
        "geometry_clipped": false,
        "center_status": "unverified_geocoded_station_reference"
      }
    },
    {
      "type": "Feature",
      "id": "osm:way/914903869",
      "geometry": {
        "type": "LineString",
        "coordinates": [
          [
            107.14707660000002,
            -6.246971499999999
          ],
          [
            107.1471302,
            -6.2468475
          ],
          [
            107.1472288,
            -6.246557599999998
          ],
          [
            107.1472325,
            -6.2465443
          ],
          [
            107.147231,
            -6.246536400000001
          ],
          [
            107.14722873053756,
            -6.246532268414556
          ]
        ]
      },
      "properties": {
        "@id": "way/914903869",
        "highway": "residential",
        "motorcar": "no",
        "source_records": [
          {
            "file": "jalan_cikarang.geojson",
            "record": 436
          },
          {
            "file": "osm_cikarang_1km.geojson",
            "record": 436
          }
        ],
        "dataset_role": "osm_reference",
        "radius_m": 1000,
        "geometry_clipped": true,
        "center_status": "unverified_geocoded_station_reference"
      }
    },
    {
      "type": "Feature",
      "id": "osm:way/914911260",
      "geometry": {
        "type": "LineString",
        "coordinates": [
          [
            107.1450958,
            -6.2491371
          ],
          [
            107.1451675,
            -6.248950899999999
          ],
          [
            107.1452503,
            -6.248791899999999
          ],
          [
            107.145302,
            -6.2486724
          ]
        ]
      },
      "properties": {
        "@id": "way/914911260",
        "highway": "living_street",
        "motorcar": "no",
        "motorcycle": "yes",
        "source_records": [
          {
            "file": "jalan_cikarang.geojson",
            "record": 437
          },
          {
            "file": "osm_cikarang_1km.geojson",
            "record": 437
          }
        ],
        "dataset_role": "osm_reference",
        "radius_m": 1000,
        "geometry_clipped": false,
        "center_status": "unverified_geocoded_station_reference"
      }
    },
    {
      "type": "Feature",
      "id": "osm:way/915383840",
      "geometry": {
        "type": "LineString",
        "coordinates": [
          [
            107.1530114,
            -6.2531471
          ],
          [
            107.15366810000002,
            -6.253373199999999
          ]
        ]
      },
      "properties": {
        "@id": "way/915383840",
        "highway": "residential",
        "source_records": [
          {
            "file": "jalan_cikarang.geojson",
            "record": 438
          },
          {
            "file": "osm_cikarang_1km.geojson",
            "record": 438
          }
        ],
        "dataset_role": "osm_reference",
        "radius_m": 1000,
        "geometry_clipped": false,
        "center_status": "unverified_geocoded_station_reference"
      }
    },
    {
      "type": "Feature",
      "id": "osm:way/915413673",
      "geometry": {
        "type": "LineString",
        "coordinates": [
          [
            107.13891489999999,
            -6.2601626
          ],
          [
            107.1390078,
            -6.2602168
          ],
          [
            107.13910509999998,
            -6.2602734
          ],
          [
            107.13918219999998,
            -6.260298799999999
          ],
          [
            107.13923649999998,
            -6.260305399999999
          ],
          [
            107.1392841,
            -6.2603101
          ],
          [
            107.13930489999998,
            -6.260318099999999
          ],
          [
            107.13943429999999,
            -6.260376099999999
          ]
        ]
      },
      "properties": {
        "@id": "way/915413673",
        "highway": "residential",
        "source_records": [
          {
            "file": "export.geojson",
            "record": 173
          },
          {
            "file": "jalan_cikarang.geojson",
            "record": 439
          },
          {
            "file": "osm_cikarang_1km.geojson",
            "record": 439
          }
        ],
        "dataset_role": "osm_reference",
        "radius_m": 1000,
        "geometry_clipped": false,
        "center_status": "unverified_geocoded_station_reference"
      }
    },
    {
      "type": "Feature",
      "id": "osm:way/915419354",
      "geometry": {
        "type": "LineString",
        "coordinates": [
          [
            107.1427361,
            -6.263963399999999
          ],
          [
            107.1427361,
            -6.264048733543934
          ]
        ]
      },
      "properties": {
        "@id": "way/915419354",
        "foot": "permissive",
        "highway": "living_street",
        "motorcar": "destination",
        "surface": "unpaved",
        "source_records": [
          {
            "file": "jalan_cikarang.geojson",
            "record": 440
          },
          {
            "file": "osm_cikarang_1km.geojson",
            "record": 440
          }
        ],
        "dataset_role": "osm_reference",
        "radius_m": 1000,
        "geometry_clipped": true,
        "center_status": "unverified_geocoded_station_reference"
      }
    },
    {
      "type": "Feature",
      "id": "osm:way/915419356",
      "geometry": {
        "type": "LineString",
        "coordinates": [
          [
            107.14366230000002,
            -6.2618115
          ],
          [
            107.1435884,
            -6.2619337999999996
          ],
          [
            107.14347709999998,
            -6.262104500000001
          ],
          [
            107.14339659999999,
            -6.262261100000001
          ]
        ]
      },
      "properties": {
        "@id": "way/915419356",
        "highway": "service",
        "motorcar": "no",
        "source_records": [
          {
            "file": "jalan_cikarang.geojson",
            "record": 441
          },
          {
            "file": "osm_cikarang_1km.geojson",
            "record": 441
          }
        ],
        "dataset_role": "osm_reference",
        "radius_m": 1000,
        "geometry_clipped": false,
        "center_status": "unverified_geocoded_station_reference"
      }
    },
    {
      "type": "Feature",
      "id": "osm:way/915421984",
      "geometry": {
        "type": "LineString",
        "coordinates": [
          [
            107.14028190000002,
            -6.262367800000001
          ],
          [
            107.1402946,
            -6.262415699999998
          ],
          [
            107.1403114,
            -6.262434399999999
          ],
          [
            107.1403369,
            -6.262449099999999
          ],
          [
            107.1404616,
            -6.262482999999998
          ],
          [
            107.1405354,
            -6.2625011
          ],
          [
            107.1405709,
            -6.262478399999997
          ],
          [
            107.1406031,
            -6.262419700000001
          ],
          [
            107.1406419,
            -6.262354399999998
          ]
        ]
      },
      "properties": {
        "@id": "way/915421984",
        "access": "private",
        "highway": "service",
        "oneway": "yes",
        "source_records": [
          {
            "file": "jalan_cikarang.geojson",
            "record": 442
          },
          {
            "file": "osm_cikarang_1km.geojson",
            "record": 442
          }
        ],
        "dataset_role": "osm_reference",
        "radius_m": 1000,
        "geometry_clipped": false,
        "center_status": "unverified_geocoded_station_reference"
      }
    },
    {
      "type": "Feature",
      "id": "osm:way/915485838",
      "geometry": {
        "type": "LineString",
        "coordinates": [
          [
            107.1515605,
            -6.253567899999998
          ],
          [
            107.1515596,
            -6.253556499999999
          ],
          [
            107.1515532,
            -6.253546499999999
          ],
          [
            107.1515468,
            -6.253541899999999
          ],
          [
            107.15120150000001,
            -6.2534142
          ],
          [
            107.15119110000002,
            -6.253412899999997
          ],
          [
            107.151182,
            -6.253414900000003
          ],
          [
            107.1511763,
            -6.2534212
          ],
          [
            107.1510531,
            -6.2537699
          ],
          [
            107.1510133,
            -6.253882400000001
          ]
        ]
      },
      "properties": {
        "@id": "way/915485838",
        "highway": "living_street",
        "motorcycle": "yes",
        "source_records": [
          {
            "file": "jalan_cikarang.geojson",
            "record": 444
          },
          {
            "file": "osm_cikarang_1km.geojson",
            "record": 444
          }
        ],
        "dataset_role": "osm_reference",
        "radius_m": 1000,
        "geometry_clipped": false,
        "center_status": "unverified_geocoded_station_reference"
      }
    },
    {
      "type": "Feature",
      "id": "osm:way/915491501",
      "geometry": {
        "type": "LineString",
        "coordinates": [
          [
            107.15151690000002,
            -6.259252999999998
          ],
          [
            107.15137820000001,
            -6.2596701999999995
          ]
        ]
      },
      "properties": {
        "@id": "way/915491501",
        "highway": "residential",
        "source_records": [
          {
            "file": "export.geojson",
            "record": 174
          },
          {
            "file": "jalan_cikarang.geojson",
            "record": 445
          },
          {
            "file": "osm_cikarang_1km.geojson",
            "record": 445
          }
        ],
        "dataset_role": "osm_reference",
        "radius_m": 1000,
        "geometry_clipped": false,
        "center_status": "unverified_geocoded_station_reference"
      }
    },
    {
      "type": "Feature",
      "id": "osm:way/915493505",
      "geometry": {
        "type": "LineString",
        "coordinates": [
          [
            107.1455618,
            -6.253275299999999
          ],
          [
            107.14584720000002,
            -6.2537409
          ]
        ]
      },
      "properties": {
        "@id": "way/915493505",
        "highway": "living_street",
        "motorcycle": "yes",
        "source_records": [
          {
            "file": "jalan_cikarang.geojson",
            "record": 446
          },
          {
            "file": "osm_cikarang_1km.geojson",
            "record": 446
          }
        ],
        "dataset_role": "osm_reference",
        "radius_m": 1000,
        "geometry_clipped": false,
        "center_status": "unverified_geocoded_station_reference"
      }
    },
    {
      "type": "Feature",
      "id": "osm:way/915494515",
      "geometry": {
        "type": "LineString",
        "coordinates": [
          [
            107.1501694,
            -6.254863599999998
          ],
          [
            107.1501262,
            -6.254978300000001
          ],
          [
            107.1501209,
            -6.255080300000002
          ],
          [
            107.1501061,
            -6.255162300000001
          ],
          [
            107.15009200000001,
            -6.255210299999998
          ],
          [
            107.1500726,
            -6.2552676
          ],
          [
            107.1500511,
            -6.255318300000001
          ],
          [
            107.1500451,
            -6.2553317
          ]
        ]
      },
      "properties": {
        "@id": "way/915494515",
        "highway": "living_street",
        "motorcar": "no",
        "motorcycle": "yes",
        "source_records": [
          {
            "file": "export.geojson",
            "record": 175
          },
          {
            "file": "jalan_cikarang.geojson",
            "record": 447
          },
          {
            "file": "osm_cikarang_1km.geojson",
            "record": 447
          }
        ],
        "dataset_role": "osm_reference",
        "radius_m": 1000,
        "geometry_clipped": false,
        "center_status": "unverified_geocoded_station_reference"
      }
    },
    {
      "type": "Feature",
      "id": "osm:way/915499105",
      "geometry": {
        "type": "LineString",
        "coordinates": [
          [
            107.1487081,
            -6.259213799999998
          ],
          [
            107.1486544,
            -6.2592963
          ],
          [
            107.14864230000002,
            -6.259306300000003
          ],
          [
            107.1486282,
            -6.2593182999999994
          ],
          [
            107.1486121,
            -6.259335599999999
          ],
          [
            107.1485417,
            -6.259445599999999
          ]
        ]
      },
      "properties": {
        "@id": "way/915499105",
        "highway": "residential",
        "source_records": [
          {
            "file": "export.geojson",
            "record": 176
          },
          {
            "file": "jalan_cikarang.geojson",
            "record": 448
          },
          {
            "file": "osm_cikarang_1km.geojson",
            "record": 448
          }
        ],
        "dataset_role": "osm_reference",
        "radius_m": 1000,
        "geometry_clipped": false,
        "center_status": "unverified_geocoded_station_reference"
      }
    },
    {
      "type": "Feature",
      "id": "osm:way/915501266",
      "geometry": {
        "type": "LineString",
        "coordinates": [
          [
            107.15125210000001,
            -6.252712300000001
          ],
          [
            107.15111870000001,
            -6.2531813
          ]
        ]
      },
      "properties": {
        "@id": "way/915501266",
        "highway": "residential",
        "source_records": [
          {
            "file": "jalan_cikarang.geojson",
            "record": 449
          },
          {
            "file": "osm_cikarang_1km.geojson",
            "record": 449
          }
        ],
        "dataset_role": "osm_reference",
        "radius_m": 1000,
        "geometry_clipped": false,
        "center_status": "unverified_geocoded_station_reference"
      }
    },
    {
      "type": "Feature",
      "id": "osm:way/915505839",
      "geometry": {
        "type": "LineString",
        "coordinates": [
          [
            107.1517999,
            -6.254082499999999
          ],
          [
            107.15172260000001,
            -6.254296799999998
          ]
        ]
      },
      "properties": {
        "@id": "way/915505839",
        "highway": "living_street",
        "motorcycle": "yes",
        "source_records": [
          {
            "file": "jalan_cikarang.geojson",
            "record": 450
          },
          {
            "file": "osm_cikarang_1km.geojson",
            "record": 450
          }
        ],
        "dataset_role": "osm_reference",
        "radius_m": 1000,
        "geometry_clipped": false,
        "center_status": "unverified_geocoded_station_reference"
      }
    },
    {
      "type": "Feature",
      "id": "osm:way/915506598",
      "geometry": {
        "type": "LineString",
        "coordinates": [
          [
            107.1490253,
            -6.2559035000000005
          ],
          [
            107.14905600000002,
            -6.255903499999997
          ],
          [
            107.1492532,
            -6.2559129
          ],
          [
            107.1493712,
            -6.2559075
          ]
        ]
      },
      "properties": {
        "@id": "way/915506598",
        "highway": "residential",
        "source_records": [
          {
            "file": "export.geojson",
            "record": 177
          },
          {
            "file": "jalan_cikarang.geojson",
            "record": 451
          },
          {
            "file": "osm_cikarang_1km.geojson",
            "record": 451
          }
        ],
        "dataset_role": "osm_reference",
        "radius_m": 1000,
        "geometry_clipped": false,
        "center_status": "unverified_geocoded_station_reference"
      }
    },
    {
      "type": "Feature",
      "id": "osm:way/915507603",
      "geometry": {
        "type": "LineString",
        "coordinates": [
          [
            107.14980170000001,
            -6.251152199999999
          ],
          [
            107.14975250000002,
            -6.251273799999999
          ]
        ]
      },
      "properties": {
        "@id": "way/915507603",
        "highway": "living_street",
        "motorcycle": "yes",
        "source_records": [
          {
            "file": "jalan_cikarang.geojson",
            "record": 452
          },
          {
            "file": "osm_cikarang_1km.geojson",
            "record": 452
          }
        ],
        "dataset_role": "osm_reference",
        "radius_m": 1000,
        "geometry_clipped": false,
        "center_status": "unverified_geocoded_station_reference"
      }
    },
    {
      "type": "Feature",
      "id": "osm:way/915509647",
      "geometry": {
        "type": "LineString",
        "coordinates": [
          [
            107.1520916,
            -6.255074999999998
          ],
          [
            107.15221300000002,
            -6.255102299999999
          ],
          [
            107.1522653,
            -6.255123599999998
          ],
          [
            107.15228940000002,
            -6.255135299999999
          ],
          [
            107.15230449999999,
            -6.2551436
          ],
          [
            107.15232489999998,
            -6.255159299999999
          ]
        ]
      },
      "properties": {
        "@id": "way/915509647",
        "highway": "residential",
        "source_records": [
          {
            "file": "jalan_cikarang.geojson",
            "record": 453
          },
          {
            "file": "osm_cikarang_1km.geojson",
            "record": 453
          }
        ],
        "dataset_role": "osm_reference",
        "radius_m": 1000,
        "geometry_clipped": false,
        "center_status": "unverified_geocoded_station_reference"
      }
    },
    {
      "type": "Feature",
      "id": "osm:way/915510351",
      "geometry": {
        "type": "LineString",
        "coordinates": [
          [
            107.1508008,
            -6.2536925
          ],
          [
            107.1509263,
            -6.253726500000001
          ],
          [
            107.150947,
            -6.253732
          ],
          [
            107.1509939,
            -6.253745799999999
          ],
          [
            107.1510531,
            -6.2537699
          ]
        ]
      },
      "properties": {
        "@id": "way/915510351",
        "highway": "living_street",
        "motorcycle": "yes",
        "source_records": [
          {
            "file": "jalan_cikarang.geojson",
            "record": 454
          },
          {
            "file": "osm_cikarang_1km.geojson",
            "record": 454
          }
        ],
        "dataset_role": "osm_reference",
        "radius_m": 1000,
        "geometry_clipped": false,
        "center_status": "unverified_geocoded_station_reference"
      }
    },
    {
      "type": "Feature",
      "id": "osm:way/915511325",
      "geometry": {
        "type": "LineString",
        "coordinates": [
          [
            107.1520729,
            -6.2538445
          ],
          [
            107.1521138,
            -6.253844499999999
          ],
          [
            107.152146,
            -6.253843799999999
          ],
          [
            107.1521714,
            -6.253841799999998
          ],
          [
            107.15219220000002,
            -6.2538418
          ],
          [
            107.15221100000001,
            -6.253845199999999
          ],
          [
            107.15224919999999,
            -6.253852499999999
          ],
          [
            107.15254290000001,
            -6.253926499999999
          ],
          [
            107.15256970000002,
            -6.253937099999998
          ],
          [
            107.1525999,
            -6.253949799999997
          ],
          [
            107.1526632,
            -6.253982
          ]
        ]
      },
      "properties": {
        "@id": "way/915511325",
        "highway": "residential",
        "source_records": [
          {
            "file": "jalan_cikarang.geojson",
            "record": 455
          },
          {
            "file": "osm_cikarang_1km.geojson",
            "record": 455
          }
        ],
        "dataset_role": "osm_reference",
        "radius_m": 1000,
        "geometry_clipped": false,
        "center_status": "unverified_geocoded_station_reference"
      }
    },
    {
      "type": "Feature",
      "id": "osm:way/915680829",
      "geometry": {
        "type": "LineString",
        "coordinates": [
          [
            107.14892580000001,
            -6.2510014
          ],
          [
            107.14903790000001,
            -6.2511662
          ]
        ]
      },
      "properties": {
        "@id": "way/915680829",
        "highway": "living_street",
        "motorcycle": "yes",
        "source_records": [
          {
            "file": "jalan_cikarang.geojson",
            "record": 456
          },
          {
            "file": "osm_cikarang_1km.geojson",
            "record": 456
          }
        ],
        "dataset_role": "osm_reference",
        "radius_m": 1000,
        "geometry_clipped": false,
        "center_status": "unverified_geocoded_station_reference"
      }
    },
    {
      "type": "Feature",
      "id": "osm:way/915682227",
      "geometry": {
        "type": "LineString",
        "coordinates": [
          [
            107.15153090000001,
            -6.259260000000001
          ],
          [
            107.15159410000001,
            -6.259099599999998
          ]
        ]
      },
      "properties": {
        "@id": "way/915682227",
        "highway": "service",
        "source_records": [
          {
            "file": "export.geojson",
            "record": 178
          },
          {
            "file": "jalan_cikarang.geojson",
            "record": 457
          },
          {
            "file": "osm_cikarang_1km.geojson",
            "record": 457
          }
        ],
        "dataset_role": "osm_reference",
        "radius_m": 1000,
        "geometry_clipped": false,
        "center_status": "unverified_geocoded_station_reference"
      }
    },
    {
      "type": "Feature",
      "id": "osm:way/915683495",
      "geometry": {
        "type": "LineString",
        "coordinates": [
          [
            107.150947,
            -6.253732
          ],
          [
            107.1510228,
            -6.253529199999999
          ]
        ]
      },
      "properties": {
        "@id": "way/915683495",
        "highway": "living_street",
        "motorcycle": "yes",
        "source_records": [
          {
            "file": "jalan_cikarang.geojson",
            "record": 458
          },
          {
            "file": "osm_cikarang_1km.geojson",
            "record": 458
          }
        ],
        "dataset_role": "osm_reference",
        "radius_m": 1000,
        "geometry_clipped": false,
        "center_status": "unverified_geocoded_station_reference"
      }
    },
    {
      "type": "Feature",
      "id": "osm:way/915687103",
      "geometry": {
        "type": "LineString",
        "coordinates": [
          [
            107.1475634,
            -6.2587393
          ],
          [
            107.1480677,
            -6.258886999999999
          ]
        ]
      },
      "properties": {
        "@id": "way/915687103",
        "access": "private",
        "highway": "service",
        "source_records": [
          {
            "file": "export.geojson",
            "record": 179
          },
          {
            "file": "jalan_cikarang.geojson",
            "record": 459
          },
          {
            "file": "osm_cikarang_1km.geojson",
            "record": 459
          }
        ],
        "dataset_role": "osm_reference",
        "radius_m": 1000,
        "geometry_clipped": false,
        "center_status": "unverified_geocoded_station_reference"
      }
    },
    {
      "type": "Feature",
      "id": "osm:way/915687955",
      "geometry": {
        "type": "LineString",
        "coordinates": [
          [
            107.1449641,
            -6.2528963
          ],
          [
            107.145307,
            -6.252572699999999
          ]
        ]
      },
      "properties": {
        "@id": "way/915687955",
        "highway": "living_street",
        "motorcar": "no",
        "motorcycle": "yes",
        "source_records": [
          {
            "file": "jalan_cikarang.geojson",
            "record": 460
          },
          {
            "file": "osm_cikarang_1km.geojson",
            "record": 460
          }
        ],
        "dataset_role": "osm_reference",
        "radius_m": 1000,
        "geometry_clipped": false,
        "center_status": "unverified_geocoded_station_reference"
      }
    },
    {
      "type": "Feature",
      "id": "osm:way/915688822",
      "geometry": {
        "type": "LineString",
        "coordinates": [
          [
            107.1500187,
            -6.2553221
          ],
          [
            107.1499734,
            -6.2554456
          ],
          [
            107.1500032,
            -6.255478900000001
          ],
          [
            107.1498902,
            -6.255773499999998
          ],
          [
            107.1498111,
            -6.2559742
          ],
          [
            107.1497051,
            -6.255954200000001
          ],
          [
            107.1496502,
            -6.2559342
          ],
          [
            107.1496314,
            -6.2560648
          ],
          [
            107.14968640000001,
            -6.256086099999998
          ],
          [
            107.1496676,
            -6.256203500000001
          ],
          [
            107.1496555,
            -6.256305399999999
          ],
          [
            107.1496522,
            -6.256372099999998
          ],
          [
            107.1496408,
            -6.256437399999999
          ],
          [
            107.1496259,
            -6.2565197999999995
          ]
        ]
      },
      "properties": {
        "@id": "way/915688822",
        "highway": "living_street",
        "motorcar": "no",
        "motorcycle": "yes",
        "source_records": [
          {
            "file": "export.geojson",
            "record": 180
          },
          {
            "file": "jalan_cikarang.geojson",
            "record": 461
          },
          {
            "file": "osm_cikarang_1km.geojson",
            "record": 461
          }
        ],
        "dataset_role": "osm_reference",
        "radius_m": 1000,
        "geometry_clipped": false,
        "center_status": "unverified_geocoded_station_reference"
      }
    },
    {
      "type": "Feature",
      "id": "osm:way/915691860",
      "geometry": {
        "type": "LineString",
        "coordinates": [
          [
            107.1497561,
            -6.259472499999999
          ],
          [
            107.15026600000002,
            -6.259669400000001
          ]
        ]
      },
      "properties": {
        "@id": "way/915691860",
        "highway": "living_street",
        "motorcycle": "yes",
        "source_records": [
          {
            "file": "export.geojson",
            "record": 181
          },
          {
            "file": "jalan_cikarang.geojson",
            "record": 462
          },
          {
            "file": "osm_cikarang_1km.geojson",
            "record": 462
          }
        ],
        "dataset_role": "osm_reference",
        "radius_m": 1000,
        "geometry_clipped": false,
        "center_status": "unverified_geocoded_station_reference"
      }
    },
    {
      "type": "Feature",
      "id": "osm:way/917234881",
      "geometry": {
        "type": "LineString",
        "coordinates": [
          [
            107.14155780000002,
            -6.2476834
          ],
          [
            107.1416196,
            -6.247503499999999
          ]
        ]
      },
      "properties": {
        "@id": "way/917234881",
        "highway": "residential",
        "motorcar": "no",
        "surface": "unpaved",
        "source_records": [
          {
            "file": "jalan_cikarang.geojson",
            "record": 463
          },
          {
            "file": "osm_cikarang_1km.geojson",
            "record": 463
          }
        ],
        "dataset_role": "osm_reference",
        "radius_m": 1000,
        "geometry_clipped": false,
        "center_status": "unverified_geocoded_station_reference"
      }
    },
    {
      "type": "Feature",
      "id": "osm:way/917236377",
      "geometry": {
        "type": "LineString",
        "coordinates": [
          [
            107.14257770000002,
            -6.2505212000000006
          ],
          [
            107.1425919,
            -6.250548299999998
          ],
          [
            107.14259660000002,
            -6.2505617
          ],
          [
            107.1426,
            -6.250577
          ],
          [
            107.1426,
            -6.250593000000001
          ],
          [
            107.1425973,
            -6.2506057
          ],
          [
            107.1425262,
            -6.250716299999999
          ],
          [
            107.1424431,
            -6.250826999999999
          ]
        ]
      },
      "properties": {
        "@id": "way/917236377",
        "highway": "residential",
        "source_records": [
          {
            "file": "jalan_cikarang.geojson",
            "record": 464
          },
          {
            "file": "osm_cikarang_1km.geojson",
            "record": 464
          }
        ],
        "dataset_role": "osm_reference",
        "radius_m": 1000,
        "geometry_clipped": false,
        "center_status": "unverified_geocoded_station_reference"
      }
    },
    {
      "type": "Feature",
      "id": "osm:way/917237840",
      "geometry": {
        "type": "LineString",
        "coordinates": [
          [
            107.1412121,
            -6.2488415
          ],
          [
            107.1411355,
            -6.249055199999999
          ]
        ]
      },
      "properties": {
        "@id": "way/917237840",
        "highway": "residential",
        "source_records": [
          {
            "file": "jalan_cikarang.geojson",
            "record": 465
          },
          {
            "file": "osm_cikarang_1km.geojson",
            "record": 465
          }
        ],
        "dataset_role": "osm_reference",
        "radius_m": 1000,
        "geometry_clipped": false,
        "center_status": "unverified_geocoded_station_reference"
      }
    },
    {
      "type": "Feature",
      "id": "osm:way/948963742",
      "geometry": {
        "type": "LineString",
        "coordinates": [
          [
            107.15036210000001,
            -6.251510099999999
          ],
          [
            107.15052430000001,
            -6.251574299999998
          ]
        ]
      },
      "properties": {
        "@id": "way/948963742",
        "highway": "living_street",
        "motor_vehicle": "no",
        "source_records": [
          {
            "file": "jalan_cikarang.geojson",
            "record": 467
          },
          {
            "file": "osm_cikarang_1km.geojson",
            "record": 467
          }
        ],
        "dataset_role": "osm_reference",
        "radius_m": 1000,
        "geometry_clipped": false,
        "center_status": "unverified_geocoded_station_reference"
      }
    },
    {
      "type": "Feature",
      "id": "osm:way/948967999",
      "geometry": {
        "type": "LineString",
        "coordinates": [
          [
            107.15047790000001,
            -6.251267000000001
          ],
          [
            107.15063510000002,
            -6.251330599999999
          ]
        ]
      },
      "properties": {
        "@id": "way/948967999",
        "highway": "living_street",
        "motorcar": "no",
        "source_records": [
          {
            "file": "jalan_cikarang.geojson",
            "record": 468
          },
          {
            "file": "osm_cikarang_1km.geojson",
            "record": 468
          }
        ],
        "dataset_role": "osm_reference",
        "radius_m": 1000,
        "geometry_clipped": false,
        "center_status": "unverified_geocoded_station_reference"
      }
    },
    {
      "type": "Feature",
      "id": "osm:way/948968650",
      "geometry": {
        "type": "LineString",
        "coordinates": [
          [
            107.1495643,
            -6.251940499999998
          ],
          [
            107.1498253,
            -6.252038299999999
          ]
        ]
      },
      "properties": {
        "@id": "way/948968650",
        "highway": "living_street",
        "motorcar": "no",
        "motorcycle": "yes",
        "source_records": [
          {
            "file": "jalan_cikarang.geojson",
            "record": 469
          },
          {
            "file": "osm_cikarang_1km.geojson",
            "record": 469
          }
        ],
        "dataset_role": "osm_reference",
        "radius_m": 1000,
        "geometry_clipped": false,
        "center_status": "unverified_geocoded_station_reference"
      }
    },
    {
      "type": "Feature",
      "id": "osm:way/950389142",
      "geometry": {
        "type": "LineString",
        "coordinates": [
          [
            107.148781,
            -6.253327600000001
          ],
          [
            107.1488948,
            -6.253379200000002
          ],
          [
            107.1490011,
            -6.253431899999997
          ],
          [
            107.1490088,
            -6.253432899999999
          ],
          [
            107.1490131,
            -6.2534298999999995
          ],
          [
            107.1490346,
            -6.253387599999999
          ],
          [
            107.1490369,
            -6.253386199999999
          ],
          [
            107.14903830000002,
            -6.2533858
          ],
          [
            107.1490398,
            -6.2533856000000005
          ],
          [
            107.1490427,
            -6.253385899999999
          ],
          [
            107.1490547,
            -6.253389699999999
          ]
        ]
      },
      "properties": {
        "@id": "way/950389142",
        "highway": "living_street",
        "motorcar": "no",
        "motorcycle": "destination",
        "source_records": [
          {
            "file": "jalan_cikarang.geojson",
            "record": 470
          },
          {
            "file": "osm_cikarang_1km.geojson",
            "record": 470
          }
        ],
        "dataset_role": "osm_reference",
        "radius_m": 1000,
        "geometry_clipped": false,
        "center_status": "unverified_geocoded_station_reference"
      }
    },
    {
      "type": "Feature",
      "id": "osm:way/950755556",
      "geometry": {
        "type": "LineString",
        "coordinates": [
          [
            107.1459487,
            -6.246772899999998
          ],
          [
            107.14609700000001,
            -6.2467975
          ]
        ]
      },
      "properties": {
        "@id": "way/950755556",
        "access": "private",
        "highway": "residential",
        "source_records": [
          {
            "file": "jalan_cikarang.geojson",
            "record": 471
          },
          {
            "file": "osm_cikarang_1km.geojson",
            "record": 471
          }
        ],
        "dataset_role": "osm_reference",
        "radius_m": 1000,
        "geometry_clipped": false,
        "center_status": "unverified_geocoded_station_reference"
      }
    },
    {
      "type": "Feature",
      "id": "osm:way/950755753",
      "geometry": {
        "type": "LineString",
        "coordinates": [
          [
            107.1444487,
            -6.2482093999999995
          ],
          [
            107.144385,
            -6.248339299999998
          ],
          [
            107.1443447,
            -6.248455299999999
          ],
          [
            107.1443059,
            -6.248537999999999
          ],
          [
            107.1442871,
            -6.248560599999999
          ],
          [
            107.1442676,
            -6.248575999999999
          ],
          [
            107.1442287,
            -6.248598599999999
          ],
          [
            107.1441731,
            -6.2486153
          ],
          [
            107.14411880000002,
            -6.248615299999999
          ],
          [
            107.14401350000001,
            -6.248581299999999
          ],
          [
            107.14311199999999,
            -6.2482327
          ]
        ]
      },
      "properties": {
        "@id": "way/950755753",
        "highway": "living_street",
        "motorcycle": "yes",
        "source_records": [
          {
            "file": "jalan_cikarang.geojson",
            "record": 472
          },
          {
            "file": "osm_cikarang_1km.geojson",
            "record": 472
          }
        ],
        "dataset_role": "osm_reference",
        "radius_m": 1000,
        "geometry_clipped": false,
        "center_status": "unverified_geocoded_station_reference"
      }
    },
    {
      "type": "Feature",
      "id": "osm:way/950756003",
      "geometry": {
        "type": "LineString",
        "coordinates": [
          [
            107.1426694,
            -6.250487699999998
          ],
          [
            107.1427944,
            -6.2500684
          ],
          [
            107.1428213,
            -6.250047099999999
          ],
          [
            107.1428655,
            -6.250037700000002
          ],
          [
            107.1429071,
            -6.250045700000001
          ],
          [
            107.1430106,
            -6.250115799999999
          ]
        ]
      },
      "properties": {
        "@id": "way/950756003",
        "highway": "residential",
        "source_records": [
          {
            "file": "jalan_cikarang.geojson",
            "record": 473
          },
          {
            "file": "osm_cikarang_1km.geojson",
            "record": 473
          }
        ],
        "dataset_role": "osm_reference",
        "radius_m": 1000,
        "geometry_clipped": false,
        "center_status": "unverified_geocoded_station_reference"
      }
    },
    {
      "type": "Feature",
      "id": "osm:way/950756372",
      "geometry": {
        "type": "LineString",
        "coordinates": [
          [
            107.1495364,
            -6.2513022
          ],
          [
            107.1494852,
            -6.2514495
          ]
        ]
      },
      "properties": {
        "@id": "way/950756372",
        "highway": "living_street",
        "motorcycle": "yes",
        "source_records": [
          {
            "file": "jalan_cikarang.geojson",
            "record": 474
          },
          {
            "file": "osm_cikarang_1km.geojson",
            "record": 474
          }
        ],
        "dataset_role": "osm_reference",
        "radius_m": 1000,
        "geometry_clipped": false,
        "center_status": "unverified_geocoded_station_reference"
      }
    },
    {
      "type": "Feature",
      "id": "osm:way/950756593",
      "geometry": {
        "type": "LineString",
        "coordinates": [
          [
            107.14981380000002,
            -6.251316199999998
          ],
          [
            107.15001230000001,
            -6.251385499999998
          ]
        ]
      },
      "properties": {
        "@id": "way/950756593",
        "highway": "living_street",
        "motorcycle": "yes",
        "source_records": [
          {
            "file": "jalan_cikarang.geojson",
            "record": 475
          },
          {
            "file": "osm_cikarang_1km.geojson",
            "record": 475
          }
        ],
        "dataset_role": "osm_reference",
        "radius_m": 1000,
        "geometry_clipped": false,
        "center_status": "unverified_geocoded_station_reference"
      }
    },
    {
      "type": "Feature",
      "id": "osm:way/950756962",
      "geometry": {
        "type": "LineString",
        "coordinates": [
          [
            107.15068590000001,
            -6.2490939999999995
          ],
          [
            107.15066540000001,
            -6.2488152999999995
          ]
        ]
      },
      "properties": {
        "@id": "way/950756962",
        "highway": "living_street",
        "motorcycle": "yes",
        "source_records": [
          {
            "file": "jalan_cikarang.geojson",
            "record": 476
          },
          {
            "file": "osm_cikarang_1km.geojson",
            "record": 476
          }
        ],
        "dataset_role": "osm_reference",
        "radius_m": 1000,
        "geometry_clipped": false,
        "center_status": "unverified_geocoded_station_reference"
      }
    },
    {
      "type": "Feature",
      "id": "osm:way/952223319",
      "geometry": {
        "type": "LineString",
        "coordinates": [
          [
            107.1409692,
            -6.255971499999999
          ],
          [
            107.14084040000002,
            -6.2558728
          ],
          [
            107.14079620000001,
            -6.255838199999997
          ],
          [
            107.14077740000002,
            -6.2558088
          ],
          [
            107.1407734,
            -6.255774200000001
          ],
          [
            107.1407855,
            -6.255678199999999
          ],
          [
            107.1407922,
            -6.255624899999999
          ],
          [
            107.1407908,
            -6.255542199999999
          ],
          [
            107.14079750000002,
            -6.2554942
          ],
          [
            107.1408109,
            -6.2554169
          ],
          [
            107.1408606,
            -6.255256900000001
          ]
        ]
      },
      "properties": {
        "@id": "way/952223319",
        "highway": "residential",
        "motorcar": "no",
        "source_records": [
          {
            "file": "export.geojson",
            "record": 182
          },
          {
            "file": "jalan_cikarang.geojson",
            "record": 478
          },
          {
            "file": "osm_cikarang_1km.geojson",
            "record": 478
          }
        ],
        "dataset_role": "osm_reference",
        "radius_m": 1000,
        "geometry_clipped": false,
        "center_status": "unverified_geocoded_station_reference"
      }
    },
    {
      "type": "Feature",
      "id": "osm:way/952235090",
      "geometry": {
        "type": "LineString",
        "coordinates": [
          [
            107.1460815,
            -6.254074499999995
          ],
          [
            107.1461405,
            -6.254115799999999
          ],
          [
            107.1461428,
            -6.2541218
          ],
          [
            107.1461425,
            -6.2541305
          ],
          [
            107.1461408,
            -6.254141399999999
          ],
          [
            107.1461371,
            -6.254153800000001
          ],
          [
            107.1461281,
            -6.254172100000002
          ],
          [
            107.1460935,
            -6.254211799999999
          ]
        ]
      },
      "properties": {
        "@id": "way/952235090",
        "highway": "living_street",
        "motorcycle": "yes",
        "source_records": [
          {
            "file": "jalan_cikarang.geojson",
            "record": 479
          },
          {
            "file": "osm_cikarang_1km.geojson",
            "record": 479
          }
        ],
        "dataset_role": "osm_reference",
        "radius_m": 1000,
        "geometry_clipped": false,
        "center_status": "unverified_geocoded_station_reference"
      }
    },
    {
      "type": "Feature",
      "id": "osm:way/952235540",
      "geometry": {
        "type": "LineString",
        "coordinates": [
          [
            107.1479191,
            -6.252493900000001
          ],
          [
            107.147723,
            -6.252984
          ],
          [
            107.1477029,
            -6.2529993
          ],
          [
            107.147676,
            -6.2530092999999995
          ],
          [
            107.1476419,
            -6.253018
          ],
          [
            107.1476177,
            -6.253019299999999
          ],
          [
            107.1475869,
            -6.253012
          ],
          [
            107.1475714,
            -6.253002
          ],
          [
            107.147546,
            -6.252981999999999
          ],
          [
            107.1475279,
            -6.252974
          ],
          [
            107.147503,
            -6.252968000000002
          ],
          [
            107.147444,
            -6.252958599999999
          ],
          [
            107.1473854,
            -6.252943599999999
          ],
          [
            107.1473408,
            -6.252927000000001
          ],
          [
            107.1472905,
            -6.252895
          ]
        ]
      },
      "properties": {
        "@id": "way/952235540",
        "highway": "living_street",
        "motorcycle": "yes",
        "source_records": [
          {
            "file": "jalan_cikarang.geojson",
            "record": 480
          },
          {
            "file": "osm_cikarang_1km.geojson",
            "record": 480
          }
        ],
        "dataset_role": "osm_reference",
        "radius_m": 1000,
        "geometry_clipped": false,
        "center_status": "unverified_geocoded_station_reference"
      }
    },
    {
      "type": "Feature",
      "id": "osm:way/952256334",
      "geometry": {
        "type": "LineString",
        "coordinates": [
          [
            107.14999360000002,
            -6.2548058999999965
          ],
          [
            107.15014640000001,
            -6.254443699999999
          ]
        ]
      },
      "properties": {
        "@id": "way/952256334",
        "highway": "living_street",
        "source_records": [
          {
            "file": "jalan_cikarang.geojson",
            "record": 481
          },
          {
            "file": "osm_cikarang_1km.geojson",
            "record": 481
          }
        ],
        "dataset_role": "osm_reference",
        "radius_m": 1000,
        "geometry_clipped": false,
        "center_status": "unverified_geocoded_station_reference"
      }
    },
    {
      "type": "Feature",
      "id": "osm:way/952257192",
      "geometry": {
        "type": "LineString",
        "coordinates": [
          [
            107.15206880000001,
            -6.2534612
          ],
          [
            107.1519877,
            -6.253644499999999
          ],
          [
            107.1519347,
            -6.253778499999999
          ],
          [
            107.1519357,
            -6.253798500000001
          ],
          [
            107.1519418,
            -6.2538125
          ],
          [
            107.1519575,
            -6.2538232
          ],
          [
            107.1519874,
            -6.253832500000001
          ],
          [
            107.1520021,
            -6.253836799999999
          ],
          [
            107.1520236,
            -6.253840499999999
          ],
          [
            107.1520729,
            -6.2538445
          ]
        ]
      },
      "properties": {
        "@id": "way/952257192",
        "highway": "residential",
        "source_records": [
          {
            "file": "jalan_cikarang.geojson",
            "record": 482
          },
          {
            "file": "osm_cikarang_1km.geojson",
            "record": 482
          }
        ],
        "dataset_role": "osm_reference",
        "radius_m": 1000,
        "geometry_clipped": false,
        "center_status": "unverified_geocoded_station_reference"
      }
    },
    {
      "type": "Feature",
      "id": "osm:way/952257720",
      "geometry": {
        "type": "LineString",
        "coordinates": [
          [
            107.1522714,
            -6.255580100000001
          ],
          [
            107.1524484,
            -6.255635499999999
          ]
        ]
      },
      "properties": {
        "@id": "way/952257720",
        "highway": "residential",
        "source_records": [
          {
            "file": "jalan_cikarang.geojson",
            "record": 483
          },
          {
            "file": "osm_cikarang_1km.geojson",
            "record": 483
          }
        ],
        "dataset_role": "osm_reference",
        "radius_m": 1000,
        "geometry_clipped": false,
        "center_status": "unverified_geocoded_station_reference"
      }
    },
    {
      "type": "Feature",
      "id": "osm:way/985734522",
      "geometry": {
        "type": "LineString",
        "coordinates": [
          [
            107.146872,
            -6.257958499999996
          ],
          [
            107.1467956,
            -6.257932199999999
          ],
          [
            107.1467094,
            -6.2579538
          ],
          [
            107.1465646,
            -6.257998800000001
          ],
          [
            107.1464117,
            -6.2580531
          ],
          [
            107.14634870000002,
            -6.258081500000002
          ],
          [
            107.1462893,
            -6.258115499999999
          ],
          [
            107.1461492,
            -6.258217799999998
          ]
        ]
      },
      "properties": {
        "@id": "way/985734522",
        "highway": "service",
        "source_records": [
          {
            "file": "export.geojson",
            "record": 183
          },
          {
            "file": "jalan_cikarang.geojson",
            "record": 484
          },
          {
            "file": "osm_cikarang_1km.geojson",
            "record": 484
          }
        ],
        "dataset_role": "osm_reference",
        "radius_m": 1000,
        "geometry_clipped": false,
        "center_status": "unverified_geocoded_station_reference"
      }
    },
    {
      "type": "Feature",
      "id": "osm:way/985744162",
      "geometry": {
        "type": "LineString",
        "coordinates": [
          [
            107.1458266,
            -6.259070899999999
          ],
          [
            107.1456054,
            -6.258729699999999
          ]
        ]
      },
      "properties": {
        "@id": "way/985744162",
        "highway": "service",
        "source_records": [
          {
            "file": "export.geojson",
            "record": 184
          },
          {
            "file": "jalan_cikarang.geojson",
            "record": 485
          },
          {
            "file": "osm_cikarang_1km.geojson",
            "record": 485
          }
        ],
        "dataset_role": "osm_reference",
        "radius_m": 1000,
        "geometry_clipped": false,
        "center_status": "unverified_geocoded_station_reference"
      }
    },
    {
      "type": "Feature",
      "id": "osm:way/987974685",
      "geometry": {
        "type": "LineString",
        "coordinates": [
          [
            107.14024490000001,
            -6.254172500000001
          ],
          [
            107.1399199,
            -6.2541175
          ],
          [
            107.13988140000001,
            -6.254246500000001
          ]
        ]
      },
      "properties": {
        "@id": "way/987974685",
        "access": "private",
        "highway": "residential",
        "source_records": [
          {
            "file": "jalan_cikarang.geojson",
            "record": 486
          },
          {
            "file": "osm_cikarang_1km.geojson",
            "record": 486
          }
        ],
        "dataset_role": "osm_reference",
        "radius_m": 1000,
        "geometry_clipped": false,
        "center_status": "unverified_geocoded_station_reference"
      }
    }
  ]
}