{
  "type": "FeatureCollection",
  "features": [
    {
      "type": "Feature",
      "id": "rbi:6e9b6e36fe15f79348a5",
      "geometry": {
        "type": "Point",
        "coordinates": [
          107.14779226700007,
          -6.24972137299994
        ]
      },
      "properties": {
        "OBJECTID": 571961,
        "NAMOBJ": "Cabanglio",
        "FCODE": "KA03060040",
        "REMARK": "Permukiman dan Tempat Kegiatan",
        "METADATA": "RBI25KPROVINSIJABAR",
        "SRS_ID": "4326",
        "NMLAIN": " ",
        "ARTINAM": " ",
        "FTYPE": "Permukiman dan Tempat Kegiatan",
        "KLSTPN": " ",
        "KOORDINAT1": " ",
        "KOORDINAT2": " ",
        "NAMGAZ": " ",
        "NAMLOK": " ",
        "NAMMAP": " ",
        "NAMSPE": " ",
        "SJHNAM": " ",
        "UCAP1": " ",
        "UCAP2": " ",
        "ASLBHS": " ",
        "ELEVAS": 0.0,
        "KOORDX": 0.0,
        "KOORDY": 0.0,
        "dataset_role": "rbi_reference",
        "source_file": "25k st cikarang.zip",
        "source_layer": "Toponim_PT_25K",
        "radius_m": 1000,
        "geometry_clipped": false,
        "center_status": "unverified_geocoded_station_reference"
      }
    },
    {
      "type": "Feature",
      "id": "rbi:62977acbc46aab6e084d",
      "geometry": {
        "type": "Point",
        "coordinates": [
          107.14885268100005,
          -6.260242195999975
        ]
      },
      "properties": {
        "OBJECTID": 585128,
        "NAMOBJ": "Cikarang",
        "FCODE": "KA03060040",
        "REMARK": "Ibukota Kecamatan",
        "METADATA": "RBI25KPROVINSIJABAR",
        "SRS_ID": "4326",
        "NMLAIN": " ",
        "ARTINAM": " ",
        "FTYPE": "Ibukota Kecamatan",
        "KLSTPN": " ",
        "KOORDINAT1": " ",
        "KOORDINAT2": " ",
        "NAMGAZ": " ",
        "NAMLOK": " ",
        "NAMMAP": " ",
        "NAMSPE": " ",
        "SJHNAM": " ",
        "UCAP1": " ",
        "UCAP2": " ",
        "ASLBHS": " ",
        "ELEVAS": 0.0,
        "KOORDX": 0.0,
        "KOORDY": 0.0,
        "dataset_role": "rbi_reference",
        "source_file": "25k st cikarang.zip",
        "source_layer": "Toponim_PT_25K",
        "radius_m": 1000,
        "geometry_clipped": false,
        "center_status": "unverified_geocoded_station_reference"
      }
    },
    {
      "type": "Feature",
      "id": "rbi:44f08e927691e13a0a11",
      "geometry": {
        "type": "Point",
        "coordinates": [
          107.13992794400009,
          -6.249306890999946
        ]
      },
      "properties": {
        "OBJECTID": 585170,
        "NAMOBJ": "Cikarangjati",
        "FCODE": "KA03060040",
        "REMARK": "Permukiman dan Tempat Kegiatan",
        "METADATA": "RBI25KPROVINSIJABAR",
        "SRS_ID": "4326",
        "NMLAIN": " ",
        "ARTINAM": " ",
        "FTYPE": "Permukiman dan Tempat Kegiatan",
        "KLSTPN": " ",
        "KOORDINAT1": " ",
        "KOORDINAT2": " ",
        "NAMGAZ": " ",
        "NAMLOK": " ",
        "NAMMAP": " ",
        "NAMSPE": " ",
        "SJHNAM": " ",
        "UCAP1": " ",
        "UCAP2": " ",
        "ASLBHS": " ",
        "ELEVAS": 0.0,
        "KOORDX": 0.0,
        "KOORDY": 0.0,
        "dataset_role": "rbi_reference",
        "source_file": "25k st cikarang.zip",
        "source_layer": "Toponim_PT_25K",
        "radius_m": 1000,
        "geometry_clipped": false,
        "center_status": "unverified_geocoded_station_reference"
      }
    },
    {
      "type": "Feature",
      "id": "rbi:cbf20288dcac39a8f6b2",
      "geometry": {
        "type": "Point",
        "coordinates": [
          107.14529754000006,
          -6.24653853099994
        ]
      },
      "properties": {
        "OBJECTID": 585171,
        "NAMOBJ": "Cikarangjati",
        "FCODE": "KA03060040",
        "REMARK": "Permukiman dan Tempat Kegiatan",
        "METADATA": "RBI25KPROVINSIJABAR",
        "SRS_ID": "4326",
        "NMLAIN": " ",
        "ARTINAM": " ",
        "FTYPE": "Permukiman dan Tempat Kegiatan",
        "KLSTPN": " ",
        "KOORDINAT1": " ",
        "KOORDINAT2": " ",
        "NAMGAZ": " ",
        "NAMLOK": " ",
        "NAMMAP": " ",
        "NAMSPE": " ",
        "SJHNAM": " ",
        "UCAP1": " ",
        "UCAP2": " ",
        "ASLBHS": " ",
        "ELEVAS": 0.0,
        "KOORDX": 0.0,
        "KOORDY": 0.0,
        "dataset_role": "rbi_reference",
        "source_file": "25k st cikarang.zip",
        "source_layer": "Toponim_PT_25K",
        "radius_m": 1000,
        "geometry_clipped": false,
        "center_status": "unverified_geocoded_station_reference"
      }
    },
    {
      "type": "Feature",
      "id": "rbi:569b3efd63cdeaeb98b5",
      "geometry": {
        "type": "Point",
        "coordinates": [
          107.14779898600007,
          -6.262247398999933
        ]
      },
      "properties": {
        "OBJECTID": 585173,
        "NAMOBJ": "Cikarangkota",
        "FCODE": "KA03060040",
        "REMARK": "Wilayah Administrasi Kelurahan/Desa",
        "METADATA": "RBI25KPROVINSIJABAR",
        "SRS_ID": "4326",
        "NMLAIN": " ",
        "ARTINAM": " ",
        "FTYPE": "Wilayah Administrasi Kelurahan/Desa",
        "KLSTPN": " ",
        "KOORDINAT1": " ",
        "KOORDINAT2": " ",
        "NAMGAZ": " ",
        "NAMLOK": " ",
        "NAMMAP": " ",
        "NAMSPE": " ",
        "SJHNAM": " ",
        "UCAP1": " ",
        "UCAP2": " ",
        "ASLBHS": " ",
        "ELEVAS": 0.0,
        "KOORDX": 0.0,
        "KOORDY": 0.0,
        "dataset_role": "rbi_reference",
        "source_file": "25k st cikarang.zip",
        "source_layer": "Toponim_PT_25K",
        "radius_m": 1000,
        "geometry_clipped": false,
        "center_status": "unverified_geocoded_station_reference"
      }
    },
    {
      "type": "Feature",
      "id": "rbi:8833168ad844a94cd492",
      "geometry": {
        "type": "Point",
        "coordinates": [
          107.14514367100008,
          -6.254735016999973
        ]
      },
      "properties": {
        "OBJECTID": 602612,
        "NAMOBJ": "Kampungbaru",
        "FCODE": "KA03060040",
        "REMARK": "Permukiman dan Tempat Kegiatan",
        "METADATA": "RBI25KPROVINSIJABAR",
        "SRS_ID": "4326",
        "NMLAIN": " ",
        "ARTINAM": " ",
        "FTYPE": "Permukiman dan Tempat Kegiatan",
        "KLSTPN": " ",
        "KOORDINAT1": " ",
        "KOORDINAT2": " ",
        "NAMGAZ": " ",
        "NAMLOK": " ",
        "NAMMAP": " ",
        "NAMSPE": " ",
        "SJHNAM": " ",
        "UCAP1": " ",
        "UCAP2": " ",
        "ASLBHS": " ",
        "ELEVAS": 0.0,
        "KOORDX": 0.0,
        "KOORDY": 0.0,
        "dataset_role": "rbi_reference",
        "source_file": "25k st cikarang.zip",
        "source_layer": "Toponim_PT_25K",
        "radius_m": 1000,
        "geometry_clipped": false,
        "center_status": "unverified_geocoded_station_reference"
      }
    },
    {
      "type": "Feature",
      "id": "rbi:d03431c2c630c00cabc0",
      "geometry": {
        "type": "Point",
        "coordinates": [
          107.14600069700003,
          -6.252681804999952
        ]
      },
      "properties": {
        "OBJECTID": 602661,
        "NAMOBJ": "Kampungbulak",
        "FCODE": "KA03060040",
        "REMARK": "Permukiman dan Tempat Kegiatan",
        "METADATA": "RBI25KPROVINSIJABAR",
        "SRS_ID": "4326",
        "NMLAIN": " ",
        "ARTINAM": " ",
        "FTYPE": "Permukiman dan Tempat Kegiatan",
        "KLSTPN": " ",
        "KOORDINAT1": " ",
        "KOORDINAT2": " ",
        "NAMGAZ": " ",
        "NAMLOK": " ",
        "NAMMAP": " ",
        "NAMSPE": " ",
        "SJHNAM": " ",
        "UCAP1": " ",
        "UCAP2": " ",
        "ASLBHS": " ",
        "ELEVAS": 0.0,
        "KOORDX": 0.0,
        "KOORDY": 0.0,
        "dataset_role": "rbi_reference",
        "source_file": "25k st cikarang.zip",
        "source_layer": "Toponim_PT_25K",
        "radius_m": 1000,
        "geometry_clipped": false,
        "center_status": "unverified_geocoded_station_reference"
      }
    },
    {
      "type": "Feature",
      "id": "rbi:d0f6607b92a23f1944c0",
      "geometry": {
        "type": "Point",
        "coordinates": [
          107.14664398900004,
          -6.253672545999961
        ]
      },
      "properties": {
        "OBJECTID": 603458,
        "NAMOBJ": "Karangasih",
        "FCODE": "KA03060040",
        "REMARK": "Wilayah Administrasi Kelurahan/Desa",
        "METADATA": "RBI25KPROVINSIJABAR",
        "SRS_ID": "4326",
        "NMLAIN": " ",
        "ARTINAM": " ",
        "FTYPE": "Wilayah Administrasi Kelurahan/Desa",
        "KLSTPN": " ",
        "KOORDINAT1": " ",
        "KOORDINAT2": " ",
        "NAMGAZ": " ",
        "NAMLOK": " ",
        "NAMMAP": " ",
        "NAMSPE": " ",
        "SJHNAM": " ",
        "UCAP1": " ",
        "UCAP2": " ",
        "ASLBHS": " ",
        "ELEVAS": 0.0,
        "KOORDX": 0.0,
        "KOORDY": 0.0,
        "dataset_role": "rbi_reference",
        "source_file": "25k st cikarang.zip",
        "source_layer": "Toponim_PT_25K",
        "radius_m": 1000,
        "geometry_clipped": false,
        "center_status": "unverified_geocoded_station_reference"
      }
    },
    {
      "type": "Feature",
      "id": "rbi:8aac5774071728987fdf",
      "geometry": {
        "type": "Point",
        "coordinates": [
          107.15126264200006,
          -6.249013356999969
        ]
      },
      "properties": {
        "OBJECTID": 603459,
        "NAMOBJ": "Karangasih",
        "FCODE": "KA03060040",
        "REMARK": "Wilayah Administrasi Kelurahan/Desa",
        "METADATA": "RBI25KPROVINSIJABAR",
        "SRS_ID": "4326",
        "NMLAIN": " ",
        "ARTINAM": " ",
        "FTYPE": "Wilayah Administrasi Kelurahan/Desa",
        "KLSTPN": " ",
        "KOORDINAT1": " ",
        "KOORDINAT2": " ",
        "NAMGAZ": " ",
        "NAMLOK": " ",
        "NAMMAP": " ",
        "NAMSPE": " ",
        "SJHNAM": " ",
        "UCAP1": " ",
        "UCAP2": " ",
        "ASLBHS": " ",
        "ELEVAS": 0.0,
        "KOORDX": 0.0,
        "KOORDY": 0.0,
        "dataset_role": "rbi_reference",
        "source_file": "25k st cikarang.zip",
        "source_layer": "Toponim_PT_25K",
        "radius_m": 1000,
        "geometry_clipped": false,
        "center_status": "unverified_geocoded_station_reference"
      }
    },
    {
      "type": "Feature",
      "id": "rbi:b02652afddb982f5fc34",
      "geometry": {
        "type": "Point",
        "coordinates": [
          107.14230670700006,
          -6.256643449999956
        ]
      },
      "properties": {
        "OBJECTID": 604636,
        "NAMOBJ": "Kaum Utara",
        "FCODE": "KA03060040",
        "REMARK": "Permukiman dan Tempat Kegiatan",
        "METADATA": "RBI25KPROVINSIJABAR",
        "SRS_ID": "4326",
        "NMLAIN": " ",
        "ARTINAM": " ",
        "FTYPE": "Permukiman dan Tempat Kegiatan",
        "KLSTPN": " ",
        "KOORDINAT1": " ",
        "KOORDINAT2": " ",
        "NAMGAZ": " ",
        "NAMLOK": " ",
        "NAMMAP": " ",
        "NAMSPE": " ",
        "SJHNAM": " ",
        "UCAP1": " ",
        "UCAP2": " ",
        "ASLBHS": " ",
        "ELEVAS": 0.0,
        "KOORDX": 0.0,
        "KOORDY": 0.0,
        "dataset_role": "rbi_reference",
        "source_file": "25k st cikarang.zip",
        "source_layer": "Toponim_PT_25K",
        "radius_m": 1000,
        "geometry_clipped": false,
        "center_status": "unverified_geocoded_station_reference"
      }
    },
    {
      "type": "Feature",
      "id": "rbi:db26965f376910ec1f88",
      "geometry": {
        "type": "Point",
        "coordinates": [
          107.14552718600005,
          -6.263163377999946
        ]
      },
      "properties": {
        "OBJECTID": 608381,
        "NAMOBJ": "Kongsi",
        "FCODE": "KA03060040",
        "REMARK": "Permukiman dan Tempat Kegiatan",
        "METADATA": "RBI25KPROVINSIJABAR",
        "SRS_ID": "4326",
        "NMLAIN": " ",
        "ARTINAM": " ",
        "FTYPE": "Permukiman dan Tempat Kegiatan",
        "KLSTPN": " ",
        "KOORDINAT1": " ",
        "KOORDINAT2": " ",
        "NAMGAZ": " ",
        "NAMLOK": " ",
        "NAMMAP": " ",
        "NAMSPE": " ",
        "SJHNAM": " ",
        "UCAP1": " ",
        "UCAP2": " ",
        "ASLBHS": " ",
        "ELEVAS": 0.0,
        "KOORDX": 0.0,
        "KOORDY": 0.0,
        "dataset_role": "rbi_reference",
        "source_file": "25k st cikarang.zip",
        "source_layer": "Toponim_PT_25K",
        "radius_m": 1000,
        "geometry_clipped": false,
        "center_status": "unverified_geocoded_station_reference"
      }
    },
    {
      "type": "Feature",
      "id": "rbi:33b578e92a0d2ab0b339",
      "geometry": {
        "type": "Point",
        "coordinates": [
          107.14185116300007,
          -6.25933751599996
        ]
      },
      "properties": {
        "OBJECTID": 608750,
        "NAMOBJ": "Kramat",
        "FCODE": "KA03060040",
        "REMARK": "Permukiman dan Tempat Kegiatan",
        "METADATA": "RBI25KPROVINSIJABAR",
        "SRS_ID": "4326",
        "NMLAIN": " ",
        "ARTINAM": " ",
        "FTYPE": "Permukiman dan Tempat Kegiatan",
        "KLSTPN": " ",
        "KOORDINAT1": " ",
        "KOORDINAT2": " ",
        "NAMGAZ": " ",
        "NAMLOK": " ",
        "NAMMAP": " ",
        "NAMSPE": " ",
        "SJHNAM": " ",
        "UCAP1": " ",
        "UCAP2": " ",
        "ASLBHS": " ",
        "ELEVAS": 0.0,
        "KOORDX": 0.0,
        "KOORDY": 0.0,
        "dataset_role": "rbi_reference",
        "source_file": "25k st cikarang.zip",
        "source_layer": "Toponim_PT_25K",
        "radius_m": 1000,
        "geometry_clipped": false,
        "center_status": "unverified_geocoded_station_reference"
      }
    },
    {
      "type": "Feature",
      "id": "rbi:e1ea5a8d63f9fbf311ed",
      "geometry": {
        "type": "Point",
        "coordinates": [
          107.15035872700008,
          -6.2552460399999745
        ]
      },
      "properties": {
        "OBJECTID": 621633,
        "NAMOBJ": "Pilar Barat",
        "FCODE": "KA03060040",
        "REMARK": "Permukiman dan Tempat Kegiatan",
        "METADATA": "RBI25KPROVINSIJABAR",
        "SRS_ID": "4326",
        "NMLAIN": " ",
        "ARTINAM": " ",
        "FTYPE": "Permukiman dan Tempat Kegiatan",
        "KLSTPN": " ",
        "KOORDINAT1": " ",
        "KOORDINAT2": " ",
        "NAMGAZ": " ",
        "NAMLOK": " ",
        "NAMMAP": " ",
        "NAMSPE": " ",
        "SJHNAM": " ",
        "UCAP1": " ",
        "UCAP2": " ",
        "ASLBHS": " ",
        "ELEVAS": 0.0,
        "KOORDX": 0.0,
        "KOORDY": 0.0,
        "dataset_role": "rbi_reference",
        "source_file": "25k st cikarang.zip",
        "source_layer": "Toponim_PT_25K",
        "radius_m": 1000,
        "geometry_clipped": false,
        "center_status": "unverified_geocoded_station_reference"
      }
    },
    {
      "type": "Feature",
      "id": "rbi:2da478757597a0332958",
      "geometry": {
        "type": "Point",
        "coordinates": [
          107.14975137100002,
          -6.255941521999944
        ]
      },
      "properties": {
        "OBJECTID": 634523,
        "NAMOBJ": "Ttg. 148",
        "FCODE": "KA03060040",
        "REMARK": "Kantor Telepon",
        "METADATA": "RBI25KPROVINSIJABAR",
        "SRS_ID": "4326",
        "NMLAIN": " ",
        "ARTINAM": " ",
        "FTYPE": "Kantor Telepon",
        "KLSTPN": " ",
        "KOORDINAT1": " ",
        "KOORDINAT2": " ",
        "NAMGAZ": " ",
        "NAMLOK": " ",
        "NAMMAP": " ",
        "NAMSPE": " ",
        "SJHNAM": " ",
        "UCAP1": " ",
        "UCAP2": " ",
        "ASLBHS": " ",
        "ELEVAS": 0.0,
        "KOORDX": 0.0,
        "KOORDY": 0.0,
        "dataset_role": "rbi_reference",
        "source_file": "25k st cikarang.zip",
        "source_layer": "Toponim_PT_25K",
        "radius_m": 1000,
        "geometry_clipped": false,
        "center_status": "unverified_geocoded_station_reference"
      }
    },
    {
      "type": "Feature",
      "id": "rbi:a23c23108f9b98a4a530",
      "geometry": {
        "type": "LineString",
        "coordinates": [
          [
            107.14418331700006,
            -6.24906427899998
          ],
          [
            107.14411094800005,
            -6.249281381999935
          ]
        ]
      },
      "properties": {
        "NAMOBJ": " ",
        "FCODE": " ",
        "REMARK": "Jembatan",
        "METADATA": null,
        "SRS_ID": null,
        "AYUJMB": null,
        "BTSJMB": null,
        "DEKJMB": null,
        "FGSJMB": 0,
        "JMLBTG": null,
        "KDBBWH": null,
        "KDBGAT": null,
        "KDLNTI": null,
        "KDUJMB": null,
        "LBRJMB": null,
        "LBRTRT": null,
        "MATJMB": 0,
        "STRJMB": null,
        "TBGNAT": null,
        "TGGJMB": null,
        "TGRNBS": null,
        "THNPBN": null,
        "TIPJMB": null,
        "TONJMB": null,
        "THNPNA": null,
        "SHAPE_Length": 0.0002288470772185685,
        "dataset_role": "rbi_reference",
        "source_file": "25k st cikarang.zip",
        "source_layer": "JEMBATAN_LN_25K",
        "radius_m": 1000,
        "geometry_clipped": false,
        "center_status": "unverified_geocoded_station_reference"
      }
    },
    {
      "type": "Feature",
      "id": "rbi:8d2e9bcdad985123e49e",
      "geometry": {
        "type": "LineString",
        "coordinates": [
          [
            107.14149240900007,
            -6.255775696999933
          ],
          [
            107.14129698700005,
            -6.255820921999939
          ]
        ]
      },
      "properties": {
        "NAMOBJ": " ",
        "FCODE": " ",
        "REMARK": "Jembatan",
        "METADATA": null,
        "SRS_ID": null,
        "AYUJMB": null,
        "BTSJMB": null,
        "DEKJMB": null,
        "FGSJMB": 0,
        "JMLBTG": null,
        "KDBBWH": null,
        "KDBGAT": null,
        "KDLNTI": null,
        "KDUJMB": null,
        "LBRJMB": null,
        "LBRTRT": null,
        "MATJMB": 0,
        "STRJMB": null,
        "TBGNAT": null,
        "TGGJMB": null,
        "TGRNBS": null,
        "THNPBN": null,
        "TIPJMB": null,
        "TONJMB": null,
        "THNPNA": null,
        "SHAPE_Length": 0.00020058678602571272,
        "dataset_role": "rbi_reference",
        "source_file": "25k st cikarang.zip",
        "source_layer": "JEMBATAN_LN_25K",
        "radius_m": 1000,
        "geometry_clipped": false,
        "center_status": "unverified_geocoded_station_reference"
      }
    },
    {
      "type": "Feature",
      "id": "rbi:dabd3750de3aac6b2ed8",
      "geometry": {
        "type": "Point",
        "coordinates": [
          107.15153859800006,
          -6.257800364999979
        ]
      },
      "properties": {
        "NAMOBJ": " ",
        "FCODE": " ",
        "REMARK": "Jembatan",
        "METADATA": null,
        "SRS_ID": " ",
        "AYUJMB": null,
        "BTSJMB": null,
        "DEKJMB": null,
        "FGSJMB": 0,
        "JMLBTG": null,
        "KDBBWH": null,
        "KDBGAT": null,
        "KDLNTI": null,
        "KDUJMB": null,
        "LBRJMB": null,
        "LBRTRT": null,
        "MATJMB": 0,
        "TBGNAT": null,
        "TGRNBS": null,
        "THNPBN": null,
        "TIPJMB": null,
        "TONJMB": null,
        "STRJMB": null,
        "TGGJMB": null,
        "dataset_role": "rbi_reference",
        "source_file": "25k st cikarang.zip",
        "source_layer": "JEMBATAN_PT_25K",
        "radius_m": 1000,
        "geometry_clipped": false,
        "center_status": "unverified_geocoded_station_reference"
      }
    },
    {
      "type": "Feature",
      "id": "rbi:3cbae3e68cb6be618d85",
      "geometry": {
        "type": "Point",
        "coordinates": [
          107.14248458700007,
          -6.2539041189999685
        ]
      },
      "properties": {
        "NAMOBJ": " ",
        "FCODE": " ",
        "REMARK": "Jembatan",
        "METADATA": null,
        "SRS_ID": " ",
        "AYUJMB": null,
        "BTSJMB": null,
        "DEKJMB": null,
        "FGSJMB": 0,
        "JMLBTG": null,
        "KDBBWH": null,
        "KDBGAT": null,
        "KDLNTI": null,
        "KDUJMB": null,
        "LBRJMB": null,
        "LBRTRT": null,
        "MATJMB": 0,
        "TBGNAT": null,
        "TGRNBS": null,
        "THNPBN": null,
        "TIPJMB": null,
        "TONJMB": null,
        "STRJMB": null,
        "TGGJMB": null,
        "dataset_role": "rbi_reference",
        "source_file": "25k st cikarang.zip",
        "source_layer": "JEMBATAN_PT_25K",
        "radius_m": 1000,
        "geometry_clipped": false,
        "center_status": "unverified_geocoded_station_reference"
      }
    },
    {
      "type": "Feature",
      "id": "rbi:255a84855348beb44582",
      "geometry": {
        "type": "LineString",
        "coordinates": [
          [
            107.13621029627218,
            -6.253550399118222
          ],
          [
            107.13721950000007,
            -6.253394599999979
          ],
          [
            107.13802830000009,
            -6.253271999999983
          ],
          [
            107.13838620000006,
            -6.253238599999974
          ],
          [
            107.13869470000009,
            -6.253223999999934
          ],
          [
            107.13906210000003,
            -6.2532185999999665
          ],
          [
            107.13944800000006,
            -6.253225599999947
          ],
          [
            107.13970720000003,
            -6.253238599999974
          ],
          [
            107.13994590000004,
            -6.253265299999953
          ],
          [
            107.14017260000007,
            -6.253290599999954
          ],
          [
            107.14042890000007,
            -6.253337899999962
          ],
          [
            107.14067410000007,
            -6.253397199999937
          ],
          [
            107.14093540000005,
            -6.25345299999998
          ],
          [
            107.14138630000008,
            -6.253549199999952
          ],
          [
            107.14194940000004,
            -6.253737999999942
          ],
          [
            107.14236670000008,
            -6.253883099999937
          ]
        ]
      },
      "properties": {
        "NAMOBJ": " ",
        "FCODE": "CD02060080",
        "REMARK": "Jalan Kereta Api Jalur Ganda",
        "METADATA": "RBI25KPROVINSIJABAR",
        "SRS_ID": "4326",
        "JMLREL": 0,
        "KEBREL": 0,
        "KLSREL": 0,
        "KMXREL": 0.0,
        "TIPREL": 0,
        "SHAPE_Length": 0.030344321706812,
        "dataset_role": "rbi_reference",
        "source_file": "25k st cikarang.zip",
        "source_layer": "RELKA_LN_25K",
        "radius_m": 1000,
        "geometry_clipped": true,
        "center_status": "unverified_geocoded_station_reference"
      }
    },
    {
      "type": "Feature",
      "id": "rbi:65601486091cc580db63",
      "geometry": {
        "type": "LineString",
        "coordinates": [
          [
            107.14236670000008,
            -6.253883099999937
          ],
          [
            107.14260600000007,
            -6.253984499999945
          ]
        ]
      },
      "properties": {
        "NAMOBJ": " ",
        "FCODE": "CD02060080",
        "REMARK": "Jalan Kereta Api Jalur Ganda",
        "METADATA": "RBI25KPROVINSIJABAR",
        "SRS_ID": "4326",
        "JMLREL": 0,
        "KEBREL": 0,
        "KLSREL": 0,
        "KMXREL": 0.0,
        "TIPREL": 0,
        "SHAPE_Length": 0.0002598969988080758,
        "dataset_role": "rbi_reference",
        "source_file": "25k st cikarang.zip",
        "source_layer": "RELKA_LN_25K",
        "radius_m": 1000,
        "geometry_clipped": false,
        "center_status": "unverified_geocoded_station_reference"
      }
    },
    {
      "type": "Feature",
      "id": "rbi:844c8ed8b50c70975a91",
      "geometry": {
        "type": "LineString",
        "coordinates": [
          [
            107.14260600000007,
            -6.253984499999945
          ],
          [
            107.14291860000009,
            -6.2541256999999755
          ],
          [
            107.14367290000007,
            -6.254453099999978
          ],
          [
            107.14517570000004,
            -6.25508659999997
          ],
          [
            107.14735760000009,
            -6.255996899999956
          ],
          [
            107.14755740000003,
            -6.256078099999965
          ],
          [
            107.14802980000007,
            -6.256270299999923
          ],
          [
            107.14856520000005,
            -6.256474199999955
          ],
          [
            107.14939800000008,
            -6.256825999999933
          ],
          [
            107.15054710000004,
            -6.257378999999956
          ],
          [
            107.15142080000004,
            -6.257804799999973
          ],
          [
            107.15242760000008,
            -6.258285799999953
          ],
          [
            107.1532220000001,
            -6.2586665999999695
          ],
          [
            107.15342586799191,
            -6.258764933517629
          ]
        ]
      },
      "properties": {
        "NAMOBJ": " ",
        "FCODE": "CD02060080",
        "REMARK": "Jalan Kereta Api Jalur Ganda",
        "METADATA": "RBI25KPROVINSIJABAR",
        "SRS_ID": "4326",
        "JMLREL": 0,
        "KEBREL": 0,
        "KLSREL": 0,
        "KMXREL": 0.0,
        "TIPREL": 0,
        "SHAPE_Length": 0.03998538759702755,
        "dataset_role": "rbi_reference",
        "source_file": "25k st cikarang.zip",
        "source_layer": "RELKA_LN_25K",
        "radius_m": 1000,
        "geometry_clipped": true,
        "center_status": "unverified_geocoded_station_reference"
      }
    },
    {
      "type": "Feature",
      "id": "rbi:54739acd2787f7482f30",
      "geometry": {
        "type": "Point",
        "coordinates": [
          107.14906679900008,
          -6.256355850999967
        ]
      },
      "properties": {
        "NAMOBJ": " ",
        "FCODE": " ",
        "REMARK": "Tonggak/Pal KM",
        "SRS_ID": " ",
        "METADATA": null,
        "dataset_role": "rbi_reference",
        "source_file": "25k st cikarang.zip",
        "source_layer": "TONGGAKKM_PT_25K",
        "radius_m": 1000,
        "geometry_clipped": false,
        "center_status": "unverified_geocoded_station_reference"
      }
    },
    {
      "type": "Feature",
      "id": "rbi:ee13888070e21beea6ca",
      "geometry": {
        "type": "Point",
        "coordinates": [
          107.14096693600005,
          -6.255874285999936
        ]
      },
      "properties": {
        "NAMOBJ": " ",
        "FCODE": " ",
        "REMARK": "Tonggak/Pal KM",
        "SRS_ID": " ",
        "METADATA": null,
        "dataset_role": "rbi_reference",
        "source_file": "25k st cikarang.zip",
        "source_layer": "TONGGAKKM_PT_25K",
        "radius_m": 1000,
        "geometry_clipped": false,
        "center_status": "unverified_geocoded_station_reference"
      }
    },
    {
      "type": "Feature",
      "id": "rbi:3e49ab6aa3e84f88047f",
      "geometry": {
        "type": "LineString",
        "coordinates": [
          [
            107.14839114700004,
            -6.256510595999941
          ],
          [
            107.14768635700007,
            -6.256436900999973
          ],
          [
            107.14715440100008,
            -6.256359722999947
          ],
          [
            107.14710731700008,
            -6.25635356899994
          ],
          [
            107.14710655200008,
            -6.256427067999937
          ]
        ]
      },
      "properties": {
        "OBJECTID_1": 92439,
        "OBJECTID_2": 107858,
        "OBJECTID": 1907,
        "NAMOBJ": " ",
        "FCODE": "CA02060160",
        "REMARK": "Jalan Arteri",
        "METADATA": "RBI25KPROVINSIJABAR",
        "SRS_ID": "4326",
        "ARHRJL": 0,
        "AUTRJL": 0,
        "FGSRJL": 0,
        "JARRJL": 0,
        "JPARJL": 0,
        "KLLRJL": " ",
        "KONRJL": 0,
        "KPMSTR": 0.0,
        "LKONOF": " ",
        "LKSBSP": " ",
        "LKSRTA": " ",
        "LLHRRT": 0.0,
        "LOCRJL": 0,
        "LBRBHJ": 0.0,
        "LBRJLN": 0.0,
        "MATRJL": 0,
        "MEDRJL": 0,
        "SPCRJL": 0,
        "STARJL": 0,
        "TOLRJL": 0,
        "UTKRJL": 0,
        "VLCPRT": 0.0,
        "WLYRJL": 0,
        "TGL_SK": null,
        "JLNLYG": 0,
        "KLSRJL": 0,
        "SHAPE_Leng": 0.00136714533186,
        "OBJECTID_3": 0,
        "Join_Count": 0,
        "TARGET_FID": 0,
        "NOMOR_PETA": " ",
        "No_urut": 0.0,
        "Shape_Le_1": 0.0,
        "KET": " ",
        "LAYER": " ",
        "KET_META": " ",
        "ORIG_FID": 0,
        "Shape_Le_2": 0.00136714533186,
        "Keterangan": " ",
        "Lebar": " ",
        "Shape_Le_3": 0.00136714533186,
        "Shape_Length": 0.0013671453318598735,
        "dataset_role": "rbi_reference",
        "source_file": "25k st cikarang.zip",
        "source_layer": "JALAN_LN_25K",
        "radius_m": 1000,
        "geometry_clipped": false,
        "center_status": "unverified_geocoded_station_reference"
      }
    },
    {
      "type": "Feature",
      "id": "rbi:79a766c728eef1825a56",
      "geometry": {
        "type": "LineString",
        "coordinates": [
          [
            107.14945121700003,
            -6.258122506999937
          ],
          [
            107.14819089700006,
            -6.2582877449999605
          ],
          [
            107.14773492500007,
            -6.258339104999948
          ],
          [
            107.14755128500008,
            -6.258361976999933
          ],
          [
            107.14752155100007,
            -6.258374509999954
          ]
        ]
      },
      "properties": {
        "OBJECTID_1": 92444,
        "OBJECTID_2": 107880,
        "OBJECTID": 1931,
        "NAMOBJ": " ",
        "FCODE": "CA02060160",
        "REMARK": "Jalan Arteri",
        "METADATA": "RBI25KPROVINSIJABAR",
        "SRS_ID": "4326",
        "ARHRJL": 0,
        "AUTRJL": 0,
        "FGSRJL": 0,
        "JARRJL": 0,
        "JPARJL": 0,
        "KLLRJL": " ",
        "KONRJL": 0,
        "KPMSTR": 0.0,
        "LKONOF": " ",
        "LKSBSP": " ",
        "LKSRTA": " ",
        "LLHRRT": 0.0,
        "LOCRJL": 0,
        "LBRBHJ": 0.0,
        "LBRJLN": 0.0,
        "MATRJL": 0,
        "MEDRJL": 0,
        "SPCRJL": 0,
        "STARJL": 0,
        "TOLRJL": 0,
        "UTKRJL": 0,
        "VLCPRT": 0.0,
        "WLYRJL": 0,
        "TGL_SK": null,
        "JLNLYG": 0,
        "KLSRJL": 0,
        "SHAPE_Leng": 0.0019472875733,
        "OBJECTID_3": 0,
        "Join_Count": 0,
        "TARGET_FID": 0,
        "NOMOR_PETA": " ",
        "No_urut": 0.0,
        "Shape_Le_1": 0.0,
        "KET": " ",
        "LAYER": " ",
        "KET_META": " ",
        "ORIG_FID": 0,
        "Shape_Le_2": 0.0019472875733,
        "Keterangan": " ",
        "Lebar": " ",
        "Shape_Le_3": 0.0019472875733,
        "Shape_Length": 0.0019472875732954617,
        "dataset_role": "rbi_reference",
        "source_file": "25k st cikarang.zip",
        "source_layer": "JALAN_LN_25K",
        "radius_m": 1000,
        "geometry_clipped": false,
        "center_status": "unverified_geocoded_station_reference"
      }
    },
    {
      "type": "Feature",
      "id": "rbi:58019a1711e76939b8e1",
      "geometry": {
        "type": "LineString",
        "coordinates": [
          [
            107.14752155100007,
            -6.258374509999954
          ],
          [
            107.14746794500007,
            -6.258397102999937
          ],
          [
            107.14710686900008,
            -6.258526595999967
          ],
          [
            107.14706028500007,
            -6.258563189999962
          ]
        ]
      },
      "properties": {
        "OBJECTID_1": 92445,
        "OBJECTID_2": 107881,
        "OBJECTID": 1932,
        "NAMOBJ": " ",
        "FCODE": "CA02060160",
        "REMARK": "Jalan Arteri",
        "METADATA": "RBI25KPROVINSIJABAR",
        "SRS_ID": "4326",
        "ARHRJL": 0,
        "AUTRJL": 0,
        "FGSRJL": 0,
        "JARRJL": 0,
        "JPARJL": 0,
        "KLLRJL": " ",
        "KONRJL": 0,
        "KPMSTR": 0.0,
        "LKONOF": " ",
        "LKSBSP": " ",
        "LKSRTA": " ",
        "LLHRRT": 0.0,
        "LOCRJL": 0,
        "LBRBHJ": 0.0,
        "LBRJLN": 0.0,
        "MATRJL": 0,
        "MEDRJL": 0,
        "SPCRJL": 0,
        "STARJL": 0,
        "TOLRJL": 0,
        "UTKRJL": 0,
        "VLCPRT": 0.0,
        "WLYRJL": 0,
        "TGL_SK": null,
        "JLNLYG": 0,
        "KLSRJL": 0,
        "SHAPE_Leng": 0.00050100492219,
        "OBJECTID_3": 0,
        "Join_Count": 0,
        "TARGET_FID": 0,
        "NOMOR_PETA": " ",
        "No_urut": 0.0,
        "Shape_Le_1": 0.0,
        "KET": " ",
        "LAYER": " ",
        "KET_META": " ",
        "ORIG_FID": 0,
        "Shape_Le_2": 0.00050100492219,
        "Keterangan": " ",
        "Lebar": " ",
        "Shape_Le_3": 0.00050100492219,
        "Shape_Length": 0.0005010049221898398,
        "dataset_role": "rbi_reference",
        "source_file": "25k st cikarang.zip",
        "source_layer": "JALAN_LN_25K",
        "radius_m": 1000,
        "geometry_clipped": false,
        "center_status": "unverified_geocoded_station_reference"
      }
    },
    {
      "type": "Feature",
      "id": "rbi:814c6c9752f0d7baa230",
      "geometry": {
        "type": "LineString",
        "coordinates": [
          [
            107.14706028500007,
            -6.258563189999962
          ],
          [
            107.14703891400006,
            -6.25855084799997
          ],
          [
            107.14624686100007,
            -6.258959348999951
          ],
          [
            107.14597200700007,
            -6.259140214999945
          ],
          [
            107.14569162400005,
            -6.259334337999975
          ]
        ]
      },
      "properties": {
        "OBJECTID_1": 92446,
        "OBJECTID_2": 107882,
        "OBJECTID": 1933,
        "NAMOBJ": " ",
        "FCODE": "CA02060160",
        "REMARK": "Jalan Arteri",
        "METADATA": "RBI25KPROVINSIJABAR",
        "SRS_ID": "4326",
        "ARHRJL": 0,
        "AUTRJL": 0,
        "FGSRJL": 0,
        "JARRJL": 0,
        "JPARJL": 0,
        "KLLRJL": " ",
        "KONRJL": 0,
        "KPMSTR": 0.0,
        "LKONOF": " ",
        "LKSBSP": " ",
        "LKSRTA": " ",
        "LLHRRT": 0.0,
        "LOCRJL": 0,
        "LBRBHJ": 0.0,
        "LBRJLN": 0.0,
        "MATRJL": 0,
        "MEDRJL": 0,
        "SPCRJL": 0,
        "STARJL": 0,
        "TOLRJL": 0,
        "UTKRJL": 0,
        "VLCPRT": 0.0,
        "WLYRJL": 0,
        "TGL_SK": null,
        "JLNLYG": 0,
        "KLSRJL": 0,
        "SHAPE_Leng": 0.00158591974655,
        "OBJECTID_3": 0,
        "Join_Count": 0,
        "TARGET_FID": 0,
        "NOMOR_PETA": " ",
        "No_urut": 0.0,
        "Shape_Le_1": 0.0,
        "KET": " ",
        "LAYER": " ",
        "KET_META": " ",
        "ORIG_FID": 0,
        "Shape_Le_2": 0.00158591974655,
        "Keterangan": " ",
        "Lebar": " ",
        "Shape_Le_3": 0.00158591974655,
        "Shape_Length": 0.0015859197465541428,
        "dataset_role": "rbi_reference",
        "source_file": "25k st cikarang.zip",
        "source_layer": "JALAN_LN_25K",
        "radius_m": 1000,
        "geometry_clipped": false,
        "center_status": "unverified_geocoded_station_reference"
      }
    },
    {
      "type": "Feature",
      "id": "rbi:1a0867642b4b73e6d4e7",
      "geometry": {
        "type": "LineString",
        "coordinates": [
          [
            107.14569162400005,
            -6.259334337999975
          ],
          [
            107.14429520800007,
            -6.2603011419999435
          ],
          [
            107.14396044600005,
            -6.260530444999971
          ],
          [
            107.14342515000004,
            -6.2609115609999435
          ],
          [
            107.14308529900006,
            -6.26117586899994
          ],
          [
            107.14287006600004,
            -6.261336394999945
          ]
        ]
      },
      "properties": {
        "OBJECTID_1": 92447,
        "OBJECTID_2": 107883,
        "OBJECTID": 1934,
        "NAMOBJ": " ",
        "FCODE": "CA02060160",
        "REMARK": "Jalan Arteri",
        "METADATA": "RBI25KPROVINSIJABAR",
        "SRS_ID": "4326",
        "ARHRJL": 0,
        "AUTRJL": 0,
        "FGSRJL": 0,
        "JARRJL": 0,
        "JPARJL": 0,
        "KLLRJL": " ",
        "KONRJL": 0,
        "KPMSTR": 0.0,
        "LKONOF": " ",
        "LKSBSP": " ",
        "LKSRTA": " ",
        "LLHRRT": 0.0,
        "LOCRJL": 0,
        "LBRBHJ": 0.0,
        "LBRJLN": 0.0,
        "MATRJL": 0,
        "MEDRJL": 0,
        "SPCRJL": 0,
        "STARJL": 0,
        "TOLRJL": 0,
        "UTKRJL": 0,
        "VLCPRT": 0.0,
        "WLYRJL": 0,
        "TGL_SK": null,
        "JLNLYG": 0,
        "KLSRJL": 0,
        "SHAPE_Leng": 0.00346034483573,
        "OBJECTID_3": 0,
        "Join_Count": 0,
        "TARGET_FID": 0,
        "NOMOR_PETA": " ",
        "No_urut": 0.0,
        "Shape_Le_1": 0.0,
        "KET": " ",
        "LAYER": " ",
        "KET_META": " ",
        "ORIG_FID": 0,
        "Shape_Le_2": 0.00346034483573,
        "Keterangan": " ",
        "Lebar": " ",
        "Shape_Le_3": 0.00346034483573,
        "Shape_Length": 0.0034603448357252956,
        "dataset_role": "rbi_reference",
        "source_file": "25k st cikarang.zip",
        "source_layer": "JALAN_LN_25K",
        "radius_m": 1000,
        "geometry_clipped": false,
        "center_status": "unverified_geocoded_station_reference"
      }
    },
    {
      "type": "Feature",
      "id": "rbi:5dd7e7d619641051777c",
      "geometry": {
        "type": "LineString",
        "coordinates": [
          [
            107.14287006600004,
            -6.261336394999945
          ],
          [
            107.14274643300006,
            -6.26139153699995
          ],
          [
            107.14265449900005,
            -6.261437193999938
          ],
          [
            107.14259792300003,
            -6.261482706999971
          ],
          [
            107.14248538600002,
            -6.261549392999937
          ],
          [
            107.14206648300005,
            -6.261797597999929
          ],
          [
            107.14172049900007,
            -6.262002599999962
          ],
          [
            107.14163111500005,
            -6.262055559999965
          ],
          [
            107.14138475400006,
            -6.262161962999925
          ],
          [
            107.14136401200005,
            -6.262170915999944
          ],
          [
            107.14083137600005,
            -6.2622037449999635
          ],
          [
            107.14075799800008,
            -6.2621941359999465
          ],
          [
            107.14027907800005,
            -6.262131444999967
          ],
          [
            107.13999065800004,
            -6.262088017999932
          ]
        ]
      },
      "properties": {
        "OBJECTID_1": 92448,
        "OBJECTID_2": 107884,
        "OBJECTID": 1935,
        "NAMOBJ": " ",
        "FCODE": "CA02060160",
        "REMARK": "Jalan Arteri",
        "METADATA": "RBI25KPROVINSIJABAR",
        "SRS_ID": "4326",
        "ARHRJL": 0,
        "AUTRJL": 0,
        "FGSRJL": 0,
        "JARRJL": 0,
        "JPARJL": 0,
        "KLLRJL": " ",
        "KONRJL": 0,
        "KPMSTR": 0.0,
        "LKONOF": " ",
        "LKSBSP": " ",
        "LKSRTA": " ",
        "LLHRRT": 0.0,
        "LOCRJL": 0,
        "LBRBHJ": 0.0,
        "LBRJLN": 0.0,
        "MATRJL": 0,
        "MEDRJL": 0,
        "SPCRJL": 0,
        "STARJL": 0,
        "TOLRJL": 0,
        "UTKRJL": 0,
        "VLCPRT": 0.0,
        "WLYRJL": 0,
        "TGL_SK": null,
        "JLNLYG": 0,
        "KLSRJL": 0,
        "SHAPE_Leng": 0.00310768524247,
        "OBJECTID_3": 0,
        "Join_Count": 0,
        "TARGET_FID": 0,
        "NOMOR_PETA": " ",
        "No_urut": 0.0,
        "Shape_Le_1": 0.0,
        "KET": " ",
        "LAYER": " ",
        "KET_META": " ",
        "ORIG_FID": 0,
        "Shape_Le_2": 0.00310768524247,
        "Keterangan": " ",
        "Lebar": " ",
        "Shape_Le_3": 0.00310768524247,
        "Shape_Length": 0.0031076852424728983,
        "dataset_role": "rbi_reference",
        "source_file": "25k st cikarang.zip",
        "source_layer": "JALAN_LN_25K",
        "radius_m": 1000,
        "geometry_clipped": false,
        "center_status": "unverified_geocoded_station_reference"
      }
    },
    {
      "type": "Feature",
      "id": "rbi:443c3bf7f4a3bf9be9b8",
      "geometry": {
        "type": "LineString",
        "coordinates": [
          [
            107.13999065800004,
            -6.262088017999932
          ],
          [
            107.13988717700005,
            -6.262029362999955
          ],
          [
            107.13947903900004,
            -6.261817727999927
          ],
          [
            107.13915755700003,
            -6.2617108109999435
          ],
          [
            107.13866930154926,
            -6.261693641540958
          ]
        ]
      },
      "properties": {
        "OBJECTID_1": 92449,
        "OBJECTID_2": 107885,
        "OBJECTID": 1936,
        "NAMOBJ": " ",
        "FCODE": "CA02060160",
        "REMARK": "Jalan Arteri",
        "METADATA": "RBI25KPROVINSIJABAR",
        "SRS_ID": "4326",
        "ARHRJL": 0,
        "AUTRJL": 0,
        "FGSRJL": 0,
        "JARRJL": 0,
        "JPARJL": 0,
        "KLLRJL": " ",
        "KONRJL": 0,
        "KPMSTR": 0.0,
        "LKONOF": " ",
        "LKSBSP": " ",
        "LKSRTA": " ",
        "LLHRRT": 0.0,
        "LOCRJL": 0,
        "LBRBHJ": 0.0,
        "LBRJLN": 0.0,
        "MATRJL": 0,
        "MEDRJL": 0,
        "SPCRJL": 0,
        "STARJL": 0,
        "TOLRJL": 0,
        "UTKRJL": 0,
        "VLCPRT": 0.0,
        "WLYRJL": 0,
        "TGL_SK": null,
        "JLNLYG": 0,
        "KLSRJL": 0,
        "SHAPE_Leng": 0.00186975406598,
        "OBJECTID_3": 0,
        "Join_Count": 0,
        "TARGET_FID": 0,
        "NOMOR_PETA": " ",
        "No_urut": 0.0,
        "Shape_Le_1": 0.0,
        "KET": " ",
        "LAYER": " ",
        "KET_META": " ",
        "ORIG_FID": 0,
        "Shape_Le_2": 0.00186975406598,
        "Keterangan": " ",
        "Lebar": " ",
        "Shape_Le_3": 0.00186975406598,
        "Shape_Length": 0.0018697540659827177,
        "dataset_role": "rbi_reference",
        "source_file": "25k st cikarang.zip",
        "source_layer": "JALAN_LN_25K",
        "radius_m": 1000,
        "geometry_clipped": true,
        "center_status": "unverified_geocoded_station_reference"
      }
    },
    {
      "type": "Feature",
      "id": "rbi:0553712b15b3b60f0bb0",
      "geometry": {
        "type": "LineString",
        "coordinates": [
          [
            107.1361113325108,
            -6.254154654899971
          ],
          [
            107.13613772900005,
            -6.254154814999935
          ],
          [
            107.13623906200006,
            -6.2541119869999315
          ],
          [
            107.13641278200004,
            -6.253864170999976
          ],
          [
            107.13650318700009,
            -6.253813268999979
          ],
          [
            107.13651570600007,
            -6.253792878999943
          ],
          [
            107.13670495900004,
            -6.253785969999967
          ],
          [
            107.13703831500003,
            -6.253828593999968
          ],
          [
            107.13823343800004,
            -6.254060905999949
          ],
          [
            107.13848733500004,
            -6.254160026999955
          ],
          [
            107.13847843900004,
            -6.254240609999954
          ],
          [
            107.13841553500004,
            -6.254614083999969
          ],
          [
            107.13838976700004,
            -6.255002088999958
          ],
          [
            107.13840635100006,
            -6.2551036939999545
          ],
          [
            107.1383241440001,
            -6.25541987899993
          ],
          [
            107.13812337200007,
            -6.255940064999949
          ],
          [
            107.1379443200001,
            -6.256371705999924
          ],
          [
            107.13794275400005,
            -6.256375481999953
          ],
          [
            107.13768386200007,
            -6.256381326999928
          ],
          [
            107.13730402200008,
            -6.256347191999963
          ],
          [
            107.13728713700006,
            -6.256438067999965
          ],
          [
            107.13724830600006,
            -6.256633029999931
          ],
          [
            107.13710170200007,
            -6.257369070999972
          ],
          [
            107.1370753990001,
            -6.257501153999955
          ],
          [
            107.13683928400009,
            -6.258310168999968
          ],
          [
            107.13672191200004,
            -6.258585418999927
          ],
          [
            107.13667463278676,
            -6.258650926161036
          ]
        ]
      },
      "properties": {
        "OBJECTID_1": 136197,
        "OBJECTID_2": 157094,
        "OBJECTID": 51450,
        "NAMOBJ": " ",
        "FCODE": "CA02060160",
        "REMARK": "Jalan Lokal",
        "METADATA": "RBI25KPROVINSIJABAR",
        "SRS_ID": "4326",
        "ARHRJL": 0,
        "AUTRJL": 0,
        "FGSRJL": 0,
        "JARRJL": 0,
        "JPARJL": 0,
        "KLLRJL": " ",
        "KONRJL": 0,
        "KPMSTR": 0.0,
        "LKONOF": " ",
        "LKSBSP": " ",
        "LKSRTA": " ",
        "LLHRRT": 0.0,
        "LOCRJL": 0,
        "LBRBHJ": 0.0,
        "LBRJLN": 0.0,
        "MATRJL": 0,
        "MEDRJL": 0,
        "SPCRJL": 0,
        "STARJL": 0,
        "TOLRJL": 0,
        "UTKRJL": 0,
        "VLCPRT": 0.0,
        "WLYRJL": 0,
        "TGL_SK": null,
        "JLNLYG": 0,
        "KLSRJL": 0,
        "SHAPE_Leng": 0.00861557156927,
        "OBJECTID_3": 0,
        "Join_Count": 0,
        "TARGET_FID": 0,
        "NOMOR_PETA": " ",
        "No_urut": 0.0,
        "Shape_Le_1": 0.0,
        "KET": " ",
        "LAYER": " ",
        "KET_META": " ",
        "ORIG_FID": 0,
        "Shape_Le_2": 0.00861557156927,
        "Keterangan": " ",
        "Lebar": " ",
        "Shape_Le_3": 0.00861557156927,
        "Shape_Length": 0.008615571569274883,
        "dataset_role": "rbi_reference",
        "source_file": "25k st cikarang.zip",
        "source_layer": "JALAN_LN_25K",
        "radius_m": 1000,
        "geometry_clipped": true,
        "center_status": "unverified_geocoded_station_reference"
      }
    },
    {
      "type": "Feature",
      "id": "rbi:e81eabf2e56fe9ddc22f",
      "geometry": {
        "type": "LineString",
        "coordinates": [
          [
            107.14717027200005,
            -6.262730202999932
          ],
          [
            107.14711506200008,
            -6.262734162999949
          ],
          [
            107.14631494300005,
            -6.262600326999973
          ],
          [
            107.14627732600007,
            -6.262594026999977
          ],
          [
            107.14583016600005,
            -6.2625191059999565
          ],
          [
            107.14549104600007,
            -6.262486429999967
          ],
          [
            107.14538514900005,
            -6.262462382999955
          ]
        ]
      },
      "properties": {
        "OBJECTID_1": 136198,
        "OBJECTID_2": 157095,
        "OBJECTID": 51451,
        "NAMOBJ": " ",
        "FCODE": "CA02060160",
        "REMARK": "Jalan Lokal",
        "METADATA": "RBI25KPROVINSIJABAR",
        "SRS_ID": "4326",
        "ARHRJL": 0,
        "AUTRJL": 0,
        "FGSRJL": 0,
        "JARRJL": 0,
        "JPARJL": 0,
        "KLLRJL": " ",
        "KONRJL": 0,
        "KPMSTR": 0.0,
        "LKONOF": " ",
        "LKSBSP": " ",
        "LKSRTA": " ",
        "LLHRRT": 0.0,
        "LOCRJL": 0,
        "LBRBHJ": 0.0,
        "LBRJLN": 0.0,
        "MATRJL": 0,
        "MEDRJL": 0,
        "SPCRJL": 0,
        "STARJL": 0,
        "TOLRJL": 0,
        "UTKRJL": 0,
        "VLCPRT": 0.0,
        "WLYRJL": 0,
        "TGL_SK": null,
        "JLNLYG": 0,
        "KLSRJL": 0,
        "SHAPE_Leng": 0.00180740449812,
        "OBJECTID_3": 0,
        "Join_Count": 0,
        "TARGET_FID": 0,
        "NOMOR_PETA": " ",
        "No_urut": 0.0,
        "Shape_Le_1": 0.0,
        "KET": " ",
        "LAYER": " ",
        "KET_META": " ",
        "ORIG_FID": 0,
        "Shape_Le_2": 0.00180740449812,
        "Keterangan": " ",
        "Lebar": " ",
        "Shape_Le_3": 0.00180740449812,
        "Shape_Length": 0.001807404498119774,
        "dataset_role": "rbi_reference",
        "source_file": "25k st cikarang.zip",
        "source_layer": "JALAN_LN_25K",
        "radius_m": 1000,
        "geometry_clipped": false,
        "center_status": "unverified_geocoded_station_reference"
      }
    },
    {
      "type": "Feature",
      "id": "rbi:36c450263c68fec312e8",
      "geometry": {
        "type": "LineString",
        "coordinates": [
          [
            107.14538514900005,
            -6.262462382999955
          ],
          [
            107.14469640100003,
            -6.262279616999933
          ],
          [
            107.14418004700008,
            -6.262060445999965
          ],
          [
            107.14310180900009,
            -6.261467034999953
          ],
          [
            107.14287133200007,
            -6.261336642999936
          ],
          [
            107.14287006600004,
            -6.261336394999945
          ]
        ]
      },
      "properties": {
        "OBJECTID_1": 136199,
        "OBJECTID_2": 157096,
        "OBJECTID": 51452,
        "NAMOBJ": " ",
        "FCODE": "CA02060160",
        "REMARK": "Jalan Lokal",
        "METADATA": "RBI25KPROVINSIJABAR",
        "SRS_ID": "4326",
        "ARHRJL": 0,
        "AUTRJL": 0,
        "FGSRJL": 0,
        "JARRJL": 0,
        "JPARJL": 0,
        "KLLRJL": " ",
        "KONRJL": 0,
        "KPMSTR": 0.0,
        "LKONOF": " ",
        "LKSBSP": " ",
        "LKSRTA": " ",
        "LLHRRT": 0.0,
        "LOCRJL": 0,
        "LBRBHJ": 0.0,
        "LBRJLN": 0.0,
        "MATRJL": 0,
        "MEDRJL": 0,
        "SPCRJL": 0,
        "STARJL": 0,
        "TOLRJL": 0,
        "UTKRJL": 0,
        "VLCPRT": 0.0,
        "WLYRJL": 0,
        "TGL_SK": null,
        "JLNLYG": 0,
        "KLSRJL": 0,
        "SHAPE_Leng": 0.00277036852613,
        "OBJECTID_3": 0,
        "Join_Count": 0,
        "TARGET_FID": 0,
        "NOMOR_PETA": " ",
        "No_urut": 0.0,
        "Shape_Le_1": 0.0,
        "KET": " ",
        "LAYER": " ",
        "KET_META": " ",
        "ORIG_FID": 0,
        "Shape_Le_2": 0.00277036852613,
        "Keterangan": " ",
        "Lebar": " ",
        "Shape_Le_3": 0.00277036852613,
        "Shape_Length": 0.0027703685261298316,
        "dataset_role": "rbi_reference",
        "source_file": "25k st cikarang.zip",
        "source_layer": "JALAN_LN_25K",
        "radius_m": 1000,
        "geometry_clipped": false,
        "center_status": "unverified_geocoded_station_reference"
      }
    },
    {
      "type": "Feature",
      "id": "rbi:170370f95807e4d0f7b0",
      "geometry": {
        "type": "LineString",
        "coordinates": [
          [
            107.14287006600004,
            -6.261336394999945
          ],
          [
            107.14274450800006,
            -6.2613047609999635
          ],
          [
            107.14266442800003,
            -6.261224712999933
          ],
          [
            107.14266712600003,
            -6.261124258999926
          ],
          [
            107.14275171500009,
            -6.2609321739999455
          ],
          [
            107.14287568600008,
            -6.260530083999981
          ],
          [
            107.14293082300009,
            -6.26005887399998
          ],
          [
            107.14272510400008,
            -6.259678793999967
          ]
        ]
      },
      "properties": {
        "OBJECTID_1": 136200,
        "OBJECTID_2": 157097,
        "OBJECTID": 51453,
        "NAMOBJ": " ",
        "FCODE": "CA02060160",
        "REMARK": "Jalan Lokal",
        "METADATA": "RBI25KPROVINSIJABAR",
        "SRS_ID": "4326",
        "ARHRJL": 0,
        "AUTRJL": 0,
        "FGSRJL": 0,
        "JARRJL": 0,
        "JPARJL": 0,
        "KLLRJL": " ",
        "KONRJL": 0,
        "KPMSTR": 0.0,
        "LKONOF": " ",
        "LKSBSP": " ",
        "LKSRTA": " ",
        "LLHRRT": 0.0,
        "LOCRJL": 0,
        "LBRBHJ": 0.0,
        "LBRJLN": 0.0,
        "MATRJL": 0,
        "MEDRJL": 0,
        "SPCRJL": 0,
        "STARJL": 0,
        "TOLRJL": 0,
        "UTKRJL": 0,
        "VLCPRT": 0.0,
        "WLYRJL": 0,
        "TGL_SK": null,
        "JLNLYG": 0,
        "KLSRJL": 0,
        "SHAPE_Leng": 0.0018804591561,
        "OBJECTID_3": 0,
        "Join_Count": 0,
        "TARGET_FID": 0,
        "NOMOR_PETA": " ",
        "No_urut": 0.0,
        "Shape_Le_1": 0.0,
        "KET": " ",
        "LAYER": " ",
        "KET_META": " ",
        "ORIG_FID": 0,
        "Shape_Le_2": 0.0018804591561,
        "Keterangan": " ",
        "Lebar": " ",
        "Shape_Le_3": 0.0018804591561,
        "Shape_Length": 0.0018804591560997222,
        "dataset_role": "rbi_reference",
        "source_file": "25k st cikarang.zip",
        "source_layer": "JALAN_LN_25K",
        "radius_m": 1000,
        "geometry_clipped": false,
        "center_status": "unverified_geocoded_station_reference"
      }
    },
    {
      "type": "Feature",
      "id": "rbi:6e088ac6de83c0267fa6",
      "geometry": {
        "type": "LineString",
        "coordinates": [
          [
            107.14729252800004,
            -6.2639053079999485
          ],
          [
            107.14734011200005,
            -6.26390783499994
          ],
          [
            107.14761428368759,
            -6.263991495681417
          ]
        ]
      },
      "properties": {
        "OBJECTID_1": 136263,
        "OBJECTID_2": 157163,
        "OBJECTID": 51520,
        "NAMOBJ": " ",
        "FCODE": "CA02060160",
        "REMARK": "Jalan Lokal",
        "METADATA": "RBI25KPROVINSIJABAR",
        "SRS_ID": "4326",
        "ARHRJL": 0,
        "AUTRJL": 0,
        "FGSRJL": 0,
        "JARRJL": 0,
        "JPARJL": 0,
        "KLLRJL": " ",
        "KONRJL": 0,
        "KPMSTR": 0.0,
        "LKONOF": " ",
        "LKSBSP": " ",
        "LKSRTA": " ",
        "LLHRRT": 0.0,
        "LOCRJL": 0,
        "LBRBHJ": 0.0,
        "LBRJLN": 0.0,
        "MATRJL": 0,
        "MEDRJL": 0,
        "SPCRJL": 0,
        "STARJL": 0,
        "TOLRJL": 0,
        "UTKRJL": 0,
        "VLCPRT": 0.0,
        "WLYRJL": 0,
        "TGL_SK": null,
        "JLNLYG": 0,
        "KLSRJL": 0,
        "SHAPE_Leng": 0.00353194376775,
        "OBJECTID_3": 0,
        "Join_Count": 0,
        "TARGET_FID": 0,
        "NOMOR_PETA": " ",
        "No_urut": 0.0,
        "Shape_Le_1": 0.0,
        "KET": " ",
        "LAYER": " ",
        "KET_META": " ",
        "ORIG_FID": 0,
        "Shape_Le_2": 0.00353194376775,
        "Keterangan": " ",
        "Lebar": " ",
        "Shape_Le_3": 0.00353194376775,
        "Shape_Length": 0.003531943767747958,
        "dataset_role": "rbi_reference",
        "source_file": "25k st cikarang.zip",
        "source_layer": "JALAN_LN_25K",
        "radius_m": 1000,
        "geometry_clipped": true,
        "center_status": "unverified_geocoded_station_reference"
      }
    },
    {
      "type": "Feature",
      "id": "rbi:5d86841624faa44ae1a5",
      "geometry": {
        "type": "LineString",
        "coordinates": [
          [
            107.15194375445346,
            -6.24943993956905
          ],
          [
            107.15176974400003,
            -6.249467745999934
          ],
          [
            107.15158561300007,
            -6.249666004999936
          ],
          [
            107.15132771300006,
            -6.250000385999954
          ],
          [
            107.15109469500004,
            -6.250302537999969
          ],
          [
            107.1508227770001,
            -6.250701002999961
          ],
          [
            107.15063114200008,
            -6.250981808999938
          ],
          [
            107.15032335500008,
            -6.251443320999951
          ],
          [
            107.15012288700007,
            -6.2519083079999405
          ],
          [
            107.14999702200004,
            -6.252320755999961
          ],
          [
            107.14997208300008,
            -6.252409964999969
          ]
        ]
      },
      "properties": {
        "OBJECTID_1": 136265,
        "OBJECTID_2": 157165,
        "OBJECTID": 51522,
        "NAMOBJ": " ",
        "FCODE": "CA02060160",
        "REMARK": "Jalan Lokal",
        "METADATA": "RBI25KPROVINSIJABAR",
        "SRS_ID": "4326",
        "ARHRJL": 0,
        "AUTRJL": 0,
        "FGSRJL": 0,
        "JARRJL": 0,
        "JPARJL": 0,
        "KLLRJL": " ",
        "KONRJL": 0,
        "KPMSTR": 0.0,
        "LKONOF": " ",
        "LKSBSP": " ",
        "LKSRTA": " ",
        "LLHRRT": 0.0,
        "LOCRJL": 0,
        "LBRBHJ": 0.0,
        "LBRJLN": 0.0,
        "MATRJL": 0,
        "MEDRJL": 0,
        "SPCRJL": 0,
        "STARJL": 0,
        "TOLRJL": 0,
        "UTKRJL": 0,
        "VLCPRT": 0.0,
        "WLYRJL": 0,
        "TGL_SK": null,
        "JLNLYG": 0,
        "KLSRJL": 0,
        "SHAPE_Leng": 0.0046080195984,
        "OBJECTID_3": 0,
        "Join_Count": 0,
        "TARGET_FID": 0,
        "NOMOR_PETA": " ",
        "No_urut": 0.0,
        "Shape_Le_1": 0.0,
        "KET": " ",
        "LAYER": " ",
        "KET_META": " ",
        "ORIG_FID": 0,
        "Shape_Le_2": 0.0046080195984,
        "Keterangan": " ",
        "Lebar": " ",
        "Shape_Le_3": 0.0046080195984,
        "Shape_Length": 0.004608019598398821,
        "dataset_role": "rbi_reference",
        "source_file": "25k st cikarang.zip",
        "source_layer": "JALAN_LN_25K",
        "radius_m": 1000,
        "geometry_clipped": true,
        "center_status": "unverified_geocoded_station_reference"
      }
    },
    {
      "type": "Feature",
      "id": "rbi:961b13775c0b3b5101f5",
      "geometry": {
        "type": "LineString",
        "coordinates": [
          [
            107.15303524800004,
            -6.253046944999938
          ],
          [
            107.15296172800005,
            -6.253030901999977
          ],
          [
            107.15204396700005,
            -6.252876877999937
          ],
          [
            107.15059062800009,
            -6.25254095499997
          ],
          [
            107.14997208300008,
            -6.252409964999969
          ]
        ]
      },
      "properties": {
        "OBJECTID_1": 136429,
        "OBJECTID_2": 157331,
        "OBJECTID": 51688,
        "NAMOBJ": " ",
        "FCODE": "CA02060160",
        "REMARK": "Jalan Lokal",
        "METADATA": "RBI25KPROVINSIJABAR",
        "SRS_ID": "4326",
        "ARHRJL": 0,
        "AUTRJL": 0,
        "FGSRJL": 0,
        "JARRJL": 0,
        "JPARJL": 0,
        "KLLRJL": " ",
        "KONRJL": 0,
        "KPMSTR": 0.0,
        "LKONOF": " ",
        "LKSBSP": " ",
        "LKSRTA": " ",
        "LLHRRT": 0.0,
        "LOCRJL": 0,
        "LBRBHJ": 0.0,
        "LBRJLN": 0.0,
        "MATRJL": 0,
        "MEDRJL": 0,
        "SPCRJL": 0,
        "STARJL": 0,
        "TOLRJL": 0,
        "UTKRJL": 0,
        "VLCPRT": 0.0,
        "WLYRJL": 0,
        "TGL_SK": null,
        "JLNLYG": 0,
        "KLSRJL": 0,
        "SHAPE_Leng": 0.00312976502981,
        "OBJECTID_3": 0,
        "Join_Count": 0,
        "TARGET_FID": 0,
        "NOMOR_PETA": " ",
        "No_urut": 0.0,
        "Shape_Le_1": 0.0,
        "KET": " ",
        "LAYER": " ",
        "KET_META": " ",
        "ORIG_FID": 0,
        "Shape_Le_2": 0.00312976502981,
        "Keterangan": " ",
        "Lebar": " ",
        "Shape_Le_3": 0.00312976502981,
        "Shape_Length": 0.0031297650298067734,
        "dataset_role": "rbi_reference",
        "source_file": "25k st cikarang.zip",
        "source_layer": "JALAN_LN_25K",
        "radius_m": 1000,
        "geometry_clipped": false,
        "center_status": "unverified_geocoded_station_reference"
      }
    },
    {
      "type": "Feature",
      "id": "rbi:d4c95a2b75079e3541da",
      "geometry": {
        "type": "LineString",
        "coordinates": [
          [
            107.13982315100009,
            -6.257118498999944
          ],
          [
            107.13936295700006,
            -6.25707625899997
          ],
          [
            107.13821095600007,
            -6.256959461999941
          ],
          [
            107.13805108300005,
            -6.256917886999929
          ]
        ]
      },
      "properties": {
        "OBJECTID_1": 136433,
        "OBJECTID_2": 157335,
        "OBJECTID": 51692,
        "NAMOBJ": " ",
        "FCODE": "CA02060160",
        "REMARK": "Jalan Lokal",
        "METADATA": "RBI25KPROVINSIJABAR",
        "SRS_ID": "4326",
        "ARHRJL": 0,
        "AUTRJL": 0,
        "FGSRJL": 0,
        "JARRJL": 0,
        "JPARJL": 0,
        "KLLRJL": " ",
        "KONRJL": 0,
        "KPMSTR": 0.0,
        "LKONOF": " ",
        "LKSBSP": " ",
        "LKSRTA": " ",
        "LLHRRT": 0.0,
        "LOCRJL": 0,
        "LBRBHJ": 0.0,
        "LBRJLN": 0.0,
        "MATRJL": 0,
        "MEDRJL": 0,
        "SPCRJL": 0,
        "STARJL": 0,
        "TOLRJL": 0,
        "UTKRJL": 0,
        "VLCPRT": 0.0,
        "WLYRJL": 0,
        "TGL_SK": null,
        "JLNLYG": 0,
        "KLSRJL": 0,
        "SHAPE_Leng": 0.001785225513,
        "OBJECTID_3": 0,
        "Join_Count": 0,
        "TARGET_FID": 0,
        "NOMOR_PETA": " ",
        "No_urut": 0.0,
        "Shape_Le_1": 0.0,
        "KET": " ",
        "LAYER": " ",
        "KET_META": " ",
        "ORIG_FID": 0,
        "Shape_Le_2": 0.001785225513,
        "Keterangan": " ",
        "Lebar": " ",
        "Shape_Le_3": 0.001785225513,
        "Shape_Length": 0.0017852255129994494,
        "dataset_role": "rbi_reference",
        "source_file": "25k st cikarang.zip",
        "source_layer": "JALAN_LN_25K",
        "radius_m": 1000,
        "geometry_clipped": false,
        "center_status": "unverified_geocoded_station_reference"
      }
    },
    {
      "type": "Feature",
      "id": "rbi:9b76a578ae996de982f9",
      "geometry": {
        "type": "LineString",
        "coordinates": [
          [
            107.14752155100007,
            -6.258374509999954
          ],
          [
            107.14797125700005,
            -6.257981310999978
          ],
          [
            107.14818913400006,
            -6.257679270999971
          ],
          [
            107.14821819300005,
            -6.2576144619999345
          ],
          [
            107.14828734700006,
            -6.257342020999942
          ],
          [
            107.14839114700004,
            -6.256510595999941
          ]
        ]
      },
      "properties": {
        "OBJECTID_1": 136434,
        "OBJECTID_2": 157338,
        "OBJECTID": 51695,
        "NAMOBJ": " ",
        "FCODE": "CA02060160",
        "REMARK": "Jalan Lokal",
        "METADATA": "RBI25KPROVINSIJABAR",
        "SRS_ID": "4326",
        "ARHRJL": 0,
        "AUTRJL": 0,
        "FGSRJL": 0,
        "JARRJL": 0,
        "JPARJL": 0,
        "KLLRJL": " ",
        "KONRJL": 0,
        "KPMSTR": 0.0,
        "LKONOF": " ",
        "LKSBSP": " ",
        "LKSRTA": " ",
        "LLHRRT": 0.0,
        "LOCRJL": 0,
        "LBRBHJ": 0.0,
        "LBRJLN": 0.0,
        "MATRJL": 0,
        "MEDRJL": 0,
        "SPCRJL": 0,
        "STARJL": 0,
        "TOLRJL": 0,
        "UTKRJL": 0,
        "VLCPRT": 0.0,
        "WLYRJL": 0,
        "TGL_SK": null,
        "JLNLYG": 0,
        "KLSRJL": 0,
        "SHAPE_Leng": 0.00215976993661,
        "OBJECTID_3": 0,
        "Join_Count": 0,
        "TARGET_FID": 0,
        "NOMOR_PETA": " ",
        "No_urut": 0.0,
        "Shape_Le_1": 0.0,
        "KET": " ",
        "LAYER": " ",
        "KET_META": " ",
        "ORIG_FID": 0,
        "Shape_Le_2": 0.00215976993661,
        "Keterangan": " ",
        "Lebar": " ",
        "Shape_Le_3": 0.00215976993661,
        "Shape_Length": 0.002159769936611388,
        "dataset_role": "rbi_reference",
        "source_file": "25k st cikarang.zip",
        "source_layer": "JALAN_LN_25K",
        "radius_m": 1000,
        "geometry_clipped": false,
        "center_status": "unverified_geocoded_station_reference"
      }
    },
    {
      "type": "Feature",
      "id": "rbi:af9a60683c84e7684863",
      "geometry": {
        "type": "LineString",
        "coordinates": [
          [
            107.15400031075677,
            -6.25391015066414
          ],
          [
            107.1534266180001,
            -6.253734140999939
          ],
          [
            107.15287821300006,
            -6.253652216999967
          ],
          [
            107.15281172600005,
            -6.253652850999967
          ],
          [
            107.15278744200003,
            -6.253672367999968
          ]
        ]
      },
      "properties": {
        "OBJECTID_1": 136435,
        "OBJECTID_2": 157339,
        "OBJECTID": 51696,
        "NAMOBJ": " ",
        "FCODE": "CA02060160",
        "REMARK": "Jalan Lokal",
        "METADATA": "RBI25KPROVINSIJABAR",
        "SRS_ID": "4326",
        "ARHRJL": 0,
        "AUTRJL": 0,
        "FGSRJL": 0,
        "JARRJL": 0,
        "JPARJL": 0,
        "KLLRJL": " ",
        "KONRJL": 0,
        "KPMSTR": 0.0,
        "LKONOF": " ",
        "LKSBSP": " ",
        "LKSRTA": " ",
        "LLHRRT": 0.0,
        "LOCRJL": 0,
        "LBRBHJ": 0.0,
        "LBRJLN": 0.0,
        "MATRJL": 0,
        "MEDRJL": 0,
        "SPCRJL": 0,
        "STARJL": 0,
        "TOLRJL": 0,
        "UTKRJL": 0,
        "VLCPRT": 0.0,
        "WLYRJL": 0,
        "TGL_SK": null,
        "JLNLYG": 0,
        "KLSRJL": 0,
        "SHAPE_Leng": 0.00433411853822,
        "OBJECTID_3": 0,
        "Join_Count": 0,
        "TARGET_FID": 0,
        "NOMOR_PETA": " ",
        "No_urut": 0.0,
        "Shape_Le_1": 0.0,
        "KET": " ",
        "LAYER": " ",
        "KET_META": " ",
        "ORIG_FID": 0,
        "Shape_Le_2": 0.00433411853822,
        "Keterangan": " ",
        "Lebar": " ",
        "Shape_Le_3": 0.00433411853822,
        "Shape_Length": 0.004334118538219987,
        "dataset_role": "rbi_reference",
        "source_file": "25k st cikarang.zip",
        "source_layer": "JALAN_LN_25K",
        "radius_m": 1000,
        "geometry_clipped": true,
        "center_status": "unverified_geocoded_station_reference"
      }
    },
    {
      "type": "Feature",
      "id": "rbi:d4fc97e89e2e8517a3c4",
      "geometry": {
        "type": "LineString",
        "coordinates": [
          [
            107.15303524800004,
            -6.253046944999938
          ],
          [
            107.15295441600006,
            -6.253208873999939
          ],
          [
            107.15285191400005,
            -6.253459737999946
          ],
          [
            107.15278744200003,
            -6.253672367999968
          ]
        ]
      },
      "properties": {
        "OBJECTID_1": 136436,
        "OBJECTID_2": 157340,
        "OBJECTID": 51697,
        "NAMOBJ": " ",
        "FCODE": "CA02060160",
        "REMARK": "Jalan Lokal",
        "METADATA": "RBI25KPROVINSIJABAR",
        "SRS_ID": "4326",
        "ARHRJL": 0,
        "AUTRJL": 0,
        "FGSRJL": 0,
        "JARRJL": 0,
        "JPARJL": 0,
        "KLLRJL": " ",
        "KONRJL": 0,
        "KPMSTR": 0.0,
        "LKONOF": " ",
        "LKSBSP": " ",
        "LKSRTA": " ",
        "LLHRRT": 0.0,
        "LOCRJL": 0,
        "LBRBHJ": 0.0,
        "LBRJLN": 0.0,
        "MATRJL": 0,
        "MEDRJL": 0,
        "SPCRJL": 0,
        "STARJL": 0,
        "TOLRJL": 0,
        "UTKRJL": 0,
        "VLCPRT": 0.0,
        "WLYRJL": 0,
        "TGL_SK": null,
        "JLNLYG": 0,
        "KLSRJL": 0,
        "SHAPE_Leng": 0.000674169427725,
        "OBJECTID_3": 0,
        "Join_Count": 0,
        "TARGET_FID": 0,
        "NOMOR_PETA": " ",
        "No_urut": 0.0,
        "Shape_Le_1": 0.0,
        "KET": " ",
        "LAYER": " ",
        "KET_META": " ",
        "ORIG_FID": 0,
        "Shape_Le_2": 0.000674169427725,
        "Keterangan": " ",
        "Lebar": " ",
        "Shape_Le_3": 0.000674169427725,
        "Shape_Length": 0.0006741694277247727,
        "dataset_role": "rbi_reference",
        "source_file": "25k st cikarang.zip",
        "source_layer": "JALAN_LN_25K",
        "radius_m": 1000,
        "geometry_clipped": false,
        "center_status": "unverified_geocoded_station_reference"
      }
    },
    {
      "type": "Feature",
      "id": "rbi:a6d95ee0706d975add47",
      "geometry": {
        "type": "LineString",
        "coordinates": [
          [
            107.15278744200003,
            -6.253672367999968
          ],
          [
            107.15275448600005,
            -6.253698863999942
          ],
          [
            107.15264548200008,
            -6.253899662999968
          ],
          [
            107.15241712100004,
            -6.254435592999925
          ],
          [
            107.15235404900005,
            -6.254767545999926
          ],
          [
            107.15232805400007,
            -6.2552697229999685
          ],
          [
            107.15226929900007,
            -6.255740420999926
          ],
          [
            107.15217001700006,
            -6.256645673999967
          ],
          [
            107.15209787700007,
            -6.256876515999976
          ]
        ]
      },
      "properties": {
        "OBJECTID_1": 136437,
        "OBJECTID_2": 157341,
        "OBJECTID": 51698,
        "NAMOBJ": " ",
        "FCODE": "CA02060160",
        "REMARK": "Jalan Lokal",
        "METADATA": "RBI25KPROVINSIJABAR",
        "SRS_ID": "4326",
        "ARHRJL": 0,
        "AUTRJL": 0,
        "FGSRJL": 0,
        "JARRJL": 0,
        "JPARJL": 0,
        "KLLRJL": " ",
        "KONRJL": 0,
        "KPMSTR": 0.0,
        "LKONOF": " ",
        "LKSBSP": " ",
        "LKSRTA": " ",
        "LLHRRT": 0.0,
        "LOCRJL": 0,
        "LBRBHJ": 0.0,
        "LBRJLN": 0.0,
        "MATRJL": 0,
        "MEDRJL": 0,
        "SPCRJL": 0,
        "STARJL": 0,
        "TOLRJL": 0,
        "UTKRJL": 0,
        "VLCPRT": 0.0,
        "WLYRJL": 0,
        "TGL_SK": null,
        "JLNLYG": 0,
        "KLSRJL": 0,
        "SHAPE_Leng": 0.00332094332271,
        "OBJECTID_3": 0,
        "Join_Count": 0,
        "TARGET_FID": 0,
        "NOMOR_PETA": " ",
        "No_urut": 0.0,
        "Shape_Le_1": 0.0,
        "KET": " ",
        "LAYER": " ",
        "KET_META": " ",
        "ORIG_FID": 0,
        "Shape_Le_2": 0.00332094332271,
        "Keterangan": " ",
        "Lebar": " ",
        "Shape_Le_3": 0.00332094332271,
        "Shape_Length": 0.003320943322710605,
        "dataset_role": "rbi_reference",
        "source_file": "25k st cikarang.zip",
        "source_layer": "JALAN_LN_25K",
        "radius_m": 1000,
        "geometry_clipped": false,
        "center_status": "unverified_geocoded_station_reference"
      }
    },
    {
      "type": "Feature",
      "id": "rbi:bcc5e8a97cf467a2d223",
      "geometry": {
        "type": "LineString",
        "coordinates": [
          [
            107.15347559689377,
            -6.25198590993569
          ],
          [
            107.15345796100009,
            -6.252022377999933
          ],
          [
            107.15344360200005,
            -6.252043453999929
          ],
          [
            107.15326020800006,
            -6.252461444999937
          ],
          [
            107.15303524800004,
            -6.253046944999938
          ]
        ]
      },
      "properties": {
        "OBJECTID_1": 136439,
        "OBJECTID_2": 157343,
        "OBJECTID": 51700,
        "NAMOBJ": " ",
        "FCODE": "CA02060160",
        "REMARK": "Jalan Lokal",
        "METADATA": "RBI25KPROVINSIJABAR",
        "SRS_ID": "4326",
        "ARHRJL": 0,
        "AUTRJL": 0,
        "FGSRJL": 0,
        "JARRJL": 0,
        "JPARJL": 0,
        "KLLRJL": " ",
        "KONRJL": 0,
        "KPMSTR": 0.0,
        "LKONOF": " ",
        "LKSBSP": " ",
        "LKSRTA": " ",
        "LLHRRT": 0.0,
        "LOCRJL": 0,
        "LBRBHJ": 0.0,
        "LBRJLN": 0.0,
        "MATRJL": 0,
        "MEDRJL": 0,
        "SPCRJL": 0,
        "STARJL": 0,
        "TOLRJL": 0,
        "UTKRJL": 0,
        "VLCPRT": 0.0,
        "WLYRJL": 0,
        "TGL_SK": null,
        "JLNLYG": 0,
        "KLSRJL": 0,
        "SHAPE_Leng": 0.00272056651795,
        "OBJECTID_3": 0,
        "Join_Count": 0,
        "TARGET_FID": 0,
        "NOMOR_PETA": " ",
        "No_urut": 0.0,
        "Shape_Le_1": 0.0,
        "KET": " ",
        "LAYER": " ",
        "KET_META": " ",
        "ORIG_FID": 0,
        "Shape_Le_2": 0.00272056651795,
        "Keterangan": " ",
        "Lebar": " ",
        "Shape_Le_3": 0.00272056651795,
        "Shape_Length": 0.0027205665179451527,
        "dataset_role": "rbi_reference",
        "source_file": "25k st cikarang.zip",
        "source_layer": "JALAN_LN_25K",
        "radius_m": 1000,
        "geometry_clipped": true,
        "center_status": "unverified_geocoded_station_reference"
      }
    },
    {
      "type": "Feature",
      "id": "rbi:8c3b1c26087b634e16c4",
      "geometry": {
        "type": "LineString",
        "coordinates": [
          [
            107.14945121700003,
            -6.258122506999937
          ],
          [
            107.14949516000007,
            -6.25821119899996
          ],
          [
            107.14975558600008,
            -6.258485878999975
          ],
          [
            107.15002129900006,
            -6.258641678999935
          ],
          [
            107.15092198800006,
            -6.258987772999944
          ],
          [
            107.15100981400008,
            -6.25901787799995
          ],
          [
            107.15137534600008,
            -6.259143156999924
          ],
          [
            107.15188180100007,
            -6.2594077869999305
          ],
          [
            107.15194485400009,
            -6.25949699699993
          ],
          [
            107.15191871400005,
            -6.259621746999926
          ],
          [
            107.15191430600005,
            -6.259838244999968
          ],
          [
            107.15196332400008,
            -6.259921699999951
          ],
          [
            107.15212508200007,
            -6.260008669999934
          ],
          [
            107.15267098300006,
            -6.260196812999938
          ],
          [
            107.15267734246672,
            -6.260199435141745
          ]
        ]
      },
      "properties": {
        "OBJECTID_1": 136554,
        "OBJECTID_2": 157465,
        "OBJECTID": 51828,
        "NAMOBJ": " ",
        "FCODE": "CA02060160",
        "REMARK": "Jalan Lain",
        "METADATA": "RBI25KPROVINSIJABAR",
        "SRS_ID": "4326",
        "ARHRJL": 0,
        "AUTRJL": 0,
        "FGSRJL": 0,
        "JARRJL": 0,
        "JPARJL": 0,
        "KLLRJL": " ",
        "KONRJL": 0,
        "KPMSTR": 0.0,
        "LKONOF": " ",
        "LKSBSP": " ",
        "LKSRTA": " ",
        "LLHRRT": 0.0,
        "LOCRJL": 0,
        "LBRBHJ": 0.0,
        "LBRJLN": 0.0,
        "MATRJL": 0,
        "MEDRJL": 0,
        "SPCRJL": 0,
        "STARJL": 0,
        "TOLRJL": 0,
        "UTKRJL": 0,
        "VLCPRT": 0.0,
        "WLYRJL": 0,
        "TGL_SK": null,
        "JLNLYG": 0,
        "KLSRJL": 0,
        "SHAPE_Leng": 0.00831041790956,
        "OBJECTID_3": 0,
        "Join_Count": 0,
        "TARGET_FID": 0,
        "NOMOR_PETA": " ",
        "No_urut": 0.0,
        "Shape_Le_1": 0.0,
        "KET": " ",
        "LAYER": " ",
        "KET_META": " ",
        "ORIG_FID": 0,
        "Shape_Le_2": 0.00831041790956,
        "Keterangan": " ",
        "Lebar": " ",
        "Shape_Le_3": 0.00831041790956,
        "Shape_Length": 0.008310417909558752,
        "dataset_role": "rbi_reference",
        "source_file": "25k st cikarang.zip",
        "source_layer": "JALAN_LN_25K",
        "radius_m": 1000,
        "geometry_clipped": true,
        "center_status": "unverified_geocoded_station_reference"
      }
    },
    {
      "type": "Feature",
      "id": "rbi:a4a40ae24ca8969e489f",
      "geometry": {
        "type": "LineString",
        "coordinates": [
          [
            107.14538514900005,
            -6.262462382999955
          ],
          [
            107.14536807100006,
            -6.2625058179999655
          ],
          [
            107.14525494000009,
            -6.262904717999959
          ],
          [
            107.14513029900007,
            -6.2631709229999615
          ],
          [
            107.14497547700007,
            -6.263360183999964
          ],
          [
            107.14493628400004,
            -6.263408102999963
          ],
          [
            107.14474268800006,
            -6.263663686999962
          ],
          [
            107.14446453200009,
            -6.264138520999952
          ]
        ]
      },
      "properties": {
        "OBJECTID_1": 136555,
        "OBJECTID_2": 157467,
        "OBJECTID": 51830,
        "NAMOBJ": " ",
        "FCODE": "CA02060160",
        "REMARK": "Jalan Lain",
        "METADATA": "RBI25KPROVINSIJABAR",
        "SRS_ID": "4326",
        "ARHRJL": 0,
        "AUTRJL": 0,
        "FGSRJL": 0,
        "JARRJL": 0,
        "JPARJL": 0,
        "KLLRJL": " ",
        "KONRJL": 0,
        "KPMSTR": 0.0,
        "LKONOF": " ",
        "LKSBSP": " ",
        "LKSRTA": " ",
        "LLHRRT": 0.0,
        "LOCRJL": 0,
        "LBRBHJ": 0.0,
        "LBRJLN": 0.0,
        "MATRJL": 0,
        "MEDRJL": 0,
        "SPCRJL": 0,
        "STARJL": 0,
        "TOLRJL": 0,
        "UTKRJL": 0,
        "VLCPRT": 0.0,
        "WLYRJL": 0,
        "TGL_SK": null,
        "JLNLYG": 0,
        "KLSRJL": 0,
        "SHAPE_Leng": 0.00193260408155,
        "OBJECTID_3": 0,
        "Join_Count": 0,
        "TARGET_FID": 0,
        "NOMOR_PETA": " ",
        "No_urut": 0.0,
        "Shape_Le_1": 0.0,
        "KET": " ",
        "LAYER": " ",
        "KET_META": " ",
        "ORIG_FID": 0,
        "Shape_Le_2": 0.00193260408155,
        "Keterangan": " ",
        "Lebar": " ",
        "Shape_Le_3": 0.00193260408155,
        "Shape_Length": 0.0019326040815481442,
        "dataset_role": "rbi_reference",
        "source_file": "25k st cikarang.zip",
        "source_layer": "JALAN_LN_25K",
        "radius_m": 1000,
        "geometry_clipped": false,
        "center_status": "unverified_geocoded_station_reference"
      }
    },
    {
      "type": "Feature",
      "id": "rbi:71c3629043c0e80d8384",
      "geometry": {
        "type": "LineString",
        "coordinates": [
          [
            107.14982423426999,
            -6.26300575962656
          ],
          [
            107.14960889700008,
            -6.262923814999964
          ],
          [
            107.14924006700005,
            -6.262755058999969
          ],
          [
            107.14885287100009,
            -6.262584125999979
          ],
          [
            107.14840213200006,
            -6.2624204679999576
          ],
          [
            107.14838934500006,
            -6.2621985969999505
          ],
          [
            107.14833179100003,
            -6.262097557999937
          ],
          [
            107.1475432060001,
            -6.261805747999973
          ],
          [
            107.14714282000007,
            -6.261820187999945
          ],
          [
            107.14712688200008,
            -6.261822033999977
          ]
        ]
      },
      "properties": {
        "OBJECTID_1": 136665,
        "OBJECTID_2": 157583,
        "OBJECTID": 51951,
        "NAMOBJ": " ",
        "FCODE": "CA02060160",
        "REMARK": "Jalan Lain",
        "METADATA": "RBI25KPROVINSIJABAR",
        "SRS_ID": "4326",
        "ARHRJL": 0,
        "AUTRJL": 0,
        "FGSRJL": 0,
        "JARRJL": 0,
        "JPARJL": 0,
        "KLLRJL": " ",
        "KONRJL": 0,
        "KPMSTR": 0.0,
        "LKONOF": " ",
        "LKSBSP": " ",
        "LKSRTA": " ",
        "LLHRRT": 0.0,
        "LOCRJL": 0,
        "LBRBHJ": 0.0,
        "LBRJLN": 0.0,
        "MATRJL": 0,
        "MEDRJL": 0,
        "SPCRJL": 0,
        "STARJL": 0,
        "TOLRJL": 0,
        "UTKRJL": 0,
        "VLCPRT": 0.0,
        "WLYRJL": 0,
        "TGL_SK": null,
        "JLNLYG": 0,
        "KLSRJL": 0,
        "SHAPE_Leng": 0.00635916159041,
        "OBJECTID_3": 0,
        "Join_Count": 0,
        "TARGET_FID": 0,
        "NOMOR_PETA": " ",
        "No_urut": 0.0,
        "Shape_Le_1": 0.0,
        "KET": " ",
        "LAYER": " ",
        "KET_META": " ",
        "ORIG_FID": 0,
        "Shape_Le_2": 0.00635916159041,
        "Keterangan": " ",
        "Lebar": " ",
        "Shape_Le_3": 0.00635916159041,
        "Shape_Length": 0.006359161590406136,
        "dataset_role": "rbi_reference",
        "source_file": "25k st cikarang.zip",
        "source_layer": "JALAN_LN_25K",
        "radius_m": 1000,
        "geometry_clipped": true,
        "center_status": "unverified_geocoded_station_reference"
      }
    },
    {
      "type": "Feature",
      "id": "rbi:643aed904b821a08a6f9",
      "geometry": {
        "type": "LineString",
        "coordinates": [
          [
            107.14507593400003,
            -6.251657252999962
          ],
          [
            107.14442681500009,
            -6.252265790999957
          ],
          [
            107.14420140000004,
            -6.252407535999965
          ],
          [
            107.14383788200007,
            -6.2526821629999745
          ],
          [
            107.14338562800003,
            -6.253097778999971
          ],
          [
            107.14334555800009,
            -6.253134399999965
          ],
          [
            107.14318865200005,
            -6.253379509999944
          ],
          [
            107.14305261900006,
            -6.253672490999976
          ],
          [
            107.14290863500008,
            -6.254027093999978
          ],
          [
            107.14287496800006,
            -6.2541230829999686
          ],
          [
            107.14285502500009,
            -6.2541728839999555
          ],
          [
            107.14258752900008,
            -6.254862688999936
          ],
          [
            107.14248346700003,
            -6.255395190999936
          ],
          [
            107.14245575000008,
            -6.255831783999953
          ]
        ]
      },
      "properties": {
        "OBJECTID_1": 136764,
        "OBJECTID_2": 157700,
        "OBJECTID": 52068,
        "NAMOBJ": " ",
        "FCODE": "CA02060160",
        "REMARK": "Jalan Lokal",
        "METADATA": "RBI25KPROVINSIJABAR",
        "SRS_ID": "4326",
        "ARHRJL": 0,
        "AUTRJL": 0,
        "FGSRJL": 0,
        "JARRJL": 0,
        "JPARJL": 0,
        "KLLRJL": " ",
        "KONRJL": 0,
        "KPMSTR": 0.0,
        "LKONOF": " ",
        "LKSBSP": " ",
        "LKSRTA": " ",
        "LLHRRT": 0.0,
        "LOCRJL": 0,
        "LBRBHJ": 0.0,
        "LBRJLN": 0.0,
        "MATRJL": 0,
        "MEDRJL": 0,
        "SPCRJL": 0,
        "STARJL": 0,
        "TOLRJL": 0,
        "UTKRJL": 0,
        "VLCPRT": 0.0,
        "WLYRJL": 0,
        "TGL_SK": null,
        "JLNLYG": 0,
        "KLSRJL": 0,
        "SHAPE_Leng": 0.00515217859174,
        "OBJECTID_3": 0,
        "Join_Count": 0,
        "TARGET_FID": 0,
        "NOMOR_PETA": " ",
        "No_urut": 0.0,
        "Shape_Le_1": 0.0,
        "KET": " ",
        "LAYER": " ",
        "KET_META": " ",
        "ORIG_FID": 0,
        "Shape_Le_2": 0.00515217859174,
        "Keterangan": " ",
        "Lebar": " ",
        "Shape_Le_3": 0.00515217859174,
        "Shape_Length": 0.005152178591737261,
        "dataset_role": "rbi_reference",
        "source_file": "25k st cikarang.zip",
        "source_layer": "JALAN_LN_25K",
        "radius_m": 1000,
        "geometry_clipped": false,
        "center_status": "unverified_geocoded_station_reference"
      }
    },
    {
      "type": "Feature",
      "id": "rbi:121ed2190c32194b5d15",
      "geometry": {
        "type": "LineString",
        "coordinates": [
          [
            107.14124879700005,
            -6.250684495999961
          ],
          [
            107.14096355100008,
            -6.251304284999948
          ],
          [
            107.14073255100004,
            -6.251938795999932
          ],
          [
            107.14043286300006,
            -6.2529037839999555
          ],
          [
            107.14041206000007,
            -6.253150778999953
          ],
          [
            107.14040400300006,
            -6.253199898999978
          ],
          [
            107.14032084100006,
            -6.253847467999946
          ],
          [
            107.14026215000007,
            -6.2543032079999525
          ],
          [
            107.14009196500008,
            -6.255115261999946
          ],
          [
            107.14007033700005,
            -6.2554504729999385
          ],
          [
            107.14000400700007,
            -6.256100377999928
          ],
          [
            107.13994208000008,
            -6.256606899999952
          ],
          [
            107.13983765500006,
            -6.257097412999938
          ],
          [
            107.13982315100009,
            -6.257118498999944
          ]
        ]
      },
      "properties": {
        "OBJECTID_1": 136765,
        "OBJECTID_2": 157701,
        "OBJECTID": 52069,
        "NAMOBJ": " ",
        "FCODE": "CA02060160",
        "REMARK": "Jalan Lokal",
        "METADATA": "RBI25KPROVINSIJABAR",
        "SRS_ID": "4326",
        "ARHRJL": 0,
        "AUTRJL": 0,
        "FGSRJL": 0,
        "JARRJL": 0,
        "JPARJL": 0,
        "KLLRJL": " ",
        "KONRJL": 0,
        "KPMSTR": 0.0,
        "LKONOF": " ",
        "LKSBSP": " ",
        "LKSRTA": " ",
        "LLHRRT": 0.0,
        "LOCRJL": 0,
        "LBRBHJ": 0.0,
        "LBRJLN": 0.0,
        "MATRJL": 0,
        "MEDRJL": 0,
        "SPCRJL": 0,
        "STARJL": 0,
        "TOLRJL": 0,
        "UTKRJL": 0,
        "VLCPRT": 0.0,
        "WLYRJL": 0,
        "TGL_SK": null,
        "JLNLYG": 0,
        "KLSRJL": 0,
        "SHAPE_Leng": 0.00663429573451,
        "OBJECTID_3": 0,
        "Join_Count": 0,
        "TARGET_FID": 0,
        "NOMOR_PETA": " ",
        "No_urut": 0.0,
        "Shape_Le_1": 0.0,
        "KET": " ",
        "LAYER": " ",
        "KET_META": " ",
        "ORIG_FID": 0,
        "Shape_Le_2": 0.00663429573451,
        "Keterangan": " ",
        "Lebar": " ",
        "Shape_Le_3": 0.00663429573451,
        "Shape_Length": 0.00663429573451275,
        "dataset_role": "rbi_reference",
        "source_file": "25k st cikarang.zip",
        "source_layer": "JALAN_LN_25K",
        "radius_m": 1000,
        "geometry_clipped": false,
        "center_status": "unverified_geocoded_station_reference"
      }
    },
    {
      "type": "Feature",
      "id": "rbi:3b90f1f1254fa5d8ed91",
      "geometry": {
        "type": "LineString",
        "coordinates": [
          [
            107.14681489100008,
            -6.250157748999925
          ],
          [
            107.14680366100005,
            -6.2501906099999465
          ],
          [
            107.14757991500005,
            -6.2515654139999715
          ],
          [
            107.14771512800007,
            -6.251725383999938
          ],
          [
            107.14902391400005,
            -6.252180684999928
          ],
          [
            107.14933701700005,
            -6.252266214999962
          ],
          [
            107.14956276700008,
            -6.25231979399996
          ],
          [
            107.14969500900008,
            -6.252342674999965
          ],
          [
            107.14997208300008,
            -6.252409964999969
          ]
        ]
      },
      "properties": {
        "OBJECTID_1": 136766,
        "OBJECTID_2": 157702,
        "OBJECTID": 52070,
        "NAMOBJ": " ",
        "FCODE": "CA02060160",
        "REMARK": "Jalan Lokal",
        "METADATA": "RBI25KPROVINSIJABAR",
        "SRS_ID": "4326",
        "ARHRJL": 0,
        "AUTRJL": 0,
        "FGSRJL": 0,
        "JARRJL": 0,
        "JPARJL": 0,
        "KLLRJL": " ",
        "KONRJL": 0,
        "KPMSTR": 0.0,
        "LKONOF": " ",
        "LKSBSP": " ",
        "LKSRTA": " ",
        "LLHRRT": 0.0,
        "LOCRJL": 0,
        "LBRBHJ": 0.0,
        "LBRJLN": 0.0,
        "MATRJL": 0,
        "MEDRJL": 0,
        "SPCRJL": 0,
        "STARJL": 0,
        "TOLRJL": 0,
        "UTKRJL": 0,
        "VLCPRT": 0.0,
        "WLYRJL": 0,
        "TGL_SK": null,
        "JLNLYG": 0,
        "KLSRJL": 0,
        "SHAPE_Leng": 0.00418465122137,
        "OBJECTID_3": 0,
        "Join_Count": 0,
        "TARGET_FID": 0,
        "NOMOR_PETA": " ",
        "No_urut": 0.0,
        "Shape_Le_1": 0.0,
        "KET": " ",
        "LAYER": " ",
        "KET_META": " ",
        "ORIG_FID": 0,
        "Shape_Le_2": 0.00418465122137,
        "Keterangan": " ",
        "Lebar": " ",
        "Shape_Le_3": 0.00418465122137,
        "Shape_Length": 0.004184651221368161,
        "dataset_role": "rbi_reference",
        "source_file": "25k st cikarang.zip",
        "source_layer": "JALAN_LN_25K",
        "radius_m": 1000,
        "geometry_clipped": false,
        "center_status": "unverified_geocoded_station_reference"
      }
    },
    {
      "type": "Feature",
      "id": "rbi:d1dab0354d98cc5c3754",
      "geometry": {
        "type": "LineString",
        "coordinates": [
          [
            107.14332581900004,
            -6.249856028999943
          ],
          [
            107.14328009400005,
            -6.2499037019999255
          ],
          [
            107.14316705300007,
            -6.2500004079999485
          ],
          [
            107.14296375300006,
            -6.250174365999952
          ],
          [
            107.14289826000004,
            -6.250230409999973
          ],
          [
            107.14259363500008,
            -6.250467668999933
          ],
          [
            107.14241854700003,
            -6.250480522999965
          ],
          [
            107.14219996800004,
            -6.250421921999931
          ],
          [
            107.14201997300006,
            -6.25037918199996
          ],
          [
            107.14171320100006,
            -6.250306330999932
          ],
          [
            107.14153903300006,
            -6.250325607999967
          ],
          [
            107.14143563900005,
            -6.250411864999933
          ],
          [
            107.14132737200002,
            -6.2505551019999634
          ],
          [
            107.14124879700005,
            -6.250684495999961
          ]
        ]
      },
      "properties": {
        "OBJECTID_1": 136802,
        "OBJECTID_2": 157739,
        "OBJECTID": 52108,
        "NAMOBJ": " ",
        "FCODE": "CA02060160",
        "REMARK": "Jalan Lokal",
        "METADATA": "RBI25KPROVINSIJABAR",
        "SRS_ID": "4326",
        "ARHRJL": 0,
        "AUTRJL": 0,
        "FGSRJL": 0,
        "JARRJL": 0,
        "JPARJL": 0,
        "KLLRJL": " ",
        "KONRJL": 0,
        "KPMSTR": 0.0,
        "LKONOF": " ",
        "LKSBSP": " ",
        "LKSRTA": " ",
        "LLHRRT": 0.0,
        "LOCRJL": 0,
        "LBRBHJ": 0.0,
        "LBRJLN": 0.0,
        "MATRJL": 0,
        "MEDRJL": 0,
        "SPCRJL": 0,
        "STARJL": 0,
        "TOLRJL": 0,
        "UTKRJL": 0,
        "VLCPRT": 0.0,
        "WLYRJL": 0,
        "TGL_SK": null,
        "JLNLYG": 0,
        "KLSRJL": 0,
        "SHAPE_Leng": 0.00249768131122,
        "OBJECTID_3": 0,
        "Join_Count": 0,
        "TARGET_FID": 0,
        "NOMOR_PETA": " ",
        "No_urut": 0.0,
        "Shape_Le_1": 0.0,
        "KET": " ",
        "LAYER": " ",
        "KET_META": " ",
        "ORIG_FID": 0,
        "Shape_Le_2": 0.00249768131122,
        "Keterangan": " ",
        "Lebar": " ",
        "Shape_Le_3": 0.00249768131122,
        "Shape_Length": 0.0024976813112249888,
        "dataset_role": "rbi_reference",
        "source_file": "25k st cikarang.zip",
        "source_layer": "JALAN_LN_25K",
        "radius_m": 1000,
        "geometry_clipped": false,
        "center_status": "unverified_geocoded_station_reference"
      }
    },
    {
      "type": "Feature",
      "id": "rbi:70282d4818edc2eed552",
      "geometry": {
        "type": "LineString",
        "coordinates": [
          [
            107.14681489100008,
            -6.250157748999925
          ],
          [
            107.14616450800008,
            -6.250703545999955
          ],
          [
            107.14543992300008,
            -6.251290098999958
          ],
          [
            107.14507593400003,
            -6.251657252999962
          ]
        ]
      },
      "properties": {
        "OBJECTID_1": 136803,
        "OBJECTID_2": 157740,
        "OBJECTID": 52109,
        "NAMOBJ": " ",
        "FCODE": "CA02060160",
        "REMARK": "Jalan Lokal",
        "METADATA": "RBI25KPROVINSIJABAR",
        "SRS_ID": "4326",
        "ARHRJL": 0,
        "AUTRJL": 0,
        "FGSRJL": 0,
        "JARRJL": 0,
        "JPARJL": 0,
        "KLLRJL": " ",
        "KONRJL": 0,
        "KPMSTR": 0.0,
        "LKONOF": " ",
        "LKSBSP": " ",
        "LKSRTA": " ",
        "LLHRRT": 0.0,
        "LOCRJL": 0,
        "LBRBHJ": 0.0,
        "LBRJLN": 0.0,
        "MATRJL": 0,
        "MEDRJL": 0,
        "SPCRJL": 0,
        "STARJL": 0,
        "TOLRJL": 0,
        "UTKRJL": 0,
        "VLCPRT": 0.0,
        "WLYRJL": 0,
        "TGL_SK": null,
        "JLNLYG": 0,
        "KLSRJL": 0,
        "SHAPE_Leng": 0.00229829293398,
        "OBJECTID_3": 0,
        "Join_Count": 0,
        "TARGET_FID": 0,
        "NOMOR_PETA": " ",
        "No_urut": 0.0,
        "Shape_Le_1": 0.0,
        "KET": " ",
        "LAYER": " ",
        "KET_META": " ",
        "ORIG_FID": 0,
        "Shape_Le_2": 0.00229829293398,
        "Keterangan": " ",
        "Lebar": " ",
        "Shape_Le_3": 0.00229829293398,
        "Shape_Length": 0.002298292933979283,
        "dataset_role": "rbi_reference",
        "source_file": "25k st cikarang.zip",
        "source_layer": "JALAN_LN_25K",
        "radius_m": 1000,
        "geometry_clipped": false,
        "center_status": "unverified_geocoded_station_reference"
      }
    },
    {
      "type": "Feature",
      "id": "rbi:3bb5b65733ea98c4ba1e",
      "geometry": {
        "type": "LineString",
        "coordinates": [
          [
            107.1398115050946,
            -6.262665319300409
          ],
          [
            107.13983991200007,
            -6.262553144999971
          ],
          [
            107.13994172200006,
            -6.2622060269999364
          ],
          [
            107.13999065800004,
            -6.262088017999932
          ]
        ]
      },
      "properties": {
        "OBJECTID_1": 136863,
        "OBJECTID_2": 157803,
        "OBJECTID": 52177,
        "NAMOBJ": " ",
        "FCODE": "CA02060160",
        "REMARK": "Jalan Lokal",
        "METADATA": "RBI25KPROVINSIJABAR",
        "SRS_ID": "4326",
        "ARHRJL": 0,
        "AUTRJL": 0,
        "FGSRJL": 0,
        "JARRJL": 0,
        "JPARJL": 0,
        "KLLRJL": " ",
        "KONRJL": 0,
        "KPMSTR": 0.0,
        "LKONOF": " ",
        "LKSBSP": " ",
        "LKSRTA": " ",
        "LLHRRT": 0.0,
        "LOCRJL": 0,
        "LBRBHJ": 0.0,
        "LBRJLN": 0.0,
        "MATRJL": 0,
        "MEDRJL": 0,
        "SPCRJL": 0,
        "STARJL": 0,
        "TOLRJL": 0,
        "UTKRJL": 0,
        "VLCPRT": 0.0,
        "WLYRJL": 0,
        "TGL_SK": null,
        "JLNLYG": 0,
        "KLSRJL": 0,
        "SHAPE_Leng": 0.0103036765837,
        "OBJECTID_3": 0,
        "Join_Count": 0,
        "TARGET_FID": 0,
        "NOMOR_PETA": " ",
        "No_urut": 0.0,
        "Shape_Le_1": 0.0,
        "KET": " ",
        "LAYER": " ",
        "KET_META": " ",
        "ORIG_FID": 0,
        "Shape_Le_2": 0.0103036765837,
        "Keterangan": " ",
        "Lebar": " ",
        "Shape_Le_3": 0.0103036765837,
        "Shape_Length": 0.010303676583739091,
        "dataset_role": "rbi_reference",
        "source_file": "25k st cikarang.zip",
        "source_layer": "JALAN_LN_25K",
        "radius_m": 1000,
        "geometry_clipped": true,
        "center_status": "unverified_geocoded_station_reference"
      }
    },
    {
      "type": "Feature",
      "id": "rbi:2c3c8437f08871caf9d6",
      "geometry": {
        "type": "LineString",
        "coordinates": [
          [
            107.13999065800004,
            -6.262088017999932
          ],
          [
            107.14003096700009,
            -6.2620432409999545
          ],
          [
            107.14013713800006,
            -6.261861762999957
          ],
          [
            107.14033683100007,
            -6.261432152999927
          ],
          [
            107.14044763100009,
            -6.261162976999969
          ],
          [
            107.14058890700004,
            -6.260697371999983
          ],
          [
            107.14067357700007,
            -6.260516144999941
          ],
          [
            107.14080153200005,
            -6.260402215999933
          ],
          [
            107.14118726600009,
            -6.260259264999946
          ],
          [
            107.14163915900006,
            -6.260101426999938
          ],
          [
            107.14199658800004,
            -6.259960624999957
          ],
          [
            107.14205891600005,
            -6.259941205999947
          ],
          [
            107.14239532500005,
            -6.259836396999957
          ],
          [
            107.14272510400008,
            -6.259678793999967
          ]
        ]
      },
      "properties": {
        "OBJECTID_1": 136864,
        "OBJECTID_2": 157804,
        "OBJECTID": 52178,
        "NAMOBJ": " ",
        "FCODE": "CA02060160",
        "REMARK": "Jalan Lokal",
        "METADATA": "RBI25KPROVINSIJABAR",
        "SRS_ID": "4326",
        "ARHRJL": 0,
        "AUTRJL": 0,
        "FGSRJL": 0,
        "JARRJL": 0,
        "JPARJL": 0,
        "KLLRJL": " ",
        "KONRJL": 0,
        "KPMSTR": 0.0,
        "LKONOF": " ",
        "LKSBSP": " ",
        "LKSRTA": " ",
        "LLHRRT": 0.0,
        "LOCRJL": 0,
        "LBRBHJ": 0.0,
        "LBRJLN": 0.0,
        "MATRJL": 0,
        "MEDRJL": 0,
        "SPCRJL": 0,
        "STARJL": 0,
        "TOLRJL": 0,
        "UTKRJL": 0,
        "VLCPRT": 0.0,
        "WLYRJL": 0,
        "TGL_SK": null,
        "JLNLYG": 0,
        "KLSRJL": 0,
        "SHAPE_Leng": 0.00395060700927,
        "OBJECTID_3": 0,
        "Join_Count": 0,
        "TARGET_FID": 0,
        "NOMOR_PETA": " ",
        "No_urut": 0.0,
        "Shape_Le_1": 0.0,
        "KET": " ",
        "LAYER": " ",
        "KET_META": " ",
        "ORIG_FID": 0,
        "Shape_Le_2": 0.00395060700927,
        "Keterangan": " ",
        "Lebar": " ",
        "Shape_Le_3": 0.00395060700927,
        "Shape_Length": 0.003950607009266345,
        "dataset_role": "rbi_reference",
        "source_file": "25k st cikarang.zip",
        "source_layer": "JALAN_LN_25K",
        "radius_m": 1000,
        "geometry_clipped": false,
        "center_status": "unverified_geocoded_station_reference"
      }
    },
    {
      "type": "Feature",
      "id": "rbi:9d65667d4893947533f1",
      "geometry": {
        "type": "LineString",
        "coordinates": [
          [
            107.14710655200008,
            -6.256427067999937
          ],
          [
            107.14706028500007,
            -6.258563189999962
          ]
        ]
      },
      "properties": {
        "OBJECTID_1": 136882,
        "OBJECTID_2": 157822,
        "OBJECTID": 52196,
        "NAMOBJ": " ",
        "FCODE": "CA02060160",
        "REMARK": "Jalan Lokal",
        "METADATA": "RBI25KPROVINSIJABAR",
        "SRS_ID": "4326",
        "ARHRJL": 0,
        "AUTRJL": 0,
        "FGSRJL": 0,
        "JARRJL": 0,
        "JPARJL": 0,
        "KLLRJL": " ",
        "KONRJL": 0,
        "KPMSTR": 0.0,
        "LKONOF": " ",
        "LKSBSP": " ",
        "LKSRTA": " ",
        "LLHRRT": 0.0,
        "LOCRJL": 0,
        "LBRBHJ": 0.0,
        "LBRJLN": 0.0,
        "MATRJL": 0,
        "MEDRJL": 0,
        "SPCRJL": 0,
        "STARJL": 0,
        "TOLRJL": 0,
        "UTKRJL": 0,
        "VLCPRT": 0.0,
        "WLYRJL": 0,
        "TGL_SK": null,
        "JLNLYG": 0,
        "KLSRJL": 0,
        "SHAPE_Leng": 0.00213662299769,
        "OBJECTID_3": 0,
        "Join_Count": 0,
        "TARGET_FID": 0,
        "NOMOR_PETA": " ",
        "No_urut": 0.0,
        "Shape_Le_1": 0.0,
        "KET": " ",
        "LAYER": " ",
        "KET_META": " ",
        "ORIG_FID": 0,
        "Shape_Le_2": 0.00213662299769,
        "Keterangan": " ",
        "Lebar": " ",
        "Shape_Le_3": 0.00213662299769,
        "Shape_Length": 0.002136622997694941,
        "dataset_role": "rbi_reference",
        "source_file": "25k st cikarang.zip",
        "source_layer": "JALAN_LN_25K",
        "radius_m": 1000,
        "geometry_clipped": false,
        "center_status": "unverified_geocoded_station_reference"
      }
    },
    {
      "type": "Feature",
      "id": "rbi:f7dbd969727b58cc319f",
      "geometry": {
        "type": "LineString",
        "coordinates": [
          [
            107.14706028500007,
            -6.258563189999962
          ],
          [
            107.14705753300007,
            -6.258674691999942
          ],
          [
            107.14706349000005,
            -6.260926564999977
          ],
          [
            107.14706287400008,
            -6.260986005999939
          ],
          [
            107.14712688200008,
            -6.261822033999977
          ]
        ]
      },
      "properties": {
        "OBJECTID_1": 136883,
        "OBJECTID_2": 157823,
        "OBJECTID": 52197,
        "NAMOBJ": " ",
        "FCODE": "CA02060160",
        "REMARK": "Jalan Lokal",
        "METADATA": "RBI25KPROVINSIJABAR",
        "SRS_ID": "4326",
        "ARHRJL": 0,
        "AUTRJL": 0,
        "FGSRJL": 0,
        "JARRJL": 0,
        "JPARJL": 0,
        "KLLRJL": " ",
        "KONRJL": 0,
        "KPMSTR": 0.0,
        "LKONOF": " ",
        "LKSBSP": " ",
        "LKSRTA": " ",
        "LLHRRT": 0.0,
        "LOCRJL": 0,
        "LBRBHJ": 0.0,
        "LBRJLN": 0.0,
        "MATRJL": 0,
        "MEDRJL": 0,
        "SPCRJL": 0,
        "STARJL": 0,
        "TOLRJL": 0,
        "UTKRJL": 0,
        "VLCPRT": 0.0,
        "WLYRJL": 0,
        "TGL_SK": null,
        "JLNLYG": 0,
        "KLSRJL": 0,
        "SHAPE_Leng": 0.00326133573801,
        "OBJECTID_3": 0,
        "Join_Count": 0,
        "TARGET_FID": 0,
        "NOMOR_PETA": " ",
        "No_urut": 0.0,
        "Shape_Le_1": 0.0,
        "KET": " ",
        "LAYER": " ",
        "KET_META": " ",
        "ORIG_FID": 0,
        "Shape_Le_2": 0.00326133573801,
        "Keterangan": " ",
        "Lebar": " ",
        "Shape_Le_3": 0.00326133573801,
        "Shape_Length": 0.0032613357380093513,
        "dataset_role": "rbi_reference",
        "source_file": "25k st cikarang.zip",
        "source_layer": "JALAN_LN_25K",
        "radius_m": 1000,
        "geometry_clipped": false,
        "center_status": "unverified_geocoded_station_reference"
      }
    },
    {
      "type": "Feature",
      "id": "rbi:b40fafb9e8d274262d7c",
      "geometry": {
        "type": "LineString",
        "coordinates": [
          [
            107.14712688200008,
            -6.261822033999977
          ],
          [
            107.14717027200005,
            -6.262730202999932
          ]
        ]
      },
      "properties": {
        "OBJECTID_1": 136884,
        "OBJECTID_2": 157824,
        "OBJECTID": 52198,
        "NAMOBJ": " ",
        "FCODE": "CA02060160",
        "REMARK": "Jalan Lokal",
        "METADATA": "RBI25KPROVINSIJABAR",
        "SRS_ID": "4326",
        "ARHRJL": 0,
        "AUTRJL": 0,
        "FGSRJL": 0,
        "JARRJL": 0,
        "JPARJL": 0,
        "KLLRJL": " ",
        "KONRJL": 0,
        "KPMSTR": 0.0,
        "LKONOF": " ",
        "LKSBSP": " ",
        "LKSRTA": " ",
        "LLHRRT": 0.0,
        "LOCRJL": 0,
        "LBRBHJ": 0.0,
        "LBRJLN": 0.0,
        "MATRJL": 0,
        "MEDRJL": 0,
        "SPCRJL": 0,
        "STARJL": 0,
        "TOLRJL": 0,
        "UTKRJL": 0,
        "VLCPRT": 0.0,
        "WLYRJL": 0,
        "TGL_SK": null,
        "JLNLYG": 0,
        "KLSRJL": 0,
        "SHAPE_Leng": 0.000909204940912,
        "OBJECTID_3": 0,
        "Join_Count": 0,
        "TARGET_FID": 0,
        "NOMOR_PETA": " ",
        "No_urut": 0.0,
        "Shape_Le_1": 0.0,
        "KET": " ",
        "LAYER": " ",
        "KET_META": " ",
        "ORIG_FID": 0,
        "Shape_Le_2": 0.000909204940912,
        "Keterangan": " ",
        "Lebar": " ",
        "Shape_Le_3": 0.000909204940912,
        "Shape_Length": 0.0009092049409121509,
        "dataset_role": "rbi_reference",
        "source_file": "25k st cikarang.zip",
        "source_layer": "JALAN_LN_25K",
        "radius_m": 1000,
        "geometry_clipped": false,
        "center_status": "unverified_geocoded_station_reference"
      }
    },
    {
      "type": "Feature",
      "id": "rbi:28845014f00da5bca018",
      "geometry": {
        "type": "LineString",
        "coordinates": [
          [
            107.14717027200005,
            -6.262730202999932
          ],
          [
            107.14717067800008,
            -6.262827534999928
          ],
          [
            107.1471848660001,
            -6.263078200999926
          ],
          [
            107.14729103100007,
            -6.2637072389999275
          ],
          [
            107.14729924800008,
            -6.263774788999966
          ],
          [
            107.14729252800004,
            -6.2639053079999485
          ]
        ]
      },
      "properties": {
        "OBJECTID_1": 136885,
        "OBJECTID_2": 157825,
        "OBJECTID": 52199,
        "NAMOBJ": " ",
        "FCODE": "CA02060160",
        "REMARK": "Jalan Lokal",
        "METADATA": "RBI25KPROVINSIJABAR",
        "SRS_ID": "4326",
        "ARHRJL": 0,
        "AUTRJL": 0,
        "FGSRJL": 0,
        "JARRJL": 0,
        "JPARJL": 0,
        "KLLRJL": " ",
        "KONRJL": 0,
        "KPMSTR": 0.0,
        "LKONOF": " ",
        "LKSBSP": " ",
        "LKSRTA": " ",
        "LLHRRT": 0.0,
        "LOCRJL": 0,
        "LBRBHJ": 0.0,
        "LBRJLN": 0.0,
        "MATRJL": 0,
        "MEDRJL": 0,
        "SPCRJL": 0,
        "STARJL": 0,
        "TOLRJL": 0,
        "UTKRJL": 0,
        "VLCPRT": 0.0,
        "WLYRJL": 0,
        "TGL_SK": null,
        "JLNLYG": 0,
        "KLSRJL": 0,
        "SHAPE_Leng": 0.00118507389075,
        "OBJECTID_3": 0,
        "Join_Count": 0,
        "TARGET_FID": 0,
        "NOMOR_PETA": " ",
        "No_urut": 0.0,
        "Shape_Le_1": 0.0,
        "KET": " ",
        "LAYER": " ",
        "KET_META": " ",
        "ORIG_FID": 0,
        "Shape_Le_2": 0.00118507389075,
        "Keterangan": " ",
        "Lebar": " ",
        "Shape_Le_3": 0.00118507389075,
        "Shape_Length": 0.0011850738907465935,
        "dataset_role": "rbi_reference",
        "source_file": "25k st cikarang.zip",
        "source_layer": "JALAN_LN_25K",
        "radius_m": 1000,
        "geometry_clipped": false,
        "center_status": "unverified_geocoded_station_reference"
      }
    },
    {
      "type": "Feature",
      "id": "rbi:cfe75196b9297f91a09e",
      "geometry": {
        "type": "LineString",
        "coordinates": [
          [
            107.14729252800004,
            -6.2639053079999485
          ],
          [
            107.14730782949343,
            -6.264075520742823
          ]
        ]
      },
      "properties": {
        "OBJECTID_1": 136886,
        "OBJECTID_2": 157826,
        "OBJECTID": 52200,
        "NAMOBJ": " ",
        "FCODE": "CA02060160",
        "REMARK": "Jalan Lokal",
        "METADATA": "RBI25KPROVINSIJABAR",
        "SRS_ID": "4326",
        "ARHRJL": 0,
        "AUTRJL": 0,
        "FGSRJL": 0,
        "JARRJL": 0,
        "JPARJL": 0,
        "KLLRJL": " ",
        "KONRJL": 0,
        "KPMSTR": 0.0,
        "LKONOF": " ",
        "LKSBSP": " ",
        "LKSRTA": " ",
        "LLHRRT": 0.0,
        "LOCRJL": 0,
        "LBRBHJ": 0.0,
        "LBRJLN": 0.0,
        "MATRJL": 0,
        "MEDRJL": 0,
        "SPCRJL": 0,
        "STARJL": 0,
        "TOLRJL": 0,
        "UTKRJL": 0,
        "VLCPRT": 0.0,
        "WLYRJL": 0,
        "TGL_SK": null,
        "JLNLYG": 0,
        "KLSRJL": 0,
        "SHAPE_Leng": 0.00587689883624,
        "OBJECTID_3": 0,
        "Join_Count": 0,
        "TARGET_FID": 0,
        "NOMOR_PETA": " ",
        "No_urut": 0.0,
        "Shape_Le_1": 0.0,
        "KET": " ",
        "LAYER": " ",
        "KET_META": " ",
        "ORIG_FID": 0,
        "Shape_Le_2": 0.00587689883624,
        "Keterangan": " ",
        "Lebar": " ",
        "Shape_Le_3": 0.00587689883624,
        "Shape_Length": 0.00587689883624206,
        "dataset_role": "rbi_reference",
        "source_file": "25k st cikarang.zip",
        "source_layer": "JALAN_LN_25K",
        "radius_m": 1000,
        "geometry_clipped": true,
        "center_status": "unverified_geocoded_station_reference"
      }
    },
    {
      "type": "Feature",
      "id": "rbi:c028d340bfdc88d4f2b9",
      "geometry": {
        "type": "LineString",
        "coordinates": [
          [
            107.15063028891973,
            -6.248183115653673
          ],
          [
            107.15023070100005,
            -6.248253509999928
          ],
          [
            107.14964173900007,
            -6.248445784999942
          ],
          [
            107.14922456400006,
            -6.248666917999968
          ],
          [
            107.14871936100008,
            -6.2489207279999714
          ],
          [
            107.14823128000008,
            -6.249159768999961
          ],
          [
            107.14744986600004,
            -6.2496796789999385
          ],
          [
            107.14718155400004,
            -6.249866410999972
          ],
          [
            107.14701289500005,
            -6.250000412999953
          ],
          [
            107.14681489100008,
            -6.250157748999925
          ]
        ]
      },
      "properties": {
        "OBJECTID_1": 136982,
        "OBJECTID_2": 157938,
        "OBJECTID": 52313,
        "NAMOBJ": " ",
        "FCODE": "CA02060160",
        "REMARK": "Jalan Lokal",
        "METADATA": "RBI25KPROVINSIJABAR",
        "SRS_ID": "4326",
        "ARHRJL": 0,
        "AUTRJL": 0,
        "FGSRJL": 0,
        "JARRJL": 0,
        "JPARJL": 0,
        "KLLRJL": " ",
        "KONRJL": 0,
        "KPMSTR": 0.0,
        "LKONOF": " ",
        "LKSBSP": " ",
        "LKSRTA": " ",
        "LLHRRT": 0.0,
        "LOCRJL": 0,
        "LBRBHJ": 0.0,
        "LBRJLN": 0.0,
        "MATRJL": 0,
        "MEDRJL": 0,
        "SPCRJL": 0,
        "STARJL": 0,
        "TOLRJL": 0,
        "UTKRJL": 0,
        "VLCPRT": 0.0,
        "WLYRJL": 0,
        "TGL_SK": null,
        "JLNLYG": 0,
        "KLSRJL": 0,
        "SHAPE_Leng": 0.00631775867147,
        "OBJECTID_3": 0,
        "Join_Count": 0,
        "TARGET_FID": 0,
        "NOMOR_PETA": " ",
        "No_urut": 0.0,
        "Shape_Le_1": 0.0,
        "KET": " ",
        "LAYER": " ",
        "KET_META": " ",
        "ORIG_FID": 0,
        "Shape_Le_2": 0.00631775867147,
        "Keterangan": " ",
        "Lebar": " ",
        "Shape_Le_3": 0.00631775867147,
        "Shape_Length": 0.006317758671472415,
        "dataset_role": "rbi_reference",
        "source_file": "25k st cikarang.zip",
        "source_layer": "JALAN_LN_25K",
        "radius_m": 1000,
        "geometry_clipped": true,
        "center_status": "unverified_geocoded_station_reference"
      }
    },
    {
      "type": "Feature",
      "id": "rbi:ac40ec0aa9858f77c4ed",
      "geometry": {
        "type": "LineString",
        "coordinates": [
          [
            107.14427703600006,
            -6.248822916999926
          ],
          [
            107.14418331700006,
            -6.24906427899998
          ],
          [
            107.14409276600009,
            -6.249335929999972
          ],
          [
            107.14405946600004,
            -6.249433426999928
          ],
          [
            107.14398695500006,
            -6.24952529799998
          ],
          [
            107.14397837200005,
            -6.249536171999978
          ],
          [
            107.14374585500008,
            -6.249726290999943
          ],
          [
            107.14344608300007,
            -6.249854950999974
          ],
          [
            107.14334926900005,
            -6.249870975999955
          ],
          [
            107.14332581900004,
            -6.249856028999943
          ]
        ]
      },
      "properties": {
        "OBJECTID_1": 136983,
        "OBJECTID_2": 157939,
        "OBJECTID": 52314,
        "NAMOBJ": " ",
        "FCODE": "CA02060160",
        "REMARK": "Jalan Lokal",
        "METADATA": "RBI25KPROVINSIJABAR",
        "SRS_ID": "4326",
        "ARHRJL": 0,
        "AUTRJL": 0,
        "FGSRJL": 0,
        "JARRJL": 0,
        "JPARJL": 0,
        "KLLRJL": " ",
        "KONRJL": 0,
        "KPMSTR": 0.0,
        "LKONOF": " ",
        "LKSBSP": " ",
        "LKSRTA": " ",
        "LLHRRT": 0.0,
        "LOCRJL": 0,
        "LBRBHJ": 0.0,
        "LBRJLN": 0.0,
        "MATRJL": 0,
        "MEDRJL": 0,
        "SPCRJL": 0,
        "STARJL": 0,
        "TOLRJL": 0,
        "UTKRJL": 0,
        "VLCPRT": 0.0,
        "WLYRJL": 0,
        "TGL_SK": null,
        "JLNLYG": 0,
        "KLSRJL": 0,
        "SHAPE_Leng": 0.0015316876005,
        "OBJECTID_3": 0,
        "Join_Count": 0,
        "TARGET_FID": 0,
        "NOMOR_PETA": " ",
        "No_urut": 0.0,
        "Shape_Le_1": 0.0,
        "KET": " ",
        "LAYER": " ",
        "KET_META": " ",
        "ORIG_FID": 0,
        "Shape_Le_2": 0.0015316876005,
        "Keterangan": " ",
        "Lebar": " ",
        "Shape_Le_3": 0.0015316876005,
        "Shape_Length": 0.0015316876004993144,
        "dataset_role": "rbi_reference",
        "source_file": "25k st cikarang.zip",
        "source_layer": "JALAN_LN_25K",
        "radius_m": 1000,
        "geometry_clipped": false,
        "center_status": "unverified_geocoded_station_reference"
      }
    },
    {
      "type": "Feature",
      "id": "rbi:3057990d0b9ca95ace93",
      "geometry": {
        "type": "LineString",
        "coordinates": [
          [
            107.14427703600006,
            -6.248822916999926
          ],
          [
            107.14460717600008,
            -6.248948347999943
          ],
          [
            107.14502397700005,
            -6.249127139999927
          ],
          [
            107.14533887200008,
            -6.249313552999979
          ],
          [
            107.14538097200005,
            -6.24934508499996
          ],
          [
            107.14552007700007,
            -6.2494339499999665
          ],
          [
            107.14555903400009,
            -6.249452430999953
          ],
          [
            107.14584681900004,
            -6.249752080999941
          ],
          [
            107.14626196000006,
            -6.24977146699996
          ],
          [
            107.14645539800006,
            -6.2498034839999255
          ],
          [
            107.14664933900008,
            -6.249923628999964
          ],
          [
            107.14671765700007,
            -6.250000413999941
          ],
          [
            107.14678966400004,
            -6.250081336999925
          ],
          [
            107.14681517400004,
            -6.250156219999949
          ],
          [
            107.14681489100008,
            -6.250157748999925
          ]
        ]
      },
      "properties": {
        "OBJECTID_1": 136984,
        "OBJECTID_2": 157940,
        "OBJECTID": 52315,
        "NAMOBJ": " ",
        "FCODE": "CA02060160",
        "REMARK": "Jalan Lokal",
        "METADATA": "RBI25KPROVINSIJABAR",
        "SRS_ID": "4326",
        "ARHRJL": 0,
        "AUTRJL": 0,
        "FGSRJL": 0,
        "JARRJL": 0,
        "JPARJL": 0,
        "KLLRJL": " ",
        "KONRJL": 0,
        "KPMSTR": 0.0,
        "LKONOF": " ",
        "LKSBSP": " ",
        "LKSRTA": " ",
        "LLHRRT": 0.0,
        "LOCRJL": 0,
        "LBRBHJ": 0.0,
        "LBRJLN": 0.0,
        "MATRJL": 0,
        "MEDRJL": 0,
        "SPCRJL": 0,
        "STARJL": 0,
        "TOLRJL": 0,
        "UTKRJL": 0,
        "VLCPRT": 0.0,
        "WLYRJL": 0,
        "TGL_SK": null,
        "JLNLYG": 0,
        "KLSRJL": 0,
        "SHAPE_Leng": 0.00298044565129,
        "OBJECTID_3": 0,
        "Join_Count": 0,
        "TARGET_FID": 0,
        "NOMOR_PETA": " ",
        "No_urut": 0.0,
        "Shape_Le_1": 0.0,
        "KET": " ",
        "LAYER": " ",
        "KET_META": " ",
        "ORIG_FID": 0,
        "Shape_Le_2": 0.00298044565129,
        "Keterangan": " ",
        "Lebar": " ",
        "Shape_Le_3": 0.00298044565129,
        "Shape_Length": 0.002980445651286856,
        "dataset_role": "rbi_reference",
        "source_file": "25k st cikarang.zip",
        "source_layer": "JALAN_LN_25K",
        "radius_m": 1000,
        "geometry_clipped": false,
        "center_status": "unverified_geocoded_station_reference"
      }
    },
    {
      "type": "Feature",
      "id": "rbi:a138ae81bdc81ce8de10",
      "geometry": {
        "type": "LineString",
        "coordinates": [
          [
            107.14332581900004,
            -6.249856028999943
          ],
          [
            107.14330785600004,
            -6.249759834999964
          ],
          [
            107.14332236500009,
            -6.249564601999964
          ],
          [
            107.14325644100006,
            -6.249388417999967
          ],
          [
            107.14304862400006,
            -6.249179473999959
          ],
          [
            107.14252550300006,
            -6.248932064999961
          ],
          [
            107.14211708800008,
            -6.248762890999957
          ],
          [
            107.14201316000003,
            -6.248704743999951
          ],
          [
            107.14168115900009,
            -6.2485189769999465
          ],
          [
            107.14111155600006,
            -6.248434927999937
          ],
          [
            107.14020087100005,
            -6.2480537469999735
          ],
          [
            107.1398894896579,
            -6.247906993226318
          ]
        ]
      },
      "properties": {
        "OBJECTID_1": 136986,
        "OBJECTID_2": 157942,
        "OBJECTID": 52317,
        "NAMOBJ": " ",
        "FCODE": "CA02060160",
        "REMARK": "Jalan Lokal",
        "METADATA": "RBI25KPROVINSIJABAR",
        "SRS_ID": "4326",
        "ARHRJL": 0,
        "AUTRJL": 0,
        "FGSRJL": 0,
        "JARRJL": 0,
        "JPARJL": 0,
        "KLLRJL": " ",
        "KONRJL": 0,
        "KPMSTR": 0.0,
        "LKONOF": " ",
        "LKSBSP": " ",
        "LKSRTA": " ",
        "LLHRRT": 0.0,
        "LOCRJL": 0,
        "LBRBHJ": 0.0,
        "LBRJLN": 0.0,
        "MATRJL": 0,
        "MEDRJL": 0,
        "SPCRJL": 0,
        "STARJL": 0,
        "TOLRJL": 0,
        "UTKRJL": 0,
        "VLCPRT": 0.0,
        "WLYRJL": 0,
        "TGL_SK": null,
        "JLNLYG": 0,
        "KLSRJL": 0,
        "SHAPE_Leng": 0.0170998342734,
        "OBJECTID_3": 0,
        "Join_Count": 0,
        "TARGET_FID": 0,
        "NOMOR_PETA": " ",
        "No_urut": 0.0,
        "Shape_Le_1": 0.0,
        "KET": " ",
        "LAYER": " ",
        "KET_META": " ",
        "ORIG_FID": 0,
        "Shape_Le_2": 0.0170998342734,
        "Keterangan": " ",
        "Lebar": " ",
        "Shape_Le_3": 0.0170998342734,
        "Shape_Length": 0.017099834273428892,
        "dataset_role": "rbi_reference",
        "source_file": "25k st cikarang.zip",
        "source_layer": "JALAN_LN_25K",
        "radius_m": 1000,
        "geometry_clipped": true,
        "center_status": "unverified_geocoded_station_reference"
      }
    },
    {
      "type": "Feature",
      "id": "rbi:b21d6605fe11f438fa5c",
      "geometry": {
        "type": "LineString",
        "coordinates": [
          [
            107.14124879700005,
            -6.250684495999961
          ],
          [
            107.14122144300005,
            -6.250640192999978
          ],
          [
            107.14100207100005,
            -6.250440000999959
          ],
          [
            107.14099590500005,
            -6.250436580999972
          ],
          [
            107.14067627700005,
            -6.250259323999956
          ],
          [
            107.14036673300006,
            -6.250071240999943
          ],
          [
            107.14035160000007,
            -6.2500620459999245
          ],
          [
            107.14025550400004,
            -6.250000383999975
          ],
          [
            107.14024512800006,
            -6.249993720999953
          ],
          [
            107.13996240500008,
            -6.2498122989999265
          ],
          [
            107.13981615200004,
            -6.249738259999957
          ],
          [
            107.13954179700005,
            -6.2495993739999545
          ],
          [
            107.13947406600006,
            -6.249565079999968
          ],
          [
            107.13944490700004,
            -6.249550318999981
          ],
          [
            107.13937661200004,
            -6.249403822999968
          ],
          [
            107.13918655400005,
            -6.248918603999925
          ],
          [
            107.13903503300008,
            -6.248890797999932
          ],
          [
            107.13876346060997,
            -6.248840795536517
          ]
        ]
      },
      "properties": {
        "OBJECTID_1": 137042,
        "OBJECTID_2": 158002,
        "OBJECTID": 52377,
        "NAMOBJ": " ",
        "FCODE": "CA02060160",
        "REMARK": "Jalan Lokal",
        "METADATA": "RBI25KPROVINSIJABAR",
        "SRS_ID": "4326",
        "ARHRJL": 0,
        "AUTRJL": 0,
        "FGSRJL": 0,
        "JARRJL": 0,
        "JPARJL": 0,
        "KLLRJL": " ",
        "KONRJL": 0,
        "KPMSTR": 0.0,
        "LKONOF": " ",
        "LKSBSP": " ",
        "LKSRTA": " ",
        "LLHRRT": 0.0,
        "LOCRJL": 0,
        "LBRBHJ": 0.0,
        "LBRJLN": 0.0,
        "MATRJL": 0,
        "MEDRJL": 0,
        "SPCRJL": 0,
        "STARJL": 0,
        "TOLRJL": 0,
        "UTKRJL": 0,
        "VLCPRT": 0.0,
        "WLYRJL": 0,
        "TGL_SK": null,
        "JLNLYG": 0,
        "KLSRJL": 0,
        "SHAPE_Leng": 0.00792289422262,
        "OBJECTID_3": 0,
        "Join_Count": 0,
        "TARGET_FID": 0,
        "NOMOR_PETA": " ",
        "No_urut": 0.0,
        "Shape_Le_1": 0.0,
        "KET": " ",
        "LAYER": " ",
        "KET_META": " ",
        "ORIG_FID": 0,
        "Shape_Le_2": 0.00792289422262,
        "Keterangan": " ",
        "Lebar": " ",
        "Shape_Le_3": 0.00792289422262,
        "Shape_Length": 0.007922894222618104,
        "dataset_role": "rbi_reference",
        "source_file": "25k st cikarang.zip",
        "source_layer": "JALAN_LN_25K",
        "radius_m": 1000,
        "geometry_clipped": true,
        "center_status": "unverified_geocoded_station_reference"
      }
    },
    {
      "type": "Feature",
      "id": "rbi:1ebba09d53f9b553bcf8",
      "geometry": {
        "type": "LineString",
        "coordinates": [
          [
            107.14501974726758,
            -6.246271415620669
          ],
          [
            107.14497450900006,
            -6.246463748999929
          ],
          [
            107.14474996200005,
            -6.247239853999928
          ],
          [
            107.14463537500006,
            -6.247660916999963
          ],
          [
            107.14452195100006,
            -6.2480503709999775
          ],
          [
            107.14453449600006,
            -6.248200528999972
          ],
          [
            107.14461924500006,
            -6.248316193999925
          ],
          [
            107.14466119400004,
            -6.248339553999926
          ]
        ]
      },
      "properties": {
        "OBJECTID_1": 137191,
        "OBJECTID_2": 158153,
        "OBJECTID": 52530,
        "NAMOBJ": " ",
        "FCODE": "CA02060160",
        "REMARK": "Jalan Lain",
        "METADATA": "RBI25KPROVINSIJABAR",
        "SRS_ID": "4326",
        "ARHRJL": 0,
        "AUTRJL": 0,
        "FGSRJL": 0,
        "JARRJL": 0,
        "JPARJL": 0,
        "KLLRJL": " ",
        "KONRJL": 0,
        "KPMSTR": 0.0,
        "LKONOF": " ",
        "LKSBSP": " ",
        "LKSRTA": " ",
        "LLHRRT": 0.0,
        "LOCRJL": 0,
        "LBRBHJ": 0.0,
        "LBRJLN": 0.0,
        "MATRJL": 0,
        "MEDRJL": 0,
        "SPCRJL": 0,
        "STARJL": 0,
        "TOLRJL": 0,
        "UTKRJL": 0,
        "VLCPRT": 0.0,
        "WLYRJL": 0,
        "TGL_SK": null,
        "JLNLYG": 0,
        "KLSRJL": 0,
        "SHAPE_Leng": 0.0052978961901,
        "OBJECTID_3": 0,
        "Join_Count": 0,
        "TARGET_FID": 0,
        "NOMOR_PETA": " ",
        "No_urut": 0.0,
        "Shape_Le_1": 0.0,
        "KET": " ",
        "LAYER": " ",
        "KET_META": " ",
        "ORIG_FID": 0,
        "Shape_Le_2": 0.0052978961901,
        "Keterangan": " ",
        "Lebar": " ",
        "Shape_Le_3": 0.0052978961901,
        "Shape_Length": 0.005297896190098489,
        "dataset_role": "rbi_reference",
        "source_file": "25k st cikarang.zip",
        "source_layer": "JALAN_LN_25K",
        "radius_m": 1000,
        "geometry_clipped": true,
        "center_status": "unverified_geocoded_station_reference"
      }
    },
    {
      "type": "Feature",
      "id": "rbi:674214d8ed0fa4abfdb8",
      "geometry": {
        "type": "LineString",
        "coordinates": [
          [
            107.14076153639922,
            -6.247366940973361
          ],
          [
            107.14141255800007,
            -6.247628994999956
          ],
          [
            107.14200983200004,
            -6.24788657199997
          ],
          [
            107.14335525100005,
            -6.248466773999952
          ],
          [
            107.14391019200008,
            -6.248690638999959
          ],
          [
            107.14427703600006,
            -6.248822916999926
          ]
        ]
      },
      "properties": {
        "OBJECTID_1": 137243,
        "OBJECTID_2": 158206,
        "OBJECTID": 52584,
        "NAMOBJ": " ",
        "FCODE": "CA02060160",
        "REMARK": "Jalan Lokal",
        "METADATA": "RBI25KPROVINSIJABAR",
        "SRS_ID": "4326",
        "ARHRJL": 0,
        "AUTRJL": 0,
        "FGSRJL": 0,
        "JARRJL": 0,
        "JPARJL": 0,
        "KLLRJL": " ",
        "KONRJL": 0,
        "KPMSTR": 0.0,
        "LKONOF": " ",
        "LKSBSP": " ",
        "LKSRTA": " ",
        "LLHRRT": 0.0,
        "LOCRJL": 0,
        "LBRBHJ": 0.0,
        "LBRJLN": 0.0,
        "MATRJL": 0,
        "MEDRJL": 0,
        "SPCRJL": 0,
        "STARJL": 0,
        "TOLRJL": 0,
        "UTKRJL": 0,
        "VLCPRT": 0.0,
        "WLYRJL": 0,
        "TGL_SK": null,
        "JLNLYG": 0,
        "KLSRJL": 0,
        "SHAPE_Leng": 0.00403703021725,
        "OBJECTID_3": 0,
        "Join_Count": 0,
        "TARGET_FID": 0,
        "NOMOR_PETA": " ",
        "No_urut": 0.0,
        "Shape_Le_1": 0.0,
        "KET": " ",
        "LAYER": " ",
        "KET_META": " ",
        "ORIG_FID": 0,
        "Shape_Le_2": 0.00403703021725,
        "Keterangan": " ",
        "Lebar": " ",
        "Shape_Le_3": 0.00403703021725,
        "Shape_Length": 0.004037030217250299,
        "dataset_role": "rbi_reference",
        "source_file": "25k st cikarang.zip",
        "source_layer": "JALAN_LN_25K",
        "radius_m": 1000,
        "geometry_clipped": true,
        "center_status": "unverified_geocoded_station_reference"
      }
    },
    {
      "type": "Feature",
      "id": "rbi:7317ec32fd83de19f7fd",
      "geometry": {
        "type": "LineString",
        "coordinates": [
          [
            107.1462743381852,
            -6.246351475517632
          ],
          [
            107.14623336400008,
            -6.246512582999969
          ],
          [
            107.14593777500005,
            -6.2476205559999585
          ],
          [
            107.14581548900009,
            -6.247956610999948
          ],
          [
            107.14566678700004,
            -6.2481838779999626
          ],
          [
            107.14554611400007,
            -6.248286187999952
          ],
          [
            107.14493033700006,
            -6.248336638999945
          ],
          [
            107.14466119400004,
            -6.248339553999926
          ]
        ]
      },
      "properties": {
        "OBJECTID_1": 137250,
        "OBJECTID_2": 158213,
        "OBJECTID": 52591,
        "NAMOBJ": " ",
        "FCODE": "CA02060160",
        "REMARK": "Jalan Lokal",
        "METADATA": "RBI25KPROVINSIJABAR",
        "SRS_ID": "4326",
        "ARHRJL": 0,
        "AUTRJL": 0,
        "FGSRJL": 0,
        "JARRJL": 0,
        "JPARJL": 0,
        "KLLRJL": " ",
        "KONRJL": 0,
        "KPMSTR": 0.0,
        "LKONOF": " ",
        "LKSBSP": " ",
        "LKSRTA": " ",
        "LLHRRT": 0.0,
        "LOCRJL": 0,
        "LBRBHJ": 0.0,
        "LBRJLN": 0.0,
        "MATRJL": 0,
        "MEDRJL": 0,
        "SPCRJL": 0,
        "STARJL": 0,
        "TOLRJL": 0,
        "UTKRJL": 0,
        "VLCPRT": 0.0,
        "WLYRJL": 0,
        "TGL_SK": null,
        "JLNLYG": 0,
        "KLSRJL": 0,
        "SHAPE_Leng": 0.00386012880919,
        "OBJECTID_3": 0,
        "Join_Count": 0,
        "TARGET_FID": 0,
        "NOMOR_PETA": " ",
        "No_urut": 0.0,
        "Shape_Le_1": 0.0,
        "KET": " ",
        "LAYER": " ",
        "KET_META": " ",
        "ORIG_FID": 0,
        "Shape_Le_2": 0.00386012880919,
        "Keterangan": " ",
        "Lebar": " ",
        "Shape_Le_3": 0.00386012880919,
        "Shape_Length": 0.0038601288091936726,
        "dataset_role": "rbi_reference",
        "source_file": "25k st cikarang.zip",
        "source_layer": "JALAN_LN_25K",
        "radius_m": 1000,
        "geometry_clipped": true,
        "center_status": "unverified_geocoded_station_reference"
      }
    },
    {
      "type": "Feature",
      "id": "rbi:d5fa3b648288b6570efd",
      "geometry": {
        "type": "LineString",
        "coordinates": [
          [
            107.14466119400004,
            -6.248339553999926
          ],
          [
            107.14449573800005,
            -6.2485279629999555
          ],
          [
            107.14431896100007,
            -6.248771461999979
          ],
          [
            107.14427703600006,
            -6.248822916999926
          ]
        ]
      },
      "properties": {
        "OBJECTID_1": 137251,
        "OBJECTID_2": 158214,
        "OBJECTID": 52592,
        "NAMOBJ": " ",
        "FCODE": "CA02060160",
        "REMARK": "Jalan Lokal",
        "METADATA": "RBI25KPROVINSIJABAR",
        "SRS_ID": "4326",
        "ARHRJL": 0,
        "AUTRJL": 0,
        "FGSRJL": 0,
        "JARRJL": 0,
        "JPARJL": 0,
        "KLLRJL": " ",
        "KONRJL": 0,
        "KPMSTR": 0.0,
        "LKONOF": " ",
        "LKSBSP": " ",
        "LKSRTA": " ",
        "LLHRRT": 0.0,
        "LOCRJL": 0,
        "LBRBHJ": 0.0,
        "LBRJLN": 0.0,
        "MATRJL": 0,
        "MEDRJL": 0,
        "SPCRJL": 0,
        "STARJL": 0,
        "TOLRJL": 0,
        "UTKRJL": 0,
        "VLCPRT": 0.0,
        "WLYRJL": 0,
        "TGL_SK": null,
        "JLNLYG": 0,
        "KLSRJL": 0,
        "SHAPE_Leng": 0.00061802053215,
        "OBJECTID_3": 0,
        "Join_Count": 0,
        "TARGET_FID": 0,
        "NOMOR_PETA": " ",
        "No_urut": 0.0,
        "Shape_Le_1": 0.0,
        "KET": " ",
        "LAYER": " ",
        "KET_META": " ",
        "ORIG_FID": 0,
        "Shape_Le_2": 0.00061802053215,
        "Keterangan": " ",
        "Lebar": " ",
        "Shape_Le_3": 0.00061802053215,
        "Shape_Length": 0.0006180205321501355,
        "dataset_role": "rbi_reference",
        "source_file": "25k st cikarang.zip",
        "source_layer": "JALAN_LN_25K",
        "radius_m": 1000,
        "geometry_clipped": false,
        "center_status": "unverified_geocoded_station_reference"
      }
    },
    {
      "type": "Feature",
      "id": "rbi:99b70b7ca007b9e50001",
      "geometry": {
        "type": "LineString",
        "coordinates": [
          [
            107.14272510400008,
            -6.259678793999967
          ],
          [
            107.14290634000008,
            -6.259542254999928
          ],
          [
            107.14302113800005,
            -6.259374545999948
          ],
          [
            107.14307445400004,
            -6.259251971999959
          ],
          [
            107.14325405500006,
            -6.258986799999946
          ],
          [
            107.14331929700006,
            -6.258687426999926
          ],
          [
            107.14330052400004,
            -6.258483424999951
          ],
          [
            107.14314989700006,
            -6.2579864869999255
          ],
          [
            107.14312076500005,
            -6.257745571999976
          ],
          [
            107.14305726100008,
            -6.256949016999953
          ],
          [
            107.14279504800004,
            -6.256024433999926
          ],
          [
            107.14272715200009,
            -6.255876825999961
          ]
        ]
      },
      "properties": {
        "OBJECTID_1": 255401,
        "OBJECTID_2": 281937,
        "OBJECTID": 1908,
        "NAMOBJ": " ",
        "FCODE": "CA02060160",
        "REMARK": "Jalan Arteri",
        "METADATA": "RBI25KPROVINSIJABAR",
        "SRS_ID": "4326",
        "ARHRJL": 0,
        "AUTRJL": 0,
        "FGSRJL": 0,
        "JARRJL": 0,
        "JPARJL": 0,
        "KLLRJL": " ",
        "KONRJL": 0,
        "KPMSTR": 0.0,
        "LKONOF": " ",
        "LKSBSP": " ",
        "LKSRTA": " ",
        "LLHRRT": 0.0,
        "LOCRJL": 0,
        "LBRBHJ": 0.0,
        "LBRJLN": 0.0,
        "MATRJL": 0,
        "MEDRJL": 0,
        "SPCRJL": 0,
        "STARJL": 0,
        "TOLRJL": 0,
        "UTKRJL": 0,
        "VLCPRT": 0.0,
        "WLYRJL": 0,
        "TGL_SK": null,
        "JLNLYG": 0,
        "KLSRJL": 0,
        "SHAPE_Leng": 0.00469408356182,
        "OBJECTID_3": 0,
        "Join_Count": 0,
        "TARGET_FID": 0,
        "NOMOR_PETA": " ",
        "No_urut": 0.0,
        "Shape_Le_1": 0.0,
        "KET": " ",
        "LAYER": " ",
        "KET_META": " ",
        "ORIG_FID": 0,
        "Shape_Le_2": 0.00407988712426,
        "Keterangan": " ",
        "Lebar": " ",
        "Shape_Le_3": 0.00407988712426,
        "Shape_Length": 0.004079887124261615,
        "dataset_role": "rbi_reference",
        "source_file": "25k st cikarang.zip",
        "source_layer": "JALAN_LN_25K",
        "radius_m": 1000,
        "geometry_clipped": false,
        "center_status": "unverified_geocoded_station_reference"
      }
    },
    {
      "type": "Feature",
      "id": "rbi:e0773337eb8eb7629985",
      "geometry": {
        "type": "LineString",
        "coordinates": [
          [
            107.14569162400005,
            -6.259334337999975
          ],
          [
            107.14556434300005,
            -6.259179433999975
          ],
          [
            107.14543477200004,
            -6.258930404999947
          ],
          [
            107.14529751900005,
            -6.258694036999939
          ],
          [
            107.14481979300007,
            -6.25803708099994
          ],
          [
            107.14482076500008,
            -6.258003122999981
          ],
          [
            107.14499435400006,
            -6.257243459999928
          ],
          [
            107.14508886800007,
            -6.256758510999929
          ],
          [
            107.14512372800004,
            -6.256310680999945
          ],
          [
            107.14510586200004,
            -6.2562140619999695
          ]
        ]
      },
      "properties": {
        "OBJECTID_1": 255402,
        "OBJECTID_2": 281938,
        "OBJECTID": 1908,
        "NAMOBJ": " ",
        "FCODE": "CA02060160",
        "REMARK": "Jalan Arteri",
        "METADATA": "RBI25KPROVINSIJABAR",
        "SRS_ID": "4326",
        "ARHRJL": 0,
        "AUTRJL": 0,
        "FGSRJL": 0,
        "JARRJL": 0,
        "JPARJL": 0,
        "KLLRJL": " ",
        "KONRJL": 0,
        "KPMSTR": 0.0,
        "LKONOF": " ",
        "LKSBSP": " ",
        "LKSRTA": " ",
        "LLHRRT": 0.0,
        "LOCRJL": 0,
        "LBRBHJ": 0.0,
        "LBRJLN": 0.0,
        "MATRJL": 0,
        "MEDRJL": 0,
        "SPCRJL": 0,
        "STARJL": 0,
        "TOLRJL": 0,
        "UTKRJL": 0,
        "VLCPRT": 0.0,
        "WLYRJL": 0,
        "TGL_SK": null,
        "JLNLYG": 0,
        "KLSRJL": 0,
        "SHAPE_Leng": 0.00469408356182,
        "OBJECTID_3": 0,
        "Join_Count": 0,
        "TARGET_FID": 0,
        "NOMOR_PETA": " ",
        "No_urut": 0.0,
        "Shape_Le_1": 0.0,
        "KET": " ",
        "LAYER": " ",
        "KET_META": " ",
        "ORIG_FID": 0,
        "Shape_Le_2": 0.00342155704829,
        "Keterangan": " ",
        "Lebar": " ",
        "Shape_Le_3": 0.00342155704829,
        "Shape_Length": 0.0034215570482941104,
        "dataset_role": "rbi_reference",
        "source_file": "25k st cikarang.zip",
        "source_layer": "JALAN_LN_25K",
        "radius_m": 1000,
        "geometry_clipped": false,
        "center_status": "unverified_geocoded_station_reference"
      }
    },
    {
      "type": "Feature",
      "id": "rbi:9f11e0d1ab2835d10ac7",
      "geometry": {
        "type": "LineString",
        "coordinates": [
          [
            107.14710731700008,
            -6.25635356899994
          ],
          [
            107.14674100300005,
            -6.256327521999936
          ],
          [
            107.14577232300007,
            -6.256253223999976
          ],
          [
            107.14510586200004,
            -6.2562140619999695
          ]
        ]
      },
      "properties": {
        "OBJECTID_1": 255403,
        "OBJECTID_2": 281939,
        "OBJECTID": 1908,
        "NAMOBJ": " ",
        "FCODE": "CA02060160",
        "REMARK": "Jalan Arteri",
        "METADATA": "RBI25KPROVINSIJABAR",
        "SRS_ID": "4326",
        "ARHRJL": 0,
        "AUTRJL": 0,
        "FGSRJL": 0,
        "JARRJL": 0,
        "JPARJL": 0,
        "KLLRJL": " ",
        "KONRJL": 0,
        "KPMSTR": 0.0,
        "LKONOF": " ",
        "LKSBSP": " ",
        "LKSRTA": " ",
        "LLHRRT": 0.0,
        "LOCRJL": 0,
        "LBRBHJ": 0.0,
        "LBRJLN": 0.0,
        "MATRJL": 0,
        "MEDRJL": 0,
        "SPCRJL": 0,
        "STARJL": 0,
        "TOLRJL": 0,
        "UTKRJL": 0,
        "VLCPRT": 0.0,
        "WLYRJL": 0,
        "TGL_SK": null,
        "JLNLYG": 0,
        "KLSRJL": 0,
        "SHAPE_Leng": 0.00469408356182,
        "OBJECTID_3": 0,
        "Join_Count": 0,
        "TARGET_FID": 0,
        "NOMOR_PETA": " ",
        "No_urut": 0.0,
        "Shape_Le_1": 0.0,
        "KET": " ",
        "LAYER": " ",
        "KET_META": " ",
        "ORIG_FID": 0,
        "Shape_Le_2": 0.00201481622608,
        "Keterangan": " ",
        "Lebar": " ",
        "Shape_Le_3": 0.00201481622608,
        "Shape_Length": 0.0020063746465197236,
        "dataset_role": "rbi_reference",
        "source_file": "25k st cikarang.zip",
        "source_layer": "JALAN_LN_25K",
        "radius_m": 1000,
        "geometry_clipped": false,
        "center_status": "unverified_geocoded_station_reference"
      }
    },
    {
      "type": "Feature",
      "id": "rbi:a1af164f3020f3310e73",
      "geometry": {
        "type": "LineString",
        "coordinates": [
          [
            107.14510586200004,
            -6.2562140619999695
          ],
          [
            107.14432248800006,
            -6.256094497999923
          ],
          [
            107.14374418400007,
            -6.255985738999924
          ],
          [
            107.14362827000008,
            -6.25597939599993
          ],
          [
            107.14291709800005,
            -6.255907048999971
          ],
          [
            107.14272715200009,
            -6.255876825999961
          ]
        ]
      },
      "properties": {
        "OBJECTID_1": 255404,
        "OBJECTID_2": 281940,
        "OBJECTID": 1908,
        "NAMOBJ": " ",
        "FCODE": "CA02060160",
        "REMARK": "Jalan Arteri",
        "METADATA": "RBI25KPROVINSIJABAR",
        "SRS_ID": "4326",
        "ARHRJL": 0,
        "AUTRJL": 0,
        "FGSRJL": 0,
        "JARRJL": 0,
        "JPARJL": 0,
        "KLLRJL": " ",
        "KONRJL": 0,
        "KPMSTR": 0.0,
        "LKONOF": " ",
        "LKSBSP": " ",
        "LKSRTA": " ",
        "LLHRRT": 0.0,
        "LOCRJL": 0,
        "LBRBHJ": 0.0,
        "LBRJLN": 0.0,
        "MATRJL": 0,
        "MEDRJL": 0,
        "SPCRJL": 0,
        "STARJL": 0,
        "TOLRJL": 0,
        "UTKRJL": 0,
        "VLCPRT": 0.0,
        "WLYRJL": 0,
        "TGL_SK": null,
        "JLNLYG": 0,
        "KLSRJL": 0,
        "SHAPE_Leng": 0.00469408356182,
        "OBJECTID_3": 0,
        "Join_Count": 0,
        "TARGET_FID": 0,
        "NOMOR_PETA": " ",
        "No_urut": 0.0,
        "Shape_Le_1": 0.0,
        "KET": " ",
        "LAYER": " ",
        "KET_META": " ",
        "ORIG_FID": 0,
        "Shape_Le_2": 0.00240415312786,
        "Keterangan": " ",
        "Lebar": " ",
        "Shape_Le_3": 0.00240415312786,
        "Shape_Length": 0.0024041531278566025,
        "dataset_role": "rbi_reference",
        "source_file": "25k st cikarang.zip",
        "source_layer": "JALAN_LN_25K",
        "radius_m": 1000,
        "geometry_clipped": false,
        "center_status": "unverified_geocoded_station_reference"
      }
    },
    {
      "type": "Feature",
      "id": "rbi:4c28f2f4989937658a41",
      "geometry": {
        "type": "LineString",
        "coordinates": [
          [
            107.14272715200009,
            -6.255876825999961
          ],
          [
            107.14245575000008,
            -6.255831783999953
          ]
        ]
      },
      "properties": {
        "OBJECTID_1": 255405,
        "OBJECTID_2": 281941,
        "OBJECTID": 1908,
        "NAMOBJ": " ",
        "FCODE": "CA02060160",
        "REMARK": "Jalan Arteri",
        "METADATA": "RBI25KPROVINSIJABAR",
        "SRS_ID": "4326",
        "ARHRJL": 0,
        "AUTRJL": 0,
        "FGSRJL": 0,
        "JARRJL": 0,
        "JPARJL": 0,
        "KLLRJL": " ",
        "KONRJL": 0,
        "KPMSTR": 0.0,
        "LKONOF": " ",
        "LKSBSP": " ",
        "LKSRTA": " ",
        "LLHRRT": 0.0,
        "LOCRJL": 0,
        "LBRBHJ": 0.0,
        "LBRJLN": 0.0,
        "MATRJL": 0,
        "MEDRJL": 0,
        "SPCRJL": 0,
        "STARJL": 0,
        "TOLRJL": 0,
        "UTKRJL": 0,
        "VLCPRT": 0.0,
        "WLYRJL": 0,
        "TGL_SK": null,
        "JLNLYG": 0,
        "KLSRJL": 0,
        "SHAPE_Leng": 0.00469408356182,
        "OBJECTID_3": 0,
        "Join_Count": 0,
        "TARGET_FID": 0,
        "NOMOR_PETA": " ",
        "No_urut": 0.0,
        "Shape_Le_1": 0.0,
        "KET": " ",
        "LAYER": " ",
        "KET_META": " ",
        "ORIG_FID": 0,
        "Shape_Le_2": 0.000275114207874,
        "Keterangan": " ",
        "Lebar": " ",
        "Shape_Le_3": 0.000275114207874,
        "Shape_Length": 0.0002751142078743121,
        "dataset_role": "rbi_reference",
        "source_file": "25k st cikarang.zip",
        "source_layer": "JALAN_LN_25K",
        "radius_m": 1000,
        "geometry_clipped": false,
        "center_status": "unverified_geocoded_station_reference"
      }
    },
    {
      "type": "Feature",
      "id": "rbi:ce4762ea573255fc4c14",
      "geometry": {
        "type": "LineString",
        "coordinates": [
          [
            107.13871836300008,
            -6.260567734999938
          ],
          [
            107.13833653206359,
            -6.26134069048771
          ]
        ]
      },
      "properties": {
        "OBJECTID_1": 255406,
        "OBJECTID_2": 281942,
        "OBJECTID": 1909,
        "NAMOBJ": " ",
        "FCODE": "CA02060160",
        "REMARK": "Jalan Arteri",
        "METADATA": "RBI25KPROVINSIJABAR",
        "SRS_ID": "4326",
        "ARHRJL": 0,
        "AUTRJL": 0,
        "FGSRJL": 0,
        "JARRJL": 0,
        "JPARJL": 0,
        "KLLRJL": " ",
        "KONRJL": 0,
        "KPMSTR": 0.0,
        "LKONOF": " ",
        "LKSBSP": " ",
        "LKSRTA": " ",
        "LLHRRT": 0.0,
        "LOCRJL": 0,
        "LBRBHJ": 0.0,
        "LBRJLN": 0.0,
        "MATRJL": 0,
        "MEDRJL": 0,
        "SPCRJL": 0,
        "STARJL": 0,
        "TOLRJL": 0,
        "UTKRJL": 0,
        "VLCPRT": 0.0,
        "WLYRJL": 0,
        "TGL_SK": null,
        "JLNLYG": 0,
        "KLSRJL": 0,
        "SHAPE_Leng": 0.00794943828851,
        "OBJECTID_3": 0,
        "Join_Count": 0,
        "TARGET_FID": 0,
        "NOMOR_PETA": " ",
        "No_urut": 0.0,
        "Shape_Le_1": 0.0,
        "KET": " ",
        "LAYER": " ",
        "KET_META": " ",
        "ORIG_FID": 0,
        "Shape_Le_2": 0.00123412922383,
        "Keterangan": " ",
        "Lebar": " ",
        "Shape_Le_3": 0.00123412922383,
        "Shape_Length": 0.001234129223832579,
        "dataset_role": "rbi_reference",
        "source_file": "25k st cikarang.zip",
        "source_layer": "JALAN_LN_25K",
        "radius_m": 1000,
        "geometry_clipped": true,
        "center_status": "unverified_geocoded_station_reference"
      }
    },
    {
      "type": "Feature",
      "id": "rbi:0d46c95341787f2f0fc9",
      "geometry": {
        "type": "LineString",
        "coordinates": [
          [
            107.13871836300008,
            -6.260567734999938
          ],
          [
            107.13860182300004,
            -6.26062554999993
          ],
          [
            107.13805606600005,
            -6.260559729999954
          ],
          [
            107.13803085000006,
            -6.260519173999968
          ],
          [
            107.1376536724566,
            -6.260475558155084
          ]
        ]
      },
      "properties": {
        "OBJECTID_1": 255407,
        "OBJECTID_2": 281943,
        "OBJECTID": 1909,
        "NAMOBJ": " ",
        "FCODE": "CA02060160",
        "REMARK": "Jalan Arteri",
        "METADATA": "RBI25KPROVINSIJABAR",
        "SRS_ID": "4326",
        "ARHRJL": 0,
        "AUTRJL": 0,
        "FGSRJL": 0,
        "JARRJL": 0,
        "JPARJL": 0,
        "KLLRJL": " ",
        "KONRJL": 0,
        "KPMSTR": 0.0,
        "LKONOF": " ",
        "LKSBSP": " ",
        "LKSRTA": " ",
        "LLHRRT": 0.0,
        "LOCRJL": 0,
        "LBRBHJ": 0.0,
        "LBRJLN": 0.0,
        "MATRJL": 0,
        "MEDRJL": 0,
        "SPCRJL": 0,
        "STARJL": 0,
        "TOLRJL": 0,
        "UTKRJL": 0,
        "VLCPRT": 0.0,
        "WLYRJL": 0,
        "TGL_SK": null,
        "JLNLYG": 0,
        "KLSRJL": 0,
        "SHAPE_Leng": 0.00794943828851,
        "OBJECTID_3": 0,
        "Join_Count": 0,
        "TARGET_FID": 0,
        "NOMOR_PETA": " ",
        "No_urut": 0.0,
        "Shape_Le_1": 0.0,
        "KET": " ",
        "LAYER": " ",
        "KET_META": " ",
        "ORIG_FID": 0,
        "Shape_Le_2": 0.00693519076999,
        "Keterangan": " ",
        "Lebar": " ",
        "Shape_Le_3": 0.00693519076999,
        "Shape_Length": 0.00693519076998623,
        "dataset_role": "rbi_reference",
        "source_file": "25k st cikarang.zip",
        "source_layer": "JALAN_LN_25K",
        "radius_m": 1000,
        "geometry_clipped": true,
        "center_status": "unverified_geocoded_station_reference"
      }
    },
    {
      "type": "Feature",
      "id": "rbi:3510dcb0e2f4c728f4d1",
      "geometry": {
        "type": "LineString",
        "coordinates": [
          [
            107.13932489000007,
            -6.259228077999981
          ],
          [
            107.13915371700004,
            -6.259613410999974
          ],
          [
            107.13886420200005,
            -6.260288353999953
          ],
          [
            107.13871836300008,
            -6.260567734999938
          ]
        ]
      },
      "properties": {
        "OBJECTID_1": 255408,
        "OBJECTID_2": 281944,
        "OBJECTID": 1909,
        "NAMOBJ": " ",
        "FCODE": "CA02060160",
        "REMARK": "Jalan Arteri",
        "METADATA": "RBI25KPROVINSIJABAR",
        "SRS_ID": "4326",
        "ARHRJL": 0,
        "AUTRJL": 0,
        "FGSRJL": 0,
        "JARRJL": 0,
        "JPARJL": 0,
        "KLLRJL": " ",
        "KONRJL": 0,
        "KPMSTR": 0.0,
        "LKONOF": " ",
        "LKSBSP": " ",
        "LKSRTA": " ",
        "LLHRRT": 0.0,
        "LOCRJL": 0,
        "LBRBHJ": 0.0,
        "LBRJLN": 0.0,
        "MATRJL": 0,
        "MEDRJL": 0,
        "SPCRJL": 0,
        "STARJL": 0,
        "TOLRJL": 0,
        "UTKRJL": 0,
        "VLCPRT": 0.0,
        "WLYRJL": 0,
        "TGL_SK": null,
        "JLNLYG": 0,
        "KLSRJL": 0,
        "SHAPE_Leng": 0.00794943828851,
        "OBJECTID_3": 0,
        "Join_Count": 0,
        "TARGET_FID": 0,
        "NOMOR_PETA": " ",
        "No_urut": 0.0,
        "Shape_Le_1": 0.0,
        "KET": " ",
        "LAYER": " ",
        "KET_META": " ",
        "ORIG_FID": 0,
        "Shape_Le_2": 0.00147121291094,
        "Keterangan": " ",
        "Lebar": " ",
        "Shape_Le_3": 0.00147121291094,
        "Shape_Length": 0.001471212910939143,
        "dataset_role": "rbi_reference",
        "source_file": "25k st cikarang.zip",
        "source_layer": "JALAN_LN_25K",
        "radius_m": 1000,
        "geometry_clipped": false,
        "center_status": "unverified_geocoded_station_reference"
      }
    },
    {
      "type": "Feature",
      "id": "rbi:6dcb29eea32c0707c55d",
      "geometry": {
        "type": "LineString",
        "coordinates": [
          [
            107.13668521816817,
            -6.258677477360819
          ],
          [
            107.13713762200005,
            -6.258806997999953
          ],
          [
            107.13765437400006,
            -6.258934111999961
          ],
          [
            107.13801228400008,
            -6.259022159999971
          ],
          [
            107.13847159500006,
            -6.259062072999937
          ],
          [
            107.13850145800005,
            -6.259067880999964
          ],
          [
            107.13932489000007,
            -6.259228077999981
          ]
        ]
      },
      "properties": {
        "OBJECTID_1": 255409,
        "OBJECTID_2": 281945,
        "OBJECTID": 1909,
        "NAMOBJ": " ",
        "FCODE": "CA02060160",
        "REMARK": "Jalan Arteri",
        "METADATA": "RBI25KPROVINSIJABAR",
        "SRS_ID": "4326",
        "ARHRJL": 0,
        "AUTRJL": 0,
        "FGSRJL": 0,
        "JARRJL": 0,
        "JPARJL": 0,
        "KLLRJL": " ",
        "KONRJL": 0,
        "KPMSTR": 0.0,
        "LKONOF": " ",
        "LKSBSP": " ",
        "LKSRTA": " ",
        "LLHRRT": 0.0,
        "LOCRJL": 0,
        "LBRBHJ": 0.0,
        "LBRJLN": 0.0,
        "MATRJL": 0,
        "MEDRJL": 0,
        "SPCRJL": 0,
        "STARJL": 0,
        "TOLRJL": 0,
        "UTKRJL": 0,
        "VLCPRT": 0.0,
        "WLYRJL": 0,
        "TGL_SK": null,
        "JLNLYG": 0,
        "KLSRJL": 0,
        "SHAPE_Leng": 0.00794943828851,
        "OBJECTID_3": 0,
        "Join_Count": 0,
        "TARGET_FID": 0,
        "NOMOR_PETA": " ",
        "No_urut": 0.0,
        "Shape_Le_1": 0.0,
        "KET": " ",
        "LAYER": " ",
        "KET_META": " ",
        "ORIG_FID": 0,
        "Shape_Le_2": 0.00272729627751,
        "Keterangan": " ",
        "Lebar": " ",
        "Shape_Le_3": 0.00272729627751,
        "Shape_Length": 0.0027272962775078315,
        "dataset_role": "rbi_reference",
        "source_file": "25k st cikarang.zip",
        "source_layer": "JALAN_LN_25K",
        "radius_m": 1000,
        "geometry_clipped": true,
        "center_status": "unverified_geocoded_station_reference"
      }
    },
    {
      "type": "Feature",
      "id": "rbi:3b222514935bb81474ab",
      "geometry": {
        "type": "LineString",
        "coordinates": [
          [
            107.14024177500005,
            -6.257332587999938
          ],
          [
            107.13994364200005,
            -6.257938291999948
          ],
          [
            107.13990389100007,
            -6.258002510999971
          ],
          [
            107.13979485300007,
            -6.258227428999931
          ],
          [
            107.13968838600005,
            -6.258447056999955
          ],
          [
            107.13954629700004,
            -6.25878870699995
          ],
          [
            107.13947017200007,
            -6.258971770999947
          ],
          [
            107.13932489000007,
            -6.259228077999981
          ]
        ]
      },
      "properties": {
        "OBJECTID_1": 255410,
        "OBJECTID_2": 281946,
        "OBJECTID": 1909,
        "NAMOBJ": " ",
        "FCODE": "CA02060160",
        "REMARK": "Jalan Arteri",
        "METADATA": "RBI25KPROVINSIJABAR",
        "SRS_ID": "4326",
        "ARHRJL": 0,
        "AUTRJL": 0,
        "FGSRJL": 0,
        "JARRJL": 0,
        "JPARJL": 0,
        "KLLRJL": " ",
        "KONRJL": 0,
        "KPMSTR": 0.0,
        "LKONOF": " ",
        "LKSBSP": " ",
        "LKSRTA": " ",
        "LLHRRT": 0.0,
        "LOCRJL": 0,
        "LBRBHJ": 0.0,
        "LBRJLN": 0.0,
        "MATRJL": 0,
        "MEDRJL": 0,
        "SPCRJL": 0,
        "STARJL": 0,
        "TOLRJL": 0,
        "UTKRJL": 0,
        "VLCPRT": 0.0,
        "WLYRJL": 0,
        "TGL_SK": null,
        "JLNLYG": 0,
        "KLSRJL": 0,
        "SHAPE_Leng": 0.00794943828851,
        "OBJECTID_3": 0,
        "Join_Count": 0,
        "TARGET_FID": 0,
        "NOMOR_PETA": " ",
        "No_urut": 0.0,
        "Shape_Le_1": 0.0,
        "KET": " ",
        "LAYER": " ",
        "KET_META": " ",
        "ORIG_FID": 0,
        "Shape_Le_2": 0.00210755324521,
        "Keterangan": " ",
        "Lebar": " ",
        "Shape_Le_3": 0.00210755324521,
        "Shape_Length": 0.002107553245206918,
        "dataset_role": "rbi_reference",
        "source_file": "25k st cikarang.zip",
        "source_layer": "JALAN_LN_25K",
        "radius_m": 1000,
        "geometry_clipped": false,
        "center_status": "unverified_geocoded_station_reference"
      }
    },
    {
      "type": "Feature",
      "id": "rbi:4b8fcb8b138ca968a918",
      "geometry": {
        "type": "LineString",
        "coordinates": [
          [
            107.13982315100009,
            -6.257118498999944
          ],
          [
            107.13992139800007,
            -6.257192027999961
          ],
          [
            107.14018544200007,
            -6.257326633999979
          ],
          [
            107.14024177500005,
            -6.257332587999938
          ]
        ]
      },
      "properties": {
        "OBJECTID_1": 255411,
        "OBJECTID_2": 281947,
        "OBJECTID": 1909,
        "NAMOBJ": " ",
        "FCODE": "CA02060160",
        "REMARK": "Jalan Arteri",
        "METADATA": "RBI25KPROVINSIJABAR",
        "SRS_ID": "4326",
        "ARHRJL": 0,
        "AUTRJL": 0,
        "FGSRJL": 0,
        "JARRJL": 0,
        "JPARJL": 0,
        "KLLRJL": " ",
        "KONRJL": 0,
        "KPMSTR": 0.0,
        "LKONOF": " ",
        "LKSBSP": " ",
        "LKSRTA": " ",
        "LLHRRT": 0.0,
        "LOCRJL": 0,
        "LBRBHJ": 0.0,
        "LBRJLN": 0.0,
        "MATRJL": 0,
        "MEDRJL": 0,
        "SPCRJL": 0,
        "STARJL": 0,
        "TOLRJL": 0,
        "UTKRJL": 0,
        "VLCPRT": 0.0,
        "WLYRJL": 0,
        "TGL_SK": null,
        "JLNLYG": 0,
        "KLSRJL": 0,
        "SHAPE_Leng": 0.00794943828851,
        "OBJECTID_3": 0,
        "Join_Count": 0,
        "TARGET_FID": 0,
        "NOMOR_PETA": " ",
        "No_urut": 0.0,
        "Shape_Le_1": 0.0,
        "KET": " ",
        "LAYER": " ",
        "KET_META": " ",
        "ORIG_FID": 0,
        "Shape_Le_2": 0.00047573661588,
        "Keterangan": " ",
        "Lebar": " ",
        "Shape_Le_3": 0.00047573661588,
        "Shape_Length": 0.0004757366158800235,
        "dataset_role": "rbi_reference",
        "source_file": "25k st cikarang.zip",
        "source_layer": "JALAN_LN_25K",
        "radius_m": 1000,
        "geometry_clipped": false,
        "center_status": "unverified_geocoded_station_reference"
      }
    },
    {
      "type": "Feature",
      "id": "rbi:b1cdf49c63ca4c6d5844",
      "geometry": {
        "type": "LineString",
        "coordinates": [
          [
            107.14245575000008,
            -6.255831783999953
          ],
          [
            107.14204190700008,
            -6.255766511999981
          ],
          [
            107.14193853600007,
            -6.255750209999971
          ],
          [
            107.14159360000008,
            -6.255752528999947
          ],
          [
            107.14115044500005,
            -6.2558545359999576
          ],
          [
            107.14095879500007,
            -6.255889451999961
          ],
          [
            107.14090761500006,
            -6.255942282999969
          ],
          [
            107.14069291500005,
            -6.256286805999932
          ],
          [
            107.14024177500005,
            -6.257332587999938
          ]
        ]
      },
      "properties": {
        "OBJECTID_1": 255412,
        "OBJECTID_2": 281948,
        "OBJECTID": 1909,
        "NAMOBJ": " ",
        "FCODE": "CA02060160",
        "REMARK": "Jalan Arteri",
        "METADATA": "RBI25KPROVINSIJABAR",
        "SRS_ID": "4326",
        "ARHRJL": 0,
        "AUTRJL": 0,
        "FGSRJL": 0,
        "JARRJL": 0,
        "JPARJL": 0,
        "KLLRJL": " ",
        "KONRJL": 0,
        "KPMSTR": 0.0,
        "LKONOF": " ",
        "LKSBSP": " ",
        "LKSRTA": " ",
        "LLHRRT": 0.0,
        "LOCRJL": 0,
        "LBRBHJ": 0.0,
        "LBRJLN": 0.0,
        "MATRJL": 0,
        "MEDRJL": 0,
        "SPCRJL": 0,
        "STARJL": 0,
        "TOLRJL": 0,
        "UTKRJL": 0,
        "VLCPRT": 0.0,
        "WLYRJL": 0,
        "TGL_SK": null,
        "JLNLYG": 0,
        "KLSRJL": 0,
        "SHAPE_Leng": 0.00794943828851,
        "OBJECTID_3": 0,
        "Join_Count": 0,
        "TARGET_FID": 0,
        "NOMOR_PETA": " ",
        "No_urut": 0.0,
        "Shape_Le_1": 0.0,
        "KET": " ",
        "LAYER": " ",
        "KET_META": " ",
        "ORIG_FID": 0,
        "Shape_Le_2": 0.00313654290854,
        "Keterangan": " ",
        "Lebar": " ",
        "Shape_Le_3": 0.00313654290854,
        "Shape_Length": 0.003136542908536123,
        "dataset_role": "rbi_reference",
        "source_file": "25k st cikarang.zip",
        "source_layer": "JALAN_LN_25K",
        "radius_m": 1000,
        "geometry_clipped": false,
        "center_status": "unverified_geocoded_station_reference"
      }
    },
    {
      "type": "Feature",
      "id": "rbi:5917c11ec91c569bd20f",
      "geometry": {
        "type": "LineString",
        "coordinates": [
          [
            107.15382677855733,
            -6.257559375459106
          ],
          [
            107.15346643300008,
            -6.257575894999946
          ],
          [
            107.15298965400007,
            -6.257626078999975
          ],
          [
            107.15232934700005,
            -6.2577022899999415
          ],
          [
            107.15085899300004,
            -6.257890054999961
          ],
          [
            107.15077624700007,
            -6.2579135479999755
          ],
          [
            107.15057807000005,
            -6.257947043999934
          ],
          [
            107.15034662100004,
            -6.257976297999961
          ],
          [
            107.14954688700004,
            -6.258107090999942
          ],
          [
            107.14947173800006,
            -6.258119384999928
          ],
          [
            107.14945121700003,
            -6.258122506999937
          ]
        ]
      },
      "properties": {
        "OBJECTID_1": 279218,
        "OBJECTID_2": 107879,
        "OBJECTID": 1930,
        "NAMOBJ": " ",
        "FCODE": "CA02060160",
        "REMARK": "Jalan Arteri",
        "METADATA": "RBI25KPROVINSIJABAR",
        "SRS_ID": "4326",
        "ARHRJL": 0,
        "AUTRJL": 0,
        "FGSRJL": 0,
        "JARRJL": 0,
        "JPARJL": 0,
        "KLLRJL": " ",
        "KONRJL": 0,
        "KPMSTR": 0.0,
        "LKONOF": " ",
        "LKSBSP": " ",
        "LKSRTA": " ",
        "LLHRRT": 0.0,
        "LOCRJL": 0,
        "LBRBHJ": 0.0,
        "LBRJLN": 0.0,
        "MATRJL": 0,
        "MEDRJL": 0,
        "SPCRJL": 0,
        "STARJL": 0,
        "TOLRJL": 0,
        "UTKRJL": 0,
        "VLCPRT": 0.0,
        "WLYRJL": 0,
        "TGL_SK": null,
        "JLNLYG": 0,
        "KLSRJL": 0,
        "SHAPE_Leng": 0.00572804892734,
        "OBJECTID_3": 0,
        "Join_Count": 0,
        "TARGET_FID": 0,
        "NOMOR_PETA": " ",
        "No_urut": 0.0,
        "Shape_Le_1": 0.0,
        "KET": " ",
        "LAYER": " ",
        "KET_META": " ",
        "ORIG_FID": 0,
        "Shape_Le_2": 0.00986949374868,
        "Keterangan": " ",
        "Lebar": " ",
        "Shape_Le_3": 0.00572804892734,
        "Shape_Length": 0.005728048927344654,
        "dataset_role": "rbi_reference",
        "source_file": "25k st cikarang.zip",
        "source_layer": "JALAN_LN_25K",
        "radius_m": 1000,
        "geometry_clipped": true,
        "center_status": "unverified_geocoded_station_reference"
      }
    },
    {
      "type": "Feature",
      "id": "rbi:34290f94704ff2127edd",
      "geometry": {
        "type": "LineString",
        "coordinates": [
          [
            107.15391670097583,
            -6.25717337651966
          ],
          [
            107.15386341700008,
            -6.257166709999977
          ],
          [
            107.15209787700007,
            -6.256876515999976
          ]
        ]
      },
      "properties": {
        "OBJECTID_1": 279219,
        "OBJECTID_2": 107879,
        "OBJECTID": 1930,
        "NAMOBJ": " ",
        "FCODE": "CA02060160",
        "REMARK": "Jalan Arteri",
        "METADATA": "RBI25KPROVINSIJABAR",
        "SRS_ID": "4326",
        "ARHRJL": 0,
        "AUTRJL": 0,
        "FGSRJL": 0,
        "JARRJL": 0,
        "JPARJL": 0,
        "KLLRJL": " ",
        "KONRJL": 0,
        "KPMSTR": 0.0,
        "LKONOF": " ",
        "LKSBSP": " ",
        "LKSRTA": " ",
        "LLHRRT": 0.0,
        "LOCRJL": 0,
        "LBRBHJ": 0.0,
        "LBRJLN": 0.0,
        "MATRJL": 0,
        "MEDRJL": 0,
        "SPCRJL": 0,
        "STARJL": 0,
        "TOLRJL": 0,
        "UTKRJL": 0,
        "VLCPRT": 0.0,
        "WLYRJL": 0,
        "TGL_SK": null,
        "JLNLYG": 0,
        "KLSRJL": 0,
        "SHAPE_Leng": 0.00572804892734,
        "OBJECTID_3": 0,
        "Join_Count": 0,
        "TARGET_FID": 0,
        "NOMOR_PETA": " ",
        "No_urut": 0.0,
        "Shape_Le_1": 0.0,
        "KET": " ",
        "LAYER": " ",
        "KET_META": " ",
        "ORIG_FID": 0,
        "Shape_Le_2": 0.00986949374868,
        "Keterangan": " ",
        "Lebar": " ",
        "Shape_Le_3": 0.00308286621964,
        "Shape_Length": 0.003082866219640365,
        "dataset_role": "rbi_reference",
        "source_file": "25k st cikarang.zip",
        "source_layer": "JALAN_LN_25K",
        "radius_m": 1000,
        "geometry_clipped": true,
        "center_status": "unverified_geocoded_station_reference"
      }
    },
    {
      "type": "Feature",
      "id": "rbi:e848ff4bc2587db4a9bc",
      "geometry": {
        "type": "LineString",
        "coordinates": [
          [
            107.15209787700007,
            -6.256876515999976
          ],
          [
            107.15167247000005,
            -6.256806589999938
          ],
          [
            107.15081582800008,
            -6.256668632999945
          ],
          [
            107.15022486100008,
            -6.256597964999969
          ],
          [
            107.14891210400002,
            -6.256343230999958
          ],
          [
            107.14873258600005,
            -6.256335702999934
          ]
        ]
      },
      "properties": {
        "OBJECTID_1": 280163,
        "OBJECTID_2": 157334,
        "OBJECTID": 51691,
        "NAMOBJ": " ",
        "FCODE": "CA02060160",
        "REMARK": "Jalan Lokal",
        "METADATA": "RBI25KPROVINSIJABAR",
        "SRS_ID": "4326",
        "ARHRJL": 0,
        "AUTRJL": 0,
        "FGSRJL": 0,
        "JARRJL": 0,
        "JPARJL": 0,
        "KLLRJL": " ",
        "KONRJL": 0,
        "KPMSTR": 0.0,
        "LKONOF": " ",
        "LKSBSP": " ",
        "LKSRTA": " ",
        "LLHRRT": 0.0,
        "LOCRJL": 0,
        "LBRBHJ": 0.0,
        "LBRJLN": 0.0,
        "MATRJL": 0,
        "MEDRJL": 0,
        "SPCRJL": 0,
        "STARJL": 0,
        "TOLRJL": 0,
        "UTKRJL": 0,
        "VLCPRT": 0.0,
        "WLYRJL": 0,
        "TGL_SK": null,
        "JLNLYG": 0,
        "KLSRJL": 0,
        "SHAPE_Leng": 0.00675133562444,
        "OBJECTID_3": 0,
        "Join_Count": 0,
        "TARGET_FID": 0,
        "NOMOR_PETA": " ",
        "No_urut": 0.0,
        "Shape_Le_1": 0.0,
        "KET": " ",
        "LAYER": " ",
        "KET_META": " ",
        "ORIG_FID": 0,
        "Shape_Le_2": 0.010547546227,
        "Keterangan": " ",
        "Lebar": " ",
        "Shape_Le_3": 0.00341089176844,
        "Shape_Length": 0.0034108917684371656,
        "dataset_role": "rbi_reference",
        "source_file": "25k st cikarang.zip",
        "source_layer": "JALAN_LN_25K",
        "radius_m": 1000,
        "geometry_clipped": false,
        "center_status": "unverified_geocoded_station_reference"
      }
    },
    {
      "type": "Feature",
      "id": "rbi:dda710275f1d66a9c235",
      "geometry": {
        "type": "LineString",
        "coordinates": [
          [
            107.14873258600005,
            -6.256335702999934
          ],
          [
            107.14855988300008,
            -6.256415346999971
          ],
          [
            107.14844816000004,
            -6.256490663999955
          ],
          [
            107.14839114700004,
            -6.256510595999941
          ]
        ]
      },
      "properties": {
        "OBJECTID_1": 280164,
        "OBJECTID_2": 157334,
        "OBJECTID": 51691,
        "NAMOBJ": " ",
        "FCODE": "CA02060160",
        "REMARK": "Jalan Arteri",
        "METADATA": "RBI25KPROVINSIJABAR",
        "SRS_ID": "4326",
        "ARHRJL": 0,
        "AUTRJL": 0,
        "FGSRJL": 0,
        "JARRJL": 0,
        "JPARJL": 0,
        "KLLRJL": " ",
        "KONRJL": 0,
        "KPMSTR": 0.0,
        "LKONOF": " ",
        "LKSBSP": " ",
        "LKSRTA": " ",
        "LLHRRT": 0.0,
        "LOCRJL": 0,
        "LBRBHJ": 0.0,
        "LBRJLN": 0.0,
        "MATRJL": 0,
        "MEDRJL": 0,
        "SPCRJL": 0,
        "STARJL": 0,
        "TOLRJL": 0,
        "UTKRJL": 0,
        "VLCPRT": 0.0,
        "WLYRJL": 0,
        "TGL_SK": null,
        "JLNLYG": 0,
        "KLSRJL": 0,
        "SHAPE_Leng": 0.00675133562444,
        "OBJECTID_3": 0,
        "Join_Count": 0,
        "TARGET_FID": 0,
        "NOMOR_PETA": " ",
        "No_urut": 0.0,
        "Shape_Le_1": 0.0,
        "KET": " ",
        "LAYER": " ",
        "KET_META": " ",
        "ORIG_FID": 0,
        "Shape_Le_2": 0.010547546227,
        "Keterangan": " ",
        "Lebar": " ",
        "Shape_Le_3": 0.000385318834083,
        "Shape_Length": 0.00038531883408298725,
        "dataset_role": "rbi_reference",
        "source_file": "25k st cikarang.zip",
        "source_layer": "JALAN_LN_25K",
        "radius_m": 1000,
        "geometry_clipped": false,
        "center_status": "unverified_geocoded_station_reference"
      }
    },
    {
      "type": "Feature",
      "id": "rbi:ef5acfdf4d0a444a04df",
      "geometry": {
        "type": "LineString",
        "coordinates": [
          [
            107.14507593400003,
            -6.251657252999962
          ],
          [
            107.14511240300004,
            -6.251712428999951
          ],
          [
            107.14599080900007,
            -6.253057167999941
          ],
          [
            107.14613730000008,
            -6.253311090999943
          ],
          [
            107.14636561100008,
            -6.2535447729999305
          ],
          [
            107.1466372070001,
            -6.2537240389999615
          ],
          [
            107.14698698300003,
            -6.253865513999925
          ],
          [
            107.14865398500007,
            -6.2544262109999496
          ],
          [
            107.14874669400007,
            -6.2545196399999545
          ],
          [
            107.14860795200008,
            -6.255092826999941
          ],
          [
            107.14860407100008,
            -6.255312640999933
          ],
          [
            107.14858753700008,
            -6.255497873999959
          ],
          [
            107.14856950200004,
            -6.255722726999977
          ],
          [
            107.14865712300008,
            -6.256231274999947
          ],
          [
            107.14873258600005,
            -6.256335702999934
          ]
        ]
      },
      "properties": {
        "OBJECTID_1": 280165,
        "OBJECTID_2": 157334,
        "OBJECTID": 51691,
        "NAMOBJ": " ",
        "FCODE": "CA02060160",
        "REMARK": "Jalan Lokal",
        "METADATA": "RBI25KPROVINSIJABAR",
        "SRS_ID": "4326",
        "ARHRJL": 0,
        "AUTRJL": 0,
        "FGSRJL": 0,
        "JARRJL": 0,
        "JPARJL": 0,
        "KLLRJL": " ",
        "KONRJL": 0,
        "KPMSTR": 0.0,
        "LKONOF": " ",
        "LKSBSP": " ",
        "LKSRTA": " ",
        "LLHRRT": 0.0,
        "LOCRJL": 0,
        "LBRBHJ": 0.0,
        "LBRJLN": 0.0,
        "MATRJL": 0,
        "MEDRJL": 0,
        "SPCRJL": 0,
        "STARJL": 0,
        "TOLRJL": 0,
        "UTKRJL": 0,
        "VLCPRT": 0.0,
        "WLYRJL": 0,
        "TGL_SK": null,
        "JLNLYG": 0,
        "KLSRJL": 0,
        "SHAPE_Leng": 0.00675133562444,
        "OBJECTID_3": 0,
        "Join_Count": 0,
        "TARGET_FID": 0,
        "NOMOR_PETA": " ",
        "No_urut": 0.0,
        "Shape_Le_1": 0.0,
        "KET": " ",
        "LAYER": " ",
        "KET_META": " ",
        "ORIG_FID": 0,
        "Shape_Le_2": 0.010547546227,
        "Keterangan": " ",
        "Lebar": " ",
        "Shape_Le_3": 0.00675133562444,
        "Shape_Length": 0.00675133562444342,
        "dataset_role": "rbi_reference",
        "source_file": "25k st cikarang.zip",
        "source_layer": "JALAN_LN_25K",
        "radius_m": 1000,
        "geometry_clipped": false,
        "center_status": "unverified_geocoded_station_reference"
      }
    },
    {
      "type": "Feature",
      "id": "rbi:81c7b5ba735a491c0ffc",
      "geometry": {
        "type": "Polygon",
        "coordinates": [
          [
            [
              107.15187944500009,
              -6.250990775999981
            ],
            [
              107.15174142800004,
              -6.250794399999961
            ],
            [
              107.15140404300008,
              -6.250773546999937
            ],
            [
              107.15082271000006,
              -6.250701000999924
            ],
            [
              107.15109469000004,
              -6.250302570999963
            ],
            [
              107.15132773200008,
              -6.250000375999946
            ],
            [
              107.15132802200009,
              -6.249999999999944
            ],
            [
              107.15158559700008,
              -6.24966599499993
            ],
            [
              107.15176975000008,
              -6.249467758999969
            ],
            [
              107.15194376507134,
              -6.249439951899718
            ],
            [
              107.15194470607207,
              -6.249441044695812
            ],
            [
              107.15199565894792,
              -6.2495012718339
            ],
            [
              107.15204608467681,
              -6.249561941616998
            ],
            [
              107.15209597941855,
              -6.249623049425018
            ],
            [
              107.1521453393734,
              -6.249684590604512
            ],
            [
              107.15219416078236,
              -6.249746560469032
            ],
            [
              107.15224243992742,
              -6.249808954299477
            ],
            [
              107.15229017313183,
              -6.2498717673444615
            ],
            [
              107.15233735676046,
              -6.24993499482068
            ],
            [
              107.15238398722,
              -6.249998631913255
            ],
            [
              107.15243006095928,
              -6.2500626737761245
            ],
            [
              107.1524755744695,
              -6.250127115532393
            ],
            [
              107.15252052428453,
              -6.250191952274721
            ],
            [
              107.15256490698113,
              -6.250257179065672
            ],
            [
              107.15260871917933,
              -6.250322790938124
            ],
            [
              107.15265195754249,
              -6.2503887828956115
            ],
            [
              107.15269461877774,
              -6.250455149912735
            ],
            [
              107.15273669963615,
              -6.250521886935528
            ],
            [
              107.15277819691293,
              -6.250588988881842
            ],
            [
              107.1528191074478,
              -6.250656450641741
            ],
            [
              107.1528594281251,
              -6.250724267077885
            ],
            [
              107.15286299406547,
              -6.250730385615853
            ],
            [
              107.15282145600008,
              -6.250951036999936
            ],
            [
              107.15187944500009,
              -6.250990775999981
            ]
          ]
        ]
      },
      "properties": {
        "NAMOBJ": " ",
        "FCODE": "FB03060110",
        "REMARK": "Sawah",
        "METADATA": "RBI25KPROVINSIJABAR",
        "SRS_ID": "4326",
        "JNSSWH": null,
        "TNMSWH": null,
        "SHAPE_Length": 0.008018503802541686,
        "SHAPE_Area": 2.9034993417953536e-06,
        "dataset_role": "rbi_reference",
        "source_file": "25k st cikarang.zip",
        "source_layer": "SAWAH_AR_25K",
        "radius_m": 1000,
        "geometry_clipped": true,
        "center_status": "unverified_geocoded_station_reference"
      }
    },
    {
      "type": "Feature",
      "id": "rbi:4257bc0d8dd68661f342",
      "geometry": {
        "type": "MultiPolygon",
        "coordinates": [
          [
            [
              [
                107.13928105300005,
                -6.248839483999972
              ],
              [
                107.13931278000007,
                -6.249204334999945
              ],
              [
                107.13849374404207,
                -6.249115524118896
              ],
              [
                107.1385184611999,
                -6.249089231846371
              ],
              [
                107.1385729932457,
                -6.249032229710599
              ],
              [
                107.13862802029733,
                -6.248975705938007
              ],
              [
                107.13868353816423,
                -6.248919664832945
              ],
              [
                107.13873954261851,
                -6.248864110663012
              ],
              [
                107.1387960293952,
                -6.24880904765872
              ],
              [
                107.13882216268162,
                -6.248784014096766
              ],
              [
                107.13928105300005,
                -6.248839483999972
              ]
            ]
          ],
          [
            [
              [
                107.13766302000005,
                -6.250520969999967
              ],
              [
                107.13950313600009,
                -6.250917545999924
              ],
              [
                107.13945434000003,
                -6.250562473999935
              ],
              [
                107.13970108300003,
                -6.25000037899997
              ],
              [
                107.13970124900004,
                -6.249999999999942
              ],
              [
                107.13981615100005,
                -6.249738254999956
              ],
              [
                107.13996238200008,
                -6.249812314999928
              ],
              [
                107.14024514800006,
                -6.2499937349999755
              ],
              [
                107.14070643500008,
                -6.249030282999969
              ],
              [
                107.14201615600005,
                -6.249433203999956
              ],
              [
                107.14231591600007,
                -6.249525436999931
              ],
              [
                107.14330783900004,
                -6.2497598219999295
              ],
              [
                107.14332581100007,
                -6.249856004999969
              ],
              [
                107.14328004300006,
                -6.24990373199995
              ],
              [
                107.14316758600008,
                -6.249999999999942
              ],
              [
                107.14316706000005,
                -6.250000449999958
              ],
              [
                107.14316698600004,
                -6.250000448999969
              ],
              [
                107.14296373300004,
                -6.25017435999996
              ],
              [
                107.14257635200003,
                -6.250022650999936
              ],
              [
                107.14242378700003,
                -6.250131007999926
              ],
              [
                107.14201862900005,
                -6.25004101199994
              ],
              [
                107.14183573500007,
                -6.250000362999971
              ],
              [
                107.14183566000007,
                -6.2500003629999705
              ],
              [
                107.14183402300004,
                -6.249999999999942
              ],
              [
                107.14138136900003,
                -6.249899629999958
              ],
              [
                107.14131700200004,
                -6.249999999999942
              ],
              [
                107.14131674700006,
                -6.25000039799994
              ],
              [
                107.14099582100003,
                -6.2504366219999365
              ],
              [
                107.14067619800004,
                -6.250259329999949
              ],
              [
                107.14036681100004,
                -6.250071238999965
              ],
              [
                107.14015393400005,
                -6.250278176999928
              ],
              [
                107.13989447600004,
                -6.251084084999945
              ],
              [
                107.13944434500007,
                -6.252012596999975
              ],
              [
                107.13696720604561,
                -6.251317482650204
              ],
              [
                107.13698620027698,
                -6.25127894170003
              ],
              [
                107.13702169536884,
                -6.251208475956408
              ],
              [
                107.13705780360723,
                -6.251138322851192
              ],
              [
                107.13709452224217,
                -6.251068487726695
              ],
              [
                107.13713184847721,
                -6.250998975901004
              ],
              [
                107.13716977946967,
                -6.250929792667588
              ],
              [
                107.13720831233076,
                -6.250860943294887
              ],
              [
                107.1372474441259,
                -6.250792433025922
              ],
              [
                107.13728717187492,
                -6.250724267077885
              ],
              [
                107.13732749255222,
                -6.250656450641741
              ],
              [
                107.13736840308708,
                -6.250588988881842
              ],
              [
                107.13740990036388,
                -6.250521886935528
              ],
              [
                107.13745198122226,
                -6.250455149912736
              ],
              [
                107.13749464245753,
                -6.250388782895612
              ],
              [
                107.13753788082069,
                -6.250322790938124
              ],
              [
                107.13758169301887,
                -6.250257179065673
              ],
              [
                107.13762607571549,
                -6.250191952274721
              ],
              [
                107.13767102553051,
                -6.250127115532393
              ],
              [
                107.13771653904072,
                -6.2500626737761245
              ],
              [
                107.13776261278,
                -6.249998631913254
              ],
              [
                107.13779113398513,
                -6.249959708718411
              ],
              [
                107.13766302000005,
                -6.250520969999967
              ]
            ]
          ],
          [
            [
              [
                107.13634280300005,
                -6.253448866999975
              ],
              [
                107.13622724207573,
                -6.253467156467169
              ],
              [
                107.13623420529959,
                -6.25343365988328
              ],
              [
                107.13625093863891,
                -6.25335654541949
              ],
              [
                107.1362683438277,
                -6.2532795800130785
              ],
              [
                107.13628641954021,
                -6.25320276952519
              ],
              [
                107.13630516439962,
                -6.253126119805172
              ],
              [
                107.13632457697817,
                -6.253049636690132
              ],
              [
                107.13634465579722,
                -6.2529733260044775
              ],
              [
                107.13636539932746,
                -6.252897193559493
              ],
              [
                107.13638680598892,
                -6.2528212451528775
              ],
              [
                107.1364088741511,
                -6.252745486568319
              ],
              [
                107.13643160213319,
                -6.252669923575043
              ],
              [
                107.13644259613781,
                -6.252634495381968
              ],
              [
                107.13634280300005,
                -6.253448866999975
              ]
            ]
          ]
        ]
      },
      "properties": {
        "NAMOBJ": " ",
        "FCODE": "FB03060110",
        "REMARK": "Sawah",
        "METADATA": "RBI25KPROVINSIJABAR",
        "SRS_ID": "4326",
        "JNSSWH": null,
        "TNMSWH": null,
        "SHAPE_Length": 0.18465786070386814,
        "SHAPE_Area": 0.0002434172537343802,
        "dataset_role": "rbi_reference",
        "source_file": "25k st cikarang.zip",
        "source_layer": "SAWAH_AR_25K",
        "radius_m": 1000,
        "geometry_clipped": true,
        "center_status": "unverified_geocoded_station_reference"
      }
    },
    {
      "type": "Feature",
      "id": "rbi:e6da2e6715aca4f041f6",
      "geometry": {
        "type": "Polygon",
        "coordinates": [
          [
            [
              107.14202729700008,
              -6.252170824999949
            ],
            [
              107.14190698800007,
              -6.2522431689999385
            ],
            [
              107.14184470200007,
              -6.2519292549999355
            ],
            [
              107.14180305700006,
              -6.251782012999969
            ],
            [
              107.14185109700009,
              -6.251487261999952
            ],
            [
              107.14199917600007,
              -6.251338069999972
            ],
            [
              107.14202384800006,
              -6.251323508999974
            ],
            [
              107.14223110800003,
              -6.251200557999935
            ],
            [
              107.14231332200006,
              -6.251231133999965
            ],
            [
              107.14249013700004,
              -6.251406567999936
            ],
            [
              107.14274148600003,
              -6.251720523999947
            ],
            [
              107.14278174800006,
              -6.251765729999931
            ],
            [
              107.14202729700008,
              -6.252170824999949
            ]
          ]
        ]
      },
      "properties": {
        "NAMOBJ": " ",
        "FCODE": "FA03060030",
        "REMARK": "Perkebunan/Kebun",
        "METADATA": "RBI25KPROVINSIJABAR",
        "SRS_ID": "4326",
        "JNSKBNSMS": null,
        "JNSKBNTHN": null,
        "SHAPE_Length": 0.0030477483056260985,
        "SHAPE_Area": 5.792640474583477e-07,
        "dataset_role": "rbi_reference",
        "source_file": "25k st cikarang.zip",
        "source_layer": "PERKEBUNAN_AR_25K",
        "radius_m": 1000,
        "geometry_clipped": false,
        "center_status": "unverified_geocoded_station_reference"
      }
    },
    {
      "type": "Feature",
      "id": "rbi:e03575e9af2036e990d2",
      "geometry": {
        "type": "Polygon",
        "coordinates": [
          [
            [
              107.14646369000008,
              -6.249265211999954
            ],
            [
              107.14676959000008,
              -6.2489088539999775
            ],
            [
              107.14687465100009,
              -6.248696298999961
            ],
            [
              107.14691733600007,
              -6.248458872999946
            ],
            [
              107.14689840700005,
              -6.24827430099998
            ],
            [
              107.14689153100007,
              -6.248250558999927
            ],
            [
              107.14689408000005,
              -6.248199663999968
            ],
            [
              107.1469589960001,
              -6.247824314999947
            ],
            [
              107.1471290460001,
              -6.247436877999973
            ],
            [
              107.14728811300007,
              -6.247242721999953
            ],
            [
              107.14752828900005,
              -6.247045612999954
            ],
            [
              107.14777208000004,
              -6.246949264999955
            ],
            [
              107.14797687900005,
              -6.246973012999946
            ],
            [
              107.14805824900009,
              -6.24701552099998
            ],
            [
              107.1483124313699,
              -6.246872073081707
            ],
            [
              107.14838517118251,
              -6.24690037882945
            ],
            [
              107.1484584151372,
              -6.246929619603024
            ],
            [
              107.1485314013146,
              -6.24695949885512
            ],
            [
              107.14860412415673,
              -6.246990014310429
            ],
            [
              107.14867657812567,
              -6.247021163645189
            ],
            [
              107.148748757704,
              -6.247052944487363
            ],
            [
              107.14882065739516,
              -6.247085354416833
            ],
            [
              107.14889227172392,
              -6.247118390965571
            ],
            [
              107.14896359523678,
              -6.247152051617828
            ],
            [
              107.14903462250237,
              -6.247186333810334
            ],
            [
              107.14910534811187,
              -6.2472212349324865
            ],
            [
              107.14917576667948,
              -6.24725675232655
            ],
            [
              107.14924587284267,
              -6.247292883287856
            ],
            [
              107.14931566126283,
              -6.24732962506502
            ],
            [
              107.14938512662543,
              -6.247366974860136
            ],
            [
              107.14945426364062,
              -6.247404929828997
            ],
            [
              107.14952306704349,
              -6.247443487081319
            ],
            [
              107.14959153159457,
              -6.247482643680943
            ],
            [
              107.14965965208016,
              -6.247522396646074
            ],
            [
              107.1497274233128,
              -6.2475627429494995
            ],
            [
              107.14979484013158,
              -6.2476036795188294
            ],
            [
              107.14986189740257,
              -6.247645203236715
            ],
            [
              107.14992859001929,
              -6.247687310941107
            ],
            [
              107.14999491290293,
              -6.247729999425474
            ],
            [
              107.15006086100288,
              -6.247773265439057
            ],
            [
              107.15012642929706,
              -6.247817105687128
            ],
            [
              107.15019161279234,
              -6.247861516831212
            ],
            [
              107.15020105932952,
              -6.247868074450507
            ],
            [
              107.15008119800007,
              -6.248033354999961
            ],
            [
              107.14914619600006,
              -6.2482198379999545
            ],
            [
              107.14905258100003,
              -6.248407671999926
            ],
            [
              107.14895654700007,
              -6.248513628999945
            ],
            [
              107.14880618500007,
              -6.248559072999965
            ],
            [
              107.14868637400009,
              -6.248515727999973
            ],
            [
              107.14859189500004,
              -6.248363910999953
            ],
            [
              107.14849541300005,
              -6.247721331999969
            ],
            [
              107.14848002600007,
              -6.247656228999972
            ],
            [
              107.14783781300008,
              -6.247687684999959
            ],
            [
              107.14725386500005,
              -6.248014629999943
            ],
            [
              107.14726919300007,
              -6.248485183999946
            ],
            [
              107.14774856100009,
              -6.248963241999946
            ],
            [
              107.14711343000005,
              -6.24939840199994
            ],
            [
              107.14644379300006,
              -6.249281470999961
            ],
            [
              107.14646369000008,
              -6.249265211999954
            ]
          ]
        ]
      },
      "properties": {
        "NAMOBJ": " ",
        "FCODE": "FA03060030",
        "REMARK": "Perkebunan/Kebun",
        "METADATA": "RBI25KPROVINSIJABAR",
        "SRS_ID": "4326",
        "JNSKBNSMS": null,
        "JNSKBNTHN": null,
        "SHAPE_Length": 0.038948509171758995,
        "SHAPE_Area": 1.2621757646428544e-05,
        "dataset_role": "rbi_reference",
        "source_file": "25k st cikarang.zip",
        "source_layer": "PERKEBUNAN_AR_25K",
        "radius_m": 1000,
        "geometry_clipped": true,
        "center_status": "unverified_geocoded_station_reference"
      }
    },
    {
      "type": "Feature",
      "id": "rbi:fa04b1d36ba00c0be0a3",
      "geometry": {
        "type": "Polygon",
        "coordinates": [
          [
            [
              107.14441441400004,
              -6.2501606709999455
            ],
            [
              107.14414156600009,
              -6.250000452999927
            ],
            [
              107.14414149200007,
              -6.25000036299997
            ],
            [
              107.14414087300008,
              -6.249999999999944
            ],
            [
              107.14402687200004,
              -6.249933133999946
            ],
            [
              107.14421498000007,
              -6.24962597299998
            ],
            [
              107.14398684800007,
              -6.249525313999924
            ],
            [
              107.14397840000004,
              -6.2495361939999725
            ],
            [
              107.14374586500008,
              -6.24972631199995
            ],
            [
              107.14344611100006,
              -6.249854971999981
            ],
            [
              107.14334926200007,
              -6.249871003999941
            ],
            [
              107.14332581100007,
              -6.249856004999969
            ],
            [
              107.14330783900004,
              -6.2497598219999295
            ],
            [
              107.14332238900005,
              -6.249564628999961
            ],
            [
              107.14325641600004,
              -6.24938838099996
            ],
            [
              107.14304862700003,
              -6.2491794519999635
            ],
            [
              107.14252550600007,
              -6.2489320409999305
            ],
            [
              107.14211712200004,
              -6.248762881999936
            ],
            [
              107.14201319200002,
              -6.248704737999957
            ],
            [
              107.14168109600007,
              -6.248519000999978
            ],
            [
              107.14111156000008,
              -6.248434914999961
            ],
            [
              107.14020083500009,
              -6.248053776999937
            ],
            [
              107.13988948001298,
              -6.247907000047161
            ],
            [
              107.1398901934752,
              -6.24790649548938
            ],
            [
              107.13995498720767,
              -6.247861516831211
            ],
            [
              107.14002017070294,
              -6.247817105687126
            ],
            [
              107.14008573899713,
              -6.247773265439057
            ],
            [
              107.14015168709709,
              -6.247729999425472
            ],
            [
              107.14021800998071,
              -6.247687310941108
            ],
            [
              107.14028470259744,
              -6.247645203236715
            ],
            [
              107.14032672255618,
              -6.2476191833172114
            ],
            [
              107.14044316400003,
              -6.247670564999964
            ],
            [
              107.14201173300006,
              -6.248346199999955
            ],
            [
              107.14249670700006,
              -6.248555084999963
            ],
            [
              107.14313600900005,
              -6.248869176999961
            ],
            [
              107.14406960800005,
              -6.249269105999928
            ],
            [
              107.14411360900004,
              -6.249281579999944
            ],
            [
              107.14484299600008,
              -6.249564481999926
            ],
            [
              107.14511682500006,
              -6.249728310999956
            ],
            [
              107.14510938900008,
              -6.249840957999935
            ],
            [
              107.14503967300004,
              -6.249999999999944
            ],
            [
              107.14503949500005,
              -6.250000404999978
            ],
            [
              107.14501720500004,
              -6.250051379999946
            ],
            [
              107.14489208900005,
              -6.250150225999959
            ],
            [
              107.14446245000005,
              -6.25039573799995
            ],
            [
              107.14441441400004,
              -6.2501606709999455
            ]
          ]
        ]
      },
      "properties": {
        "NAMOBJ": " ",
        "FCODE": "FA03060090",
        "REMARK": "Tanah Kosong/Gundul",
        "METADATA": "RBI25KPROVINSIJABAR",
        "SRS_ID": "4326",
        "JNSPDG": null,
        "SHAPE_Length": 0.036454925760972076,
        "SHAPE_Area": 6.848260224116483e-06,
        "dataset_role": "rbi_reference",
        "source_file": "25k st cikarang.zip",
        "source_layer": "HERBADANRUMPUT_AR_25K",
        "radius_m": 1000,
        "geometry_clipped": true,
        "center_status": "unverified_geocoded_station_reference"
      }
    },
    {
      "type": "Feature",
      "id": "rbi:1a3fbd1f48ff601cbaf7",
      "geometry": {
        "type": "Polygon",
        "coordinates": [
          [
            [
              107.14141258300003,
              -6.2476290189999295
            ],
            [
              107.14200986400006,
              -6.24788661599996
            ],
            [
              107.14335524100004,
              -6.248466807999933
            ],
            [
              107.14391022400008,
              -6.248690679999925
            ],
            [
              107.14427711300004,
              -6.24882294899993
            ],
            [
              107.14421045800009,
              -6.249009587999978
            ],
            [
              107.14418326800006,
              -6.249064288999932
            ],
            [
              107.14238900700006,
              -6.248320891999982
            ],
            [
              107.14201091900009,
              -6.248146006999945
            ],
            [
              107.14176970800008,
              -6.248034463999943
            ],
            [
              107.14050907159968,
              -6.247509485966503
            ],
            [
              107.14055506840545,
              -6.247482643680942
            ],
            [
              107.14062353295652,
              -6.247443487081319
            ],
            [
              107.14069233635938,
              -6.247404929828998
            ],
            [
              107.14076147337457,
              -6.247366974860135
            ],
            [
              107.14076151858684,
              -6.247366950550631
            ],
            [
              107.14141258300003,
              -6.2476290189999295
            ]
          ]
        ]
      },
      "properties": {
        "NAMOBJ": " ",
        "FCODE": "FA03060090",
        "REMARK": "Tanah Kosong/Gundul",
        "METADATA": "RBI25KPROVINSIJABAR",
        "SRS_ID": "4326",
        "JNSPDG": null,
        "SHAPE_Length": 0.14953793064706614,
        "SHAPE_Area": 2.868612621508206e-05,
        "dataset_role": "rbi_reference",
        "source_file": "25k st cikarang.zip",
        "source_layer": "HERBADANRUMPUT_AR_25K",
        "radius_m": 1000,
        "geometry_clipped": true,
        "center_status": "unverified_geocoded_station_reference"
      }
    },
    {
      "type": "Feature",
      "id": "rbi:85e9b1ade79754be7904",
      "geometry": {
        "type": "Polygon",
        "coordinates": [
          [
            [
              107.15052947000004,
              -6.257633725999937
            ],
            [
              107.15094167800004,
              -6.257479201999955
            ],
            [
              107.15099692200005,
              -6.257508530999929
            ],
            [
              107.15151164000008,
              -6.257792749999961
            ],
            [
              107.15155688500005,
              -6.257817871999973
            ],
            [
              107.15177564900006,
              -6.257939892999957
            ],
            [
              107.15294309300005,
              -6.25846555499993
            ],
            [
              107.15298798400006,
              -6.258476757999973
            ],
            [
              107.15346141553121,
              -6.258677392833065
            ],
            [
              107.1534519413593,
              -6.258701156795448
            ],
            [
              107.15342208249746,
              -6.258774193019408
            ],
            [
              107.15339158783097,
              -6.25884696572418
            ],
            [
              107.15336045968189,
              -6.258919469367735
            ],
            [
              107.15332870042057,
              -6.258991698428526
            ],
            [
              107.15329631246536,
              -6.259063647405919
            ],
            [
              107.15326329828252,
              -6.259135310820609
            ],
            [
              107.15322966038602,
              -6.259206683215035
            ],
            [
              107.15319540133731,
              -6.259277759153791
            ],
            [
              107.15316052374517,
              -6.259348533224055
            ],
            [
              107.15312503026547,
              -6.259419000035987
            ],
            [
              107.15308892360099,
              -6.259489154223142
            ],
            [
              107.1530522065012,
              -6.2595589904428826
            ],
            [
              107.15301488176208,
              -6.2596285033767884
            ],
            [
              107.1529769522259,
              -6.259697687731054
            ],
            [
              107.15293842078096,
              -6.259766538236889
            ],
            [
              107.1528992903614,
              -6.259835049650939
            ],
            [
              107.15285956394702,
              -6.259903216755661
            ],
            [
              107.15281924456298,
              -6.259971034359732
            ],
            [
              107.15277833527962,
              -6.260038497298448
            ],
            [
              107.15273683921217,
              -6.260105600434109
            ],
            [
              107.15269475952059,
              -6.260172338656415
            ],
            [
              107.15267733028335,
              -6.260199454095964
            ],
            [
              107.15267098400005,
              -6.260196837999955
            ],
            [
              107.15212514700005,
              -6.260008642999934
            ],
            [
              107.1519632900001,
              -6.259921726999947
            ],
            [
              107.15191430400007,
              -6.25983823399997
            ],
            [
              107.15191870700006,
              -6.259621753999966
            ],
            [
              107.1519448640001,
              -6.259497010999952
            ],
            [
              107.15188177600005,
              -6.259407791999931
            ],
            [
              107.15137533200006,
              -6.259143151999978
            ],
            [
              107.15100980200005,
              -6.259017845999948
            ],
            [
              107.15096261400005,
              -6.25860897299998
            ],
            [
              107.15057621400007,
              -6.258407650999969
            ],
            [
              107.15034665100006,
              -6.25797629699997
            ],
            [
              107.14954690600007,
              -6.258107098999971
            ],
            [
              107.14983255100009,
              -6.25764281599993
            ],
            [
              107.14985949600003,
              -6.257400663999932
            ],
            [
              107.15052947000004,
              -6.257633725999937
            ]
          ]
        ]
      },
      "properties": {
        "NAMOBJ": " ",
        "FCODE": "FA03060090",
        "REMARK": "Tanah Kosong/Gundul",
        "METADATA": "RBI25KPROVINSIJABAR",
        "SRS_ID": "4326",
        "JNSPDG": null,
        "SHAPE_Length": 0.21630867443662116,
        "SHAPE_Area": 0.00020503015798043535,
        "dataset_role": "rbi_reference",
        "source_file": "25k st cikarang.zip",
        "source_layer": "HERBADANRUMPUT_AR_25K",
        "radius_m": 1000,
        "geometry_clipped": true,
        "center_status": "unverified_geocoded_station_reference"
      }
    },
    {
      "type": "Feature",
      "id": "rbi:ed11ec1f8b8dcef7f0b3",
      "geometry": {
        "type": "Point",
        "coordinates": [
          107.13696927700006,
          -6.258428109999952
        ]
      },
      "properties": {
        "NAMOBJ": " ",
        "FCODE": " ",
        "REMARK": "Gedung/Bangunan",
        "METADATA": null,
        "SRS_ID": " ",
        "JKK": null,
        "JMLHUNI": null,
        "JUNIT": null,
        "STHUNI": null,
        "STSKTN": null,
        "JNSPRM": null,
        "BTKPRM": null,
        "THNOBJ": null,
        "dataset_role": "rbi_reference",
        "source_file": "25k st cikarang.zip",
        "source_layer": "PERUMAHAN_PT_25K",
        "radius_m": 1000,
        "geometry_clipped": false,
        "center_status": "unverified_geocoded_station_reference"
      }
    },
    {
      "type": "Feature",
      "id": "rbi:fa8ef71d088c927ae1be",
      "geometry": {
        "type": "Point",
        "coordinates": [
          107.13971476100005,
          -6.253039190999967
        ]
      },
      "properties": {
        "NAMOBJ": " ",
        "FCODE": " ",
        "REMARK": "Pendidikan/Penelitian Lainnya",
        "METADATA": null,
        "SRS_ID": " ",
        "KODEBP": null,
        "STSPML": null,
        "JJGPDF": 999,
        "JLPDDK": null,
        "JNSPDK": null,
        "FGDPDK": null,
        "dataset_role": "rbi_reference",
        "source_file": "25k st cikarang.zip",
        "source_layer": "PENDIDIKAN_PT_25K",
        "radius_m": 1000,
        "geometry_clipped": false,
        "center_status": "unverified_geocoded_station_reference"
      }
    },
    {
      "type": "Feature",
      "id": "rbi:65b7b06e71e602399985",
      "geometry": {
        "type": "Point",
        "coordinates": [
          107.14765773500005,
          -6.263819876999946
        ]
      },
      "properties": {
        "NAMOBJ": " ",
        "FCODE": " ",
        "REMARK": "Pendidikan/Penelitian Lainnya",
        "METADATA": null,
        "SRS_ID": " ",
        "KODEBP": null,
        "STSPML": null,
        "JJGPDF": 999,
        "JLPDDK": null,
        "JNSPDK": null,
        "FGDPDK": null,
        "dataset_role": "rbi_reference",
        "source_file": "25k st cikarang.zip",
        "source_layer": "PENDIDIKAN_PT_25K",
        "radius_m": 1000,
        "geometry_clipped": false,
        "center_status": "unverified_geocoded_station_reference"
      }
    },
    {
      "type": "Feature",
      "id": "rbi:3c149c6adae5471c4c44",
      "geometry": {
        "type": "Point",
        "coordinates": [
          107.13839063400007,
          -6.260121849999961
        ]
      },
      "properties": {
        "NAMOBJ": " ",
        "FCODE": " ",
        "REMARK": "Kantor Kepala Desa",
        "METADATA": null,
        "SRS_ID": " ",
        "FGSFNP": null,
        "dataset_role": "rbi_reference",
        "source_file": "25k st cikarang.zip",
        "source_layer": "PEMERINTAHAN_PT_25K",
        "radius_m": 1000,
        "geometry_clipped": false,
        "center_status": "unverified_geocoded_station_reference"
      }
    },
    {
      "type": "Feature",
      "id": "rbi:6cf709eeabb0482c387c",
      "geometry": {
        "type": "Point",
        "coordinates": [
          107.14819249500005,
          -6.262855380999952
        ]
      },
      "properties": {
        "NAMOBJ": " ",
        "FCODE": " ",
        "REMARK": "Kantor Kepala Desa",
        "METADATA": null,
        "SRS_ID": " ",
        "FGSFNP": null,
        "dataset_role": "rbi_reference",
        "source_file": "25k st cikarang.zip",
        "source_layer": "PEMERINTAHAN_PT_25K",
        "radius_m": 1000,
        "geometry_clipped": false,
        "center_status": "unverified_geocoded_station_reference"
      }
    },
    {
      "type": "Feature",
      "id": "rbi:653af69f6dc5e5fb6286",
      "geometry": {
        "type": "Point",
        "coordinates": [
          107.14227075700006,
          -6.254506818999971
        ]
      },
      "properties": {
        "NAMOBJ": " ",
        "FCODE": " ",
        "REMARK": "Pusat Bisnis dan Perdagangan Lainnya",
        "METADATA": null,
        "SRS_ID": " ",
        "FGSUSH": null,
        "SRNPDG": null,
        "dataset_role": "rbi_reference",
        "source_file": "25k st cikarang.zip",
        "source_layer": "NIAGA_PT_25K",
        "radius_m": 1000,
        "geometry_clipped": false,
        "center_status": "unverified_geocoded_station_reference"
      }
    },
    {
      "type": "Feature",
      "id": "rbi:2980a3169dd9500d7352",
      "geometry": {
        "type": "Point",
        "coordinates": [
          107.14649473500003,
          -6.256887887999936
        ]
      },
      "properties": {
        "NAMOBJ": " ",
        "FCODE": " ",
        "REMARK": "Pusat Bisnis dan Perdagangan Lainnya",
        "METADATA": null,
        "SRS_ID": " ",
        "FGSUSH": null,
        "SRNPDG": null,
        "dataset_role": "rbi_reference",
        "source_file": "25k st cikarang.zip",
        "source_layer": "NIAGA_PT_25K",
        "radius_m": 1000,
        "geometry_clipped": false,
        "center_status": "unverified_geocoded_station_reference"
      }
    },
    {
      "type": "Feature",
      "id": "rbi:1c99edd6e439af26096d",
      "geometry": {
        "type": "Point",
        "coordinates": [
          107.14737449400008,
          -6.256916653999951
        ]
      },
      "properties": {
        "NAMOBJ": " ",
        "FCODE": " ",
        "REMARK": "Pusat Bisnis dan Perdagangan Lainnya",
        "METADATA": null,
        "SRS_ID": " ",
        "FGSUSH": null,
        "SRNPDG": null,
        "dataset_role": "rbi_reference",
        "source_file": "25k st cikarang.zip",
        "source_layer": "NIAGA_PT_25K",
        "radius_m": 1000,
        "geometry_clipped": false,
        "center_status": "unverified_geocoded_station_reference"
      }
    },
    {
      "type": "Feature",
      "id": "rbi:70c6264e87b19d0906d8",
      "geometry": {
        "type": "Point",
        "coordinates": [
          107.13895721800007,
          -6.259069901999961
        ]
      },
      "properties": {
        "NAMOBJ": " ",
        "FCODE": " ",
        "REMARK": "Masjid",
        "METADATA": null,
        "SRS_ID": " ",
        "FGSPRP": null,
        "dataset_role": "rbi_reference",
        "source_file": "25k st cikarang.zip",
        "source_layer": "SARANAIBADAH_PT_25K",
        "radius_m": 1000,
        "geometry_clipped": false,
        "center_status": "unverified_geocoded_station_reference"
      }
    },
    {
      "type": "Feature",
      "id": "rbi:bb617f56f7d79e2ba627",
      "geometry": {
        "type": "Point",
        "coordinates": [
          107.13982975700009,
          -6.25743407799996
        ]
      },
      "properties": {
        "NAMOBJ": " ",
        "FCODE": " ",
        "REMARK": "Masjid",
        "METADATA": null,
        "SRS_ID": " ",
        "FGSPRP": null,
        "dataset_role": "rbi_reference",
        "source_file": "25k st cikarang.zip",
        "source_layer": "SARANAIBADAH_PT_25K",
        "radius_m": 1000,
        "geometry_clipped": false,
        "center_status": "unverified_geocoded_station_reference"
      }
    },
    {
      "type": "Feature",
      "id": "rbi:f751cdf3758e43dbe146",
      "geometry": {
        "type": "Point",
        "coordinates": [
          107.14433102400005,
          -6.251375812999982
        ]
      },
      "properties": {
        "NAMOBJ": " ",
        "FCODE": " ",
        "REMARK": "Masjid",
        "METADATA": null,
        "SRS_ID": " ",
        "FGSPRP": null,
        "dataset_role": "rbi_reference",
        "source_file": "25k st cikarang.zip",
        "source_layer": "SARANAIBADAH_PT_25K",
        "radius_m": 1000,
        "geometry_clipped": false,
        "center_status": "unverified_geocoded_station_reference"
      }
    },
    {
      "type": "Feature",
      "id": "rbi:536766df6f2640a047f3",
      "geometry": {
        "type": "Point",
        "coordinates": [
          107.14361267200007,
          -6.253355793999958
        ]
      },
      "properties": {
        "NAMOBJ": " ",
        "FCODE": " ",
        "REMARK": "Masjid",
        "METADATA": null,
        "SRS_ID": " ",
        "FGSPRP": null,
        "dataset_role": "rbi_reference",
        "source_file": "25k st cikarang.zip",
        "source_layer": "SARANAIBADAH_PT_25K",
        "radius_m": 1000,
        "geometry_clipped": false,
        "center_status": "unverified_geocoded_station_reference"
      }
    },
    {
      "type": "Feature",
      "id": "rbi:3bcc940092c3ea120dbc",
      "geometry": {
        "type": "Point",
        "coordinates": [
          107.14437980200006,
          -6.2553639759999555
        ]
      },
      "properties": {
        "NAMOBJ": " ",
        "FCODE": " ",
        "REMARK": "Masjid",
        "METADATA": null,
        "SRS_ID": " ",
        "FGSPRP": null,
        "dataset_role": "rbi_reference",
        "source_file": "25k st cikarang.zip",
        "source_layer": "SARANAIBADAH_PT_25K",
        "radius_m": 1000,
        "geometry_clipped": false,
        "center_status": "unverified_geocoded_station_reference"
      }
    },
    {
      "type": "Feature",
      "id": "rbi:e08f47729e0a8dd95430",
      "geometry": {
        "type": "Point",
        "coordinates": [
          107.15273136800005,
          -6.256782172999976
        ]
      },
      "properties": {
        "NAMOBJ": " ",
        "FCODE": " ",
        "REMARK": "Masjid",
        "METADATA": null,
        "SRS_ID": " ",
        "FGSPRP": null,
        "dataset_role": "rbi_reference",
        "source_file": "25k st cikarang.zip",
        "source_layer": "SARANAIBADAH_PT_25K",
        "radius_m": 1000,
        "geometry_clipped": false,
        "center_status": "unverified_geocoded_station_reference"
      }
    },
    {
      "type": "Feature",
      "id": "rbi:6b641a5a4443a0867570",
      "geometry": {
        "type": "Point",
        "coordinates": [
          107.14230993600006,
          -6.25565320499993
        ]
      },
      "properties": {
        "NAMOBJ": " ",
        "FCODE": " ",
        "REMARK": "Masjid",
        "METADATA": null,
        "SRS_ID": " ",
        "FGSPRP": null,
        "dataset_role": "rbi_reference",
        "source_file": "25k st cikarang.zip",
        "source_layer": "SARANAIBADAH_PT_25K",
        "radius_m": 1000,
        "geometry_clipped": false,
        "center_status": "unverified_geocoded_station_reference"
      }
    },
    {
      "type": "Feature",
      "id": "rbi:4b649cf0f1f5236f1035",
      "geometry": {
        "type": "Point",
        "coordinates": [
          107.14680850800006,
          -6.263660452999942
        ]
      },
      "properties": {
        "NAMOBJ": " ",
        "FCODE": " ",
        "REMARK": "Masjid",
        "METADATA": null,
        "SRS_ID": " ",
        "FGSPRP": null,
        "dataset_role": "rbi_reference",
        "source_file": "25k st cikarang.zip",
        "source_layer": "SARANAIBADAH_PT_25K",
        "radius_m": 1000,
        "geometry_clipped": false,
        "center_status": "unverified_geocoded_station_reference"
      }
    },
    {
      "type": "Feature",
      "id": "rbi:3b549df0fd7e7cb2bd2b",
      "geometry": {
        "type": "Point",
        "coordinates": [
          107.14737396700009,
          -6.262271312999927
        ]
      },
      "properties": {
        "NAMOBJ": " ",
        "FCODE": " ",
        "REMARK": "Masjid",
        "METADATA": null,
        "SRS_ID": " ",
        "FGSPRP": null,
        "dataset_role": "rbi_reference",
        "source_file": "25k st cikarang.zip",
        "source_layer": "SARANAIBADAH_PT_25K",
        "radius_m": 1000,
        "geometry_clipped": false,
        "center_status": "unverified_geocoded_station_reference"
      }
    },
    {
      "type": "Feature",
      "id": "rbi:69982e5b9790c2899b65",
      "geometry": {
        "type": "Point",
        "coordinates": [
          107.14966806000007,
          -6.262729375999923
        ]
      },
      "properties": {
        "NAMOBJ": " ",
        "FCODE": " ",
        "REMARK": "Masjid",
        "METADATA": null,
        "SRS_ID": " ",
        "FGSPRP": null,
        "dataset_role": "rbi_reference",
        "source_file": "25k st cikarang.zip",
        "source_layer": "SARANAIBADAH_PT_25K",
        "radius_m": 1000,
        "geometry_clipped": false,
        "center_status": "unverified_geocoded_station_reference"
      }
    },
    {
      "type": "Feature",
      "id": "rbi:ab257602c7c8d59586cd",
      "geometry": {
        "type": "Point",
        "coordinates": [
          107.14880255900005,
          -6.256224315999928
        ]
      },
      "properties": {
        "NAMOBJ": " ",
        "FCODE": " ",
        "REMARK": "Gereja",
        "METADATA": null,
        "SRS_ID": " ",
        "FGSPRP": null,
        "dataset_role": "rbi_reference",
        "source_file": "25k st cikarang.zip",
        "source_layer": "SARANAIBADAH_PT_25K",
        "radius_m": 1000,
        "geometry_clipped": false,
        "center_status": "unverified_geocoded_station_reference"
      }
    },
    {
      "type": "Feature",
      "id": "rbi:7e408c8cf96f8389a271",
      "geometry": {
        "type": "Point",
        "coordinates": [
          107.14645874800006,
          -6.246979925999939
        ]
      },
      "properties": {
        "NAMOBJ": " ",
        "FCODE": " ",
        "REMARK": "Masjid",
        "METADATA": null,
        "SRS_ID": " ",
        "FGSPRP": null,
        "dataset_role": "rbi_reference",
        "source_file": "25k st cikarang.zip",
        "source_layer": "SARANAIBADAH_PT_25K",
        "radius_m": 1000,
        "geometry_clipped": false,
        "center_status": "unverified_geocoded_station_reference"
      }
    },
    {
      "type": "Feature",
      "id": "rbi:beb143535852b00d584c",
      "geometry": {
        "type": "Point",
        "coordinates": [
          107.14122970300008,
          -6.262896049999937
        ]
      },
      "properties": {
        "NAMOBJ": " ",
        "FCODE": " ",
        "REMARK": "Fasilitas Kesehatan Lainnya",
        "METADATA": null,
        "SRS_ID": " ",
        "JPLYRS": null,
        "RSALAMAT": null,
        "TIPRST": null,
        "dataset_role": "rbi_reference",
        "source_file": "25k st cikarang.zip",
        "source_layer": "RUMAHSAKIT_PT_25K",
        "radius_m": 1000,
        "geometry_clipped": false,
        "center_status": "unverified_geocoded_station_reference"
      }
    },
    {
      "type": "Feature",
      "id": "rbi:a3c553c9f5f6104555ca",
      "geometry": {
        "type": "Polygon",
        "coordinates": [
          [
            [
              107.14805824900009,
              -6.24701552099998
            ],
            [
              107.14797687900005,
              -6.246973012999946
            ],
            [
              107.14777208000004,
              -6.246949264999955
            ],
            [
              107.14752828900005,
              -6.247045612999954
            ],
            [
              107.14728811300007,
              -6.247242721999953
            ],
            [
              107.1471290460001,
              -6.247436877999973
            ],
            [
              107.1469589960001,
              -6.247824314999947
            ],
            [
              107.14689408000005,
              -6.248199663999968
            ],
            [
              107.14689153100007,
              -6.248250558999927
            ],
            [
              107.1468607070001,
              -6.248290723999958
            ],
            [
              107.14648243700009,
              -6.248893486999976
            ],
            [
              107.14626954600004,
              -6.249059843999931
            ],
            [
              107.14602341400007,
              -6.249239894999959
            ],
            [
              107.14567241400005,
              -6.249570496999979
            ],
            [
              107.14557817100007,
              -6.24965909399998
            ],
            [
              107.14557169600005,
              -6.249660747999939
            ],
            [
              107.14546249400007,
              -6.249643026999932
            ],
            [
              107.14524959400006,
              -6.249532996999961
            ],
            [
              107.14481194000007,
              -6.249310364999928
            ],
            [
              107.14448596000005,
              -6.249199892999969
            ],
            [
              107.14418326800006,
              -6.249064288999932
            ],
            [
              107.14421045800009,
              -6.249009587999978
            ],
            [
              107.14427711300004,
              -6.24882294899993
            ],
            [
              107.14391022400008,
              -6.248690679999925
            ],
            [
              107.14335524100004,
              -6.248466807999933
            ],
            [
              107.14200986400006,
              -6.24788661599996
            ],
            [
              107.14141258300003,
              -6.2476290189999295
            ],
            [
              107.14076151858684,
              -6.247366950550631
            ],
            [
              107.14083093873718,
              -6.247329625065019
            ],
            [
              107.14090072715734,
              -6.247292883287856
            ],
            [
              107.14097083332054,
              -6.247256752326548
            ],
            [
              107.14104125188814,
              -6.2472212349324865
            ],
            [
              107.14111197749763,
              -6.247186333810333
            ],
            [
              107.14118300476323,
              -6.247152051617828
            ],
            [
              107.14125432827609,
              -6.247118390965571
            ],
            [
              107.14132594260485,
              -6.247085354416834
            ],
            [
              107.141397842296,
              -6.247052944487362
            ],
            [
              107.14147002187434,
              -6.247021163645189
            ],
            [
              107.14154247584328,
              -6.2469900143104296
            ],
            [
              107.14161519868541,
              -6.24695949885512
            ],
            [
              107.1416881848628,
              -6.246929619603024
            ],
            [
              107.1417614288175,
              -6.24690037882945
            ],
            [
              107.14183492497195,
              -6.246871778761098
            ],
            [
              107.1419086677293,
              -6.246843821575871
            ],
            [
              107.14198265147405,
              -6.246816509402709
            ],
            [
              107.14205687057226,
              -6.246789844321452
            ],
            [
              107.14213131937208,
              -6.246763828362646
            ],
            [
              107.14220599220421,
              -6.246738463507412
            ],
            [
              107.14228088338227,
              -6.246713751687296
            ],
            [
              107.14235598720325,
              -6.246689694784102
            ],
            [
              107.14243129794795,
              -6.246666294629771
            ],
            [
              107.14250680988143,
              -6.246643553006226
            ],
            [
              107.1425825172534,
              -6.2466214716452555
            ],
            [
              107.14265841429875,
              -6.246600052228349
            ],
            [
              107.14273449523786,
              -6.246579296386603
            ],
            [
              107.14281075427715,
              -6.2465592057005805
            ],
            [
              107.14288718560945,
              -6.246539781700184
            ],
            [
              107.14296378341453,
              -6.246521025864559
            ],
            [
              107.14304054185939,
              -6.246502939621965
            ],
            [
              107.1431174550989,
              -6.24648552434967
            ],
            [
              107.14319451727609,
              -6.246468781373851
            ],
            [
              107.14327172252264,
              -6.246452711969486
            ],
            [
              107.14334906495937,
              -6.246437317360259
            ],
            [
              107.14342653869663,
              -6.246422598718477
            ],
            [
              107.1435041378348,
              -6.246408557164965
            ],
            [
              107.14358185646466,
              -6.246395193768984
            ],
            [
              107.14365968866798,
              -6.2463825095481615
            ],
            [
              107.14373762851778,
              -6.2463705054684
            ],
            [
              107.14381567007895,
              -6.246359182443815
            ],
            [
              107.14389380740865,
              -6.24634854133665
            ],
            [
              107.14397203455665,
              -6.246338582957231
            ],
            [
              107.14405034556601,
              -6.246329308063886
            ],
            [
              107.14412873447333,
              -6.246320717362898
            ],
            [
              107.14420719530929,
              -6.246312811508454
            ],
            [
              107.14428572209908,
              -6.24630559110258
            ],
            [
              107.14436430886292,
              -6.246299056695113
            ],
            [
              107.14444294961639,
              -6.246293208783649
            ],
            [
              107.14452163837102,
              -6.246288047813501
            ],
            [
              107.14460036913466,
              -6.246283574177688
            ],
            [
              107.14467913591196,
              -6.246279788216866
            ],
            [
              107.14475793270485,
              -6.246276690219344
            ],
            [
              107.14483675351293,
              -6.246274280421032
            ],
            [
              107.14491559233402,
              -6.246272559005432
            ],
            [
              107.14499444316453,
              -6.246271526103637
            ],
            [
              107.1450733,
              -6.246271181794299
            ],
            [
              107.14515215683547,
              -6.246271526103637
            ],
            [
              107.14523100766598,
              -6.246272559005432
            ],
            [
              107.14530984648708,
              -6.246274280421032
            ],
            [
              107.14538866729517,
              -6.246276690219344
            ],
            [
              107.14546746408804,
              -6.246279788216866
            ],
            [
              107.14554623086535,
              -6.246283574177688
            ],
            [
              107.145624961629,
              -6.246288047813501
            ],
            [
              107.14570365038362,
              -6.246293208783649
            ],
            [
              107.14578229113708,
              -6.246299056695113
            ],
            [
              107.14586087790092,
              -6.24630559110258
            ],
            [
              107.14593940469071,
              -6.246312811508454
            ],
            [
              107.14601786552667,
              -6.246320717362898
            ],
            [
              107.14609625443398,
              -6.246329308063886
            ],
            [
              107.14617456544335,
              -6.2463385829572315
            ],
            [
              107.14625279259137,
              -6.24634854133665
            ],
            [
              107.14633092992105,
              -6.246359182443815
            ],
            [
              107.14640897148223,
              -6.2463705054684
            ],
            [
              107.14648691133203,
              -6.246382509548163
            ],
            [
              107.14656474353535,
              -6.246395193768984
            ],
            [
              107.1466424621652,
              -6.246408557164964
            ],
            [
              107.14672006130338,
              -6.246422598718477
            ],
            [
              107.14679753504063,
              -6.246437317360259
            ],
            [
              107.14687487747737,
              -6.246452711969486
            ],
            [
              107.14695208272393,
              -6.246468781373852
            ],
            [
              107.14702914490111,
              -6.24648552434967
            ],
            [
              107.14710605814061,
              -6.246502939621965
            ],
            [
              107.14718281658548,
              -6.246521025864559
            ],
            [
              107.14725941439056,
              -6.246539781700184
            ],
            [
              107.14733584572286,
              -6.2465592057005805
            ],
            [
              107.14741210476215,
              -6.246579296386603
            ],
            [
              107.14748818570126,
              -6.246600052228349
            ],
            [
              107.14756408274661,
              -6.2466214716452555
            ],
            [
              107.14763979011859,
              -6.246643553006226
            ],
            [
              107.14771530205206,
              -6.24666629462977
            ],
            [
              107.14779061279675,
              -6.246689694784102
            ],
            [
              107.14786571661774,
              -6.246713751687296
            ],
            [
              107.14794060779579,
              -6.246738463507412
            ],
            [
              107.14801528062793,
              -6.246763828362646
            ],
            [
              107.14808972942775,
              -6.246789844321452
            ],
            [
              107.14816394852596,
              -6.246816509402709
            ],
            [
              107.1482379322707,
              -6.246843821575871
            ],
            [
              107.14831167502807,
              -6.246871778761098
            ],
            [
              107.1483124313699,
              -6.246872073081707
            ],
            [
              107.14805824900009,
              -6.24701552099998
            ]
          ]
        ]
      },
      "properties": {
        "NAMOBJ": " ",
        "FCODE": "GA03060140",
        "REMARK": "Permukiman dan Tempat Kegiatan",
        "METADATA": "RBI25KPROVINSIJABAR",
        "SRS_ID": "4326",
        "SHAPE_Length": 0.12492053705795039,
        "SHAPE_Area": 0.00023923800250663424,
        "dataset_role": "rbi_reference",
        "source_file": "25k st cikarang.zip",
        "source_layer": "PERMUKIMAN_AR_25K",
        "radius_m": 1000,
        "geometry_clipped": true,
        "center_status": "unverified_geocoded_station_reference"
      }
    },
    {
      "type": "Feature",
      "id": "rbi:cc02dc047e83254d901e",
      "geometry": {
        "type": "Polygon",
        "coordinates": [
          [
            [
              107.13803322100006,
              -6.260542820999944
            ],
            [
              107.13803303800006,
              -6.2605427899999295
            ],
            [
              107.13803941800008,
              -6.260507566999931
            ],
            [
              107.13803322100006,
              -6.260542820999944
            ]
          ]
        ]
      },
      "properties": {
        "NAMOBJ": " ",
        "FCODE": "GA03060140",
        "REMARK": "Permukiman dan Tempat Kegiatan",
        "METADATA": "RBI25KPROVINSIJABAR",
        "SRS_ID": "4326",
        "SHAPE_Length": 7.177626925887793e-05,
        "SHAPE_Area": 3.3217944958143044e-12,
        "dataset_role": "rbi_reference",
        "source_file": "25k st cikarang.zip",
        "source_layer": "PERMUKIMAN_AR_25K",
        "radius_m": 1000,
        "geometry_clipped": false,
        "center_status": "unverified_geocoded_station_reference"
      }
    },
    {
      "type": "Feature",
      "id": "rbi:b22eaa8555ab11aa797c",
      "geometry": {
        "type": "Polygon",
        "coordinates": [
          [
            [
              107.13794429600006,
              -6.256371689999979
            ],
            [
              107.13812326100003,
              -6.2559401099999254
            ],
            [
              107.13832414000007,
              -6.255419866999943
            ],
            [
              107.13840636200007,
              -6.255103736999956
            ],
            [
              107.13838978400007,
              -6.255002124999974
            ],
            [
              107.13841554500004,
              -6.254614099999969
            ],
            [
              107.13847846300007,
              -6.254240565999963
            ],
            [
              107.13862885800006,
              -6.2542207919999555
            ],
            [
              107.13873184100002,
              -6.253715950999946
            ],
            [
              107.13854923400002,
              -6.25319672699993
            ],
            [
              107.13871361500009,
              -6.2531904539999354
            ],
            [
              107.13879599100005,
              -6.253187316999969
            ],
            [
              107.14040396900003,
              -6.253199929999939
            ],
            [
              107.14032086300006,
              -6.253847493999955
            ],
            [
              107.13986235100003,
              -6.2538821699999385
            ],
            [
              107.13962579300005,
              -6.25564793199993
            ],
            [
              107.13944123200008,
              -6.256516802999953
            ],
            [
              107.13838299400004,
              -6.256346714999949
            ],
            [
              107.13795156900004,
              -6.256841055999928
            ],
            [
              107.13792618800005,
              -6.257539030999965
            ],
            [
              107.13872568700003,
              -6.257615173999968
            ],
            [
              107.13867492500003,
              -6.25794512599998
            ],
            [
              107.13955056700007,
              -6.2582243159999384
            ],
            [
              107.13944904300007,
              -6.2587065529999695
            ],
            [
              107.13774852200004,
              -6.258287767999945
            ],
            [
              107.13771045100003,
              -6.258934981999969
            ],
            [
              107.13853533000007,
              -6.259138028999927
            ],
            [
              107.13916985300004,
              -6.259417218999943
            ],
            [
              107.13904294900003,
              -6.259861384999965
            ],
            [
              107.13850994900007,
              -6.259632956999952
            ],
            [
              107.13837035400009,
              -6.259899456999961
            ],
            [
              107.13882721100003,
              -6.260153265999975
            ],
            [
              107.13871836800007,
              -6.260567775999959
            ],
            [
              107.1383365340229,
              -6.261340692684423
            ],
            [
              107.13830521142445,
              -6.261305574803754
            ],
            [
              107.1382532162892,
              -6.261246245363167
            ],
            [
              107.1382017405473,
              -6.2611864641420905
            ],
            [
              107.13815078811876,
              -6.261126235693255
            ],
            [
              107.1381003628838,
              -6.2610655646034346
            ],
            [
              107.13805046868242,
              -6.261004455493116
            ],
            [
              107.13800110931419,
              -6.260942913016147
            ],
            [
              107.13795228853795,
              -6.260880941859373
            ],
            [
              107.13790401007151,
              -6.260818546742283
            ],
            [
              107.1378562775914,
              -6.260755732416654
            ],
            [
              107.13780909473255,
              -6.260692503666189
            ],
            [
              107.13776246508802,
              -6.260628865306144
            ],
            [
              107.13771639220873,
              -6.2605648221829755
            ],
            [
              107.13767087960325,
              -6.260500379173958
            ],
            [
              107.1376259307374,
              -6.260435541186818
            ],
            [
              107.13758154903412,
              -6.260370313159361
            ],
            [
              107.13753773787313,
              -6.260304700059097
            ],
            [
              107.1374945005907,
              -6.2602387068828556
            ],
            [
              107.13745184047943,
              -6.260172338656415
            ],
            [
              107.13740976078783,
              -6.260105600434109
            ],
            [
              107.1373682647204,
              -6.260038497298448
            ],
            [
              107.13732735543702,
              -6.259971034359732
            ],
            [
              107.13728703605298,
              -6.259903216755661
            ],
            [
              107.13724730963861,
              -6.259835049650939
            ],
            [
              107.13720817921906,
              -6.259766538236889
            ],
            [
              107.13716964777412,
              -6.259697687731054
            ],
            [
              107.13713171823792,
              -6.2596285033767884
            ],
            [
              107.13709439349881,
              -6.2595589904428826
            ],
            [
              107.13705767639901,
              -6.259489154223142
            ],
            [
              107.13702156973453,
              -6.259419000035987
            ],
            [
              107.13698607625483,
              -6.259348533224055
            ],
            [
              107.13695119866269,
              -6.259277759153792
            ],
            [
              107.13691693961398,
              -6.259206683215035
            ],
            [
              107.13688330171749,
              -6.259135310820609
            ],
            [
              107.13685028753466,
              -6.259063647405919
            ],
            [
              107.13681789957944,
              -6.258991698428526
            ],
            [
              107.13678614031811,
              -6.258919469367735
            ],
            [
              107.13675501216903,
              -6.25884696572418
            ],
            [
              107.13672451750256,
              -6.258774193019408
            ],
            [
              107.13669465864072,
              -6.258701156795446
            ],
            [
              107.13666543785718,
              -6.258627862614396
            ],
            [
              107.13663685737698,
              -6.258554316057996
            ],
            [
              107.13660891937641,
              -6.258480522727203
            ],
            [
              107.13658162598284,
              -6.258406488241764
            ],
            [
              107.13655497927452,
              -6.258332218239795
            ],
            [
              107.13652898128045,
              -6.258257718377336
            ],
            [
              107.13650363398025,
              -6.2581829943279335
            ],
            [
              107.13647893930398,
              -6.258108051782213
            ],
            [
              107.13645489913196,
              -6.258032896447421
            ],
            [
              107.1364315152947,
              -6.257957534047021
            ],
            [
              107.13640878957271,
              -6.257881970320235
            ],
            [
              107.13638672369639,
              -6.2578062110216175
            ],
            [
              107.13636531934588,
              -6.257730261920613
            ],
            [
              107.13634457815095,
              -6.257654128801121
            ],
            [
              107.13632450169084,
              -6.257577817461049
            ],
            [
              107.13630509149418,
              -6.257501333711875
            ],
            [
              107.13628634903885,
              -6.257424683378206
            ],
            [
              107.13626827575192,
              -6.257347872297331
            ],
            [
              107.13625087300943,
              -6.25727090631878
            ],
            [
              107.13623414213642,
              -6.257193791303872
            ],
            [
              107.1362180844067,
              -6.257116533125281
            ],
            [
              107.13620270104285,
              -6.257039137666576
            ],
            [
              107.13618799321607,
              -6.256961610821777
            ],
            [
              107.13617396204619,
              -6.256883958494909
            ],
            [
              107.13616060860137,
              -6.25680618659955
            ],
            [
              107.13614793389829,
              -6.256728301058385
            ],
            [
              107.13613593890186,
              -6.256650307802745
            ],
            [
              107.13612462452527,
              -6.256572212772164
            ],
            [
              107.13611399162981,
              -6.256494021913925
            ],
            [
              107.13610404102499,
              -6.256415741182601
            ],
            [
              107.13609477346822,
              -6.256337376539617
            ],
            [
              107.136086189665,
              -6.256258933952774
            ],
            [
              107.1360782902687,
              -6.256180419395813
            ],
            [
              107.13607107588058,
              -6.256101838847952
            ],
            [
              107.13606454704976,
              -6.256023198293432
            ],
            [
              107.13606253684823,
              -6.255996123506304
            ],
            [
              107.13794429600006,
              -6.256371689999979
            ]
          ],
          [
            [
              107.13838367400007,
              -6.260599238999932
            ],
            [
              107.13860179700004,
              -6.260625552999953
            ],
            [
              107.13871836800007,
              -6.260567775999959
            ],
            [
              107.13838367400007,
              -6.260599238999932
            ]
          ],
          [
            [
              107.13803322100006,
              -6.260542820999944
            ],
            [
              107.13803941800008,
              -6.260507566999931
            ],
            [
              107.13803303800006,
              -6.2605427899999295
            ],
            [
              107.13803322100006,
              -6.260542820999944
            ]
          ]
        ]
      },
      "properties": {
        "NAMOBJ": " ",
        "FCODE": "GA03060140",
        "REMARK": "Permukiman dan Tempat Kegiatan",
        "METADATA": "RBI25KPROVINSIJABAR",
        "SRS_ID": "4326",
        "SHAPE_Length": 0.07158587959060682,
        "SHAPE_Area": 4.1917169381880475e-05,
        "dataset_role": "rbi_reference",
        "source_file": "25k st cikarang.zip",
        "source_layer": "PERMUKIMAN_AR_25K",
        "radius_m": 1000,
        "geometry_clipped": true,
        "center_status": "unverified_geocoded_station_reference"
      }
    },
    {
      "type": "Feature",
      "id": "rbi:1384c8b1762e8b50f120",
      "geometry": {
        "type": "Polygon",
        "coordinates": [
          [
            [
              107.14598260500009,
              -6.26369976099994
            ],
            [
              107.14574729900005,
              -6.263887089999969
            ],
            [
              107.14574682700004,
              -6.264118197999948
            ],
            [
              107.14621899300006,
              -6.264178538999943
            ],
            [
              107.14670400700005,
              -6.26357289599997
            ],
            [
              107.14701636100007,
              -6.263718939999931
            ],
            [
              107.14695947748298,
              -6.264157216032445
            ],
            [
              107.1469521458871,
              -6.264158808938435
            ],
            [
              107.14687493815501,
              -6.26417487887273
            ],
            [
              107.14679759321426,
              -6.264190273990529
            ],
            [
              107.14672011695525,
              -6.2642049931193835
            ],
            [
              107.1466425152784,
              -6.264219035138315
            ],
            [
              107.14656479409365,
              -6.264232398977918
            ],
            [
              107.14648695932007,
              -6.264245083620429
            ],
            [
              107.14640901688537,
              -6.26425708809982
            ],
            [
              107.14633097272548,
              -6.264268411501856
            ],
            [
              107.14625283278404,
              -6.264279052964174
            ],
            [
              107.14617460301203,
              -6.264289011676343
            ],
            [
              107.14609628936721,
              -6.264298286879932
            ],
            [
              107.1460178978138,
              -6.26430687786856
            ],
            [
              107.14593943432193,
              -6.264314783987961
            ],
            [
              107.14586090486719,
              -6.264322004636023
            ],
            [
              107.1457823154302,
              -6.264328539262834
            ],
            [
              107.14570367199616,
              -6.264334387370734
            ],
            [
              107.14562498055439,
              -6.2643395485143465
            ],
            [
              107.14554624709784,
              -6.264344022300606
            ],
            [
              107.14546747762267,
              -6.2643478083888
            ],
            [
              107.14538867812783,
              -6.264350906490598
            ],
            [
              107.14537008831972,
              -6.2643514748397955
            ],
            [
              107.14446456800005,
              -6.264138535999962
            ],
            [
              107.14435376992313,
              -6.26432766498201
            ],
            [
              107.14428569513282,
              -6.264322004636023
            ],
            [
              107.14420716567808,
              -6.264314783987961
            ],
            [
              107.1441287021862,
              -6.26430687786856
            ],
            [
              107.1440503106328,
              -6.264298286879932
            ],
            [
              107.14397199698799,
              -6.264289011676343
            ],
            [
              107.14389376721597,
              -6.264279052964174
            ],
            [
              107.14381562727452,
              -6.264268411501856
            ],
            [
              107.14373758311463,
              -6.26425708809982
            ],
            [
              107.14365964067993,
              -6.264245083620429
            ],
            [
              107.14358180590636,
              -6.264232398977918
            ],
            [
              107.14350408472161,
              -6.264219035138315
            ],
            [
              107.14342648304476,
              -6.2642049931193835
            ],
            [
              107.14334900678575,
              -6.264190273990529
            ],
            [
              107.143271661845,
              -6.26417487887273
            ],
            [
              107.14319445411292,
              -6.264158808938435
            ],
            [
              107.14311738946944,
              -6.264142065411496
            ],
            [
              107.14304881934383,
              -6.264126539233949
            ],
            [
              107.14305635200009,
              -6.263978392999944
            ],
            [
              107.14343854400003,
              -6.2639154199999325
            ],
            [
              107.14448176900004,
              -6.2635528829999325
            ],
            [
              107.14465417000008,
              -6.263357405999954
            ],
            [
              107.14497540000009,
              -6.263360158999944
            ],
            [
              107.14513031900009,
              -6.263170898999931
            ],
            [
              107.14525490300008,
              -6.262904757999933
            ],
            [
              107.14536806900009,
              -6.2625058029999545
            ],
            [
              107.14538517400007,
              -6.262462349999964
            ],
            [
              107.14549105400005,
              -6.262486409999951
            ],
            [
              107.14583013400005,
              -6.262519096999939
            ],
            [
              107.14627740400005,
              -6.262594001999957
            ],
            [
              107.14598260500009,
              -6.26369976099994
            ]
          ]
        ]
      },
      "properties": {
        "NAMOBJ": " ",
        "FCODE": "GA03060140",
        "REMARK": "Permukiman dan Tempat Kegiatan",
        "METADATA": "RBI25KPROVINSIJABAR",
        "SRS_ID": "4326",
        "SHAPE_Length": 0.014675566318579974,
        "SHAPE_Area": 5.084724235609905e-06,
        "dataset_role": "rbi_reference",
        "source_file": "25k st cikarang.zip",
        "source_layer": "PERMUKIMAN_AR_25K",
        "radius_m": 1000,
        "geometry_clipped": true,
        "center_status": "unverified_geocoded_station_reference"
      }
    },
    {
      "type": "Feature",
      "id": "rbi:a3416edf21ef1c720ba2",
      "geometry": {
        "type": "MultiPolygon",
        "coordinates": [
          [
            [
              [
                107.14231591600007,
                -6.249525436999931
              ],
              [
                107.14201615600005,
                -6.249433203999956
              ],
              [
                107.14070643500008,
                -6.249030282999969
              ],
              [
                107.14024514800006,
                -6.2499937349999755
              ],
              [
                107.13996238200008,
                -6.249812314999928
              ],
              [
                107.13981615100005,
                -6.249738254999956
              ],
              [
                107.13970124900004,
                -6.249999999999942
              ],
              [
                107.13970108300003,
                -6.25000037899997
              ],
              [
                107.13945434000003,
                -6.250562473999935
              ],
              [
                107.13950313600009,
                -6.250917545999924
              ],
              [
                107.13766302000005,
                -6.250520969999967
              ],
              [
                107.13779113398513,
                -6.249959708718411
              ],
              [
                107.13780924323954,
                -6.24993499482068
              ],
              [
                107.13785642686818,
                -6.2498717673444615
              ],
              [
                107.1379041600726,
                -6.249808954299477
              ],
              [
                107.13795243921766,
                -6.249746560469032
              ],
              [
                107.13800126062661,
                -6.249684590604513
              ],
              [
                107.13805062058145,
                -6.2496230494250185
              ],
              [
                107.1381005153232,
                -6.249561941616998
              ],
              [
                107.13815094105209,
                -6.249501271833898
              ],
              [
                107.13820189392793,
                -6.249441044695812
              ],
              [
                107.13825337007046,
                -6.24938126478912
              ],
              [
                107.13830536555948,
                -6.249321936666135
              ],
              [
                107.13835787643531,
                -6.249263064844785
              ],
              [
                107.13841089869902,
                -6.249204653808226
              ],
              [
                107.13846442831272,
                -6.24914670800454
              ],
              [
                107.13849374404207,
                -6.249115524118896
              ],
              [
                107.13931278000007,
                -6.249204334999945
              ],
              [
                107.13928105300005,
                -6.248839483999972
              ],
              [
                107.13882216268162,
                -6.248784014096766
              ],
              [
                107.13885299419263,
                -6.248754480013177
              ],
              [
                107.13891043267273,
                -6.248700411881771
              ],
              [
                107.13896834046135,
                -6.248646847381842
              ],
              [
                107.13902671314862,
                -6.248593790592394
              ],
              [
                107.13908554628925,
                -6.248541245553747
              ],
              [
                107.1391448354029,
                -6.248489216267261
              ],
              [
                107.13920457597455,
                -6.248437706695018
              ],
              [
                107.13926476345473,
                -6.24838672075952
              ],
              [
                107.13932539326,
                -6.248336262343398
              ],
              [
                107.13938646077322,
                -6.2482863352891
              ],
              [
                107.13944796134392,
                -6.248236943398619
              ],
              [
                107.13950989028868,
                -6.248188090433192
              ],
              [
                107.1395722428914,
                -6.248139780113011
              ],
              [
                107.13963501440381,
                -6.248092016116952
              ],
              [
                107.13969820004569,
                -6.248044802082275
              ],
              [
                107.13976179500528,
                -6.247998141604373
              ],
              [
                107.13982579443969,
                -6.24795203823647
              ],
              [
                107.13988948001298,
                -6.247907000047161
              ],
              [
                107.14020083500009,
                -6.248053776999937
              ],
              [
                107.14111156000008,
                -6.248434914999961
              ],
              [
                107.14168109600007,
                -6.248519000999978
              ],
              [
                107.14201319200002,
                -6.248704737999957
              ],
              [
                107.14211712200004,
                -6.248762881999936
              ],
              [
                107.14252550600007,
                -6.2489320409999305
              ],
              [
                107.14304862700003,
                -6.2491794519999635
              ],
              [
                107.14325641600004,
                -6.24938838099996
              ],
              [
                107.14332238900005,
                -6.249564628999961
              ],
              [
                107.14330783900004,
                -6.2497598219999295
              ],
              [
                107.14231591600007,
                -6.249525436999931
              ]
            ]
          ],
          [
            [
              [
                107.14417357100007,
                -6.250560868999968
              ],
              [
                107.14385799000007,
                -6.25084559399994
              ],
              [
                107.14369426200005,
                -6.251102945999946
              ],
              [
                107.14359050200005,
                -6.2513793049999435
              ],
              [
                107.14351954200004,
                -6.251606361999961
              ],
              [
                107.14337311800006,
                -6.2517596129999315
              ],
              [
                107.14319097000003,
                -6.251865921999981
              ],
              [
                107.14302688100008,
                -6.251870297999969
              ],
              [
                107.14293072300006,
                -6.251781753999978
              ],
              [
                107.14283937500005,
                -6.251575603999981
              ],
              [
                107.14268762800003,
                -6.251336167999965
              ],
              [
                107.14243148800006,
                -6.251089656999962
              ],
              [
                107.14221603100003,
                -6.25099210899998
              ],
              [
                107.14202246000008,
                -6.250982323999951
              ],
              [
                107.14201113500009,
                -6.250981736999959
              ],
              [
                107.14181101300007,
                -6.251046089999932
              ],
              [
                107.14169079600003,
                -6.251159557999927
              ],
              [
                107.14152894000004,
                -6.251419702999951
              ],
              [
                107.14151630800006,
                -6.251610640999956
              ],
              [
                107.14156803200007,
                -6.251909865999948
              ],
              [
                107.14174025900007,
                -6.252477304999956
              ],
              [
                107.14176306400009,
                -6.25293752699997
              ],
              [
                107.14179855400005,
                -6.253237901999965
              ],
              [
                107.14191903900007,
                -6.253373434999957
              ],
              [
                107.14203233100005,
                -6.253407317999972
              ],
              [
                107.14206283600004,
                -6.253416502999925
              ],
              [
                107.14252028700008,
                -6.253560514999947
              ],
              [
                107.14252866200007,
                -6.253659718999928
              ],
              [
                107.14246370800004,
                -6.253807125999968
              ],
              [
                107.14238657400006,
                -6.253871882999929
              ],
              [
                107.14233319600004,
                -6.253916747999937
              ],
              [
                107.14217423300005,
                -6.2539727109999586
              ],
              [
                107.14203487500004,
                -6.25403211799994
              ],
              [
                107.14171957300005,
                -6.254166444999951
              ],
              [
                107.14142419200004,
                -6.254400291999956
              ],
              [
                107.14127319300007,
                -6.254619540999953
              ],
              [
                107.14126687700006,
                -6.25476950999996
              ],
              [
                107.14131636100008,
                -6.255781043999946
              ],
              [
                107.14129493700005,
                -6.255825146999938
              ],
              [
                107.14122542200005,
                -6.255968323999977
              ],
              [
                107.14082046300007,
                -6.256532059999925
              ],
              [
                107.14086142300005,
                -6.256785413999979
              ],
              [
                107.14102795400004,
                -6.257050999999932
              ],
              [
                107.14115692400009,
                -6.2570747879999535
              ],
              [
                107.14141888800003,
                -6.257049405999961
              ],
              [
                107.14171338900007,
                -6.256873496999958
              ],
              [
                107.14204578000006,
                -6.2567097249999515
              ],
              [
                107.14212577500007,
                -6.256670263999976
              ],
              [
                107.14228268900007,
                -6.256678028999942
              ],
              [
                107.14242889600007,
                -6.2567636559999755
              ],
              [
                107.14251895300004,
                -6.2568904569999395
              ],
              [
                107.14249786800008,
                -6.257017618999954
              ],
              [
                107.14235264900009,
                -6.257357233999928
              ],
              [
                107.14213997800005,
                -6.257633313999974
              ],
              [
                107.14204998600007,
                -6.25774195799994
              ],
              [
                107.14163056300004,
                -6.258247638999932
              ],
              [
                107.14167093800006,
                -6.2584122399999265
              ],
              [
                107.14186951900007,
                -6.2591389129999575
              ],
              [
                107.14179030200006,
                -6.259405591999949
              ],
              [
                107.14175905200005,
                -6.259451361999935
              ],
              [
                107.14164642000009,
                -6.259616406999954
              ],
              [
                107.14146079300008,
                -6.259747222999974
              ],
              [
                107.14125266100007,
                -6.259766238999929
              ],
              [
                107.14087556800006,
                -6.259709932999954
              ],
              [
                107.14019103500003,
                -6.259579410999947
              ],
              [
                107.14005063800005,
                -6.25965834599998
              ],
              [
                107.14002430300006,
                -6.259758504999977
              ],
              [
                107.14004829400004,
                -6.26007058699997
              ],
              [
                107.14004536600002,
                -6.26077828999996
              ],
              [
                107.13998615100007,
                -6.2610182239999395
              ],
              [
                107.13982868000005,
                -6.261422782999943
              ],
              [
                107.13958793200005,
                -6.261884079999959
              ],
              [
                107.13938310700007,
                -6.2622768109999365
              ],
              [
                107.1393562684178,
                -6.262316640652011
              ],
              [
                107.1393252408206,
                -6.262291272935608
              ],
              [
                107.13926461052141,
                -6.2622408132127605
              ],
              [
                107.13920442259389,
                -6.262189825966511
              ],
              [
                107.13914468162164,
                -6.262138315079891
              ],
              [
                107.13908539215423,
                -6.262086284475798
              ],
              [
                107.13902655870677,
                -6.2620337381167195
              ],
              [
                107.13896818575972,
                -6.26198068000441
              ],
              [
                107.13891027775846,
                -6.261927114179606
              ],
              [
                107.1388528391129,
                -6.2618730447217
              ],
              [
                107.13879587419724,
                -6.261818475748444
              ],
              [
                107.1387393873496,
                -6.2617634114156315
              ],
              [
                107.13868338287169,
                -6.261707855916771
              ],
              [
                107.13862786502843,
                -6.261651813482786
              ],
              [
                107.13857283804775,
                -6.261595288381673
              ],
              [
                107.13851830612015,
                -6.261538284918188
              ],
              [
                107.13846427339844,
                -6.2614808074335215
              ],
              [
                107.1384107439974,
                -6.261422860304957
              ],
              [
                107.13835772199346,
                -6.2613644479455415
              ],
              [
                107.1383365340229,
                -6.261340692684423
              ],
              [
                107.13871836800007,
                -6.260567775999959
              ],
              [
                107.13882721100003,
                -6.260153265999975
              ],
              [
                107.13837035400009,
                -6.259899456999961
              ],
              [
                107.13850994900007,
                -6.259632956999952
              ],
              [
                107.13904294900003,
                -6.259861384999965
              ],
              [
                107.13916985300004,
                -6.259417218999943
              ],
              [
                107.13853533000007,
                -6.259138028999927
              ],
              [
                107.13771045100003,
                -6.258934981999969
              ],
              [
                107.13774852200004,
                -6.258287767999945
              ],
              [
                107.13944904300007,
                -6.2587065529999695
              ],
              [
                107.13955056700007,
                -6.2582243159999384
              ],
              [
                107.13867492500003,
                -6.25794512599998
              ],
              [
                107.13872568700003,
                -6.257615173999968
              ],
              [
                107.13792618800005,
                -6.257539030999965
              ],
              [
                107.13795156900004,
                -6.256841055999928
              ],
              [
                107.13838299400004,
                -6.256346714999949
              ],
              [
                107.13944123200008,
                -6.256516802999953
              ],
              [
                107.13962579300005,
                -6.25564793199993
              ],
              [
                107.13986235100003,
                -6.2538821699999385
              ],
              [
                107.14032086300006,
                -6.253847493999955
              ],
              [
                107.14040396900003,
                -6.253199929999939
              ],
              [
                107.13879599100005,
                -6.253187316999969
              ],
              [
                107.13871361500009,
                -6.2531904539999354
              ],
              [
                107.13854923400002,
                -6.25319672699993
              ],
              [
                107.13873184100002,
                -6.253715950999946
              ],
              [
                107.13862885800006,
                -6.2542207919999555
              ],
              [
                107.13847846300007,
                -6.254240565999963
              ],
              [
                107.13841554500004,
                -6.254614099999969
              ],
              [
                107.13838978400007,
                -6.255002124999974
              ],
              [
                107.13840636200007,
                -6.255103736999956
              ],
              [
                107.13832414000007,
                -6.255419866999943
              ],
              [
                107.13812326100003,
                -6.2559401099999254
              ],
              [
                107.13794429600006,
                -6.256371689999979
              ],
              [
                107.13606253684823,
                -6.255996123506304
              ],
              [
                107.13605870427313,
                -6.255944503721063
              ],
              [
                107.13605354799529,
                -6.255865761123756
              ],
              [
                107.13604907860866,
                -6.255786976498091
              ],
              [
                107.13604529645326,
                -6.255708155843837
              ],
              [
                107.13604220181684,
                -6.255629305163508
              ],
              [
                107.13603979493472,
                -6.255550430461898
              ],
              [
                107.1360380759899,
                -6.255471537745629
              ],
              [
                107.13603704511299,
                -6.255392633022697
              ],
              [
                107.13603670238214,
                -6.255313722302005
              ],
              [
                107.13603704782321,
                -6.25523481159291
              ],
              [
                107.13603808140952,
                -6.2551559069047675
              ],
              [
                107.13603980306209,
                -6.255077014246469
              ],
              [
                107.1360422126495,
                -6.25499813962599
              ],
              [
                107.1360453099879,
                -6.254919289049931
              ],
              [
                107.13604909484117,
                -6.254840468523054
              ],
              [
                107.1360535669207,
                -6.254761684047833
              ],
              [
                107.13605872588566,
                -6.254682941623995
              ],
              [
                107.13606457134287,
                -6.2546042472480545
              ],
              [
                107.13607110284686,
                -6.254525606912882
              ],
              [
                107.13607831989991,
                -6.254447026607207
              ],
              [
                107.13608622195213,
                -6.254368512315204
              ],
              [
                107.13609480840145,
                -6.254290070016004
              ],
              [
                107.13610407859365,
                -6.254211705683261
              ],
              [
                107.13611403182249,
                -6.254133425284687
              ],
              [
                107.1361246673297,
                -6.254055234781599
              ],
              [
                107.13613598430503,
                -6.25397714012847
              ],
              [
                107.13614798188635,
                -6.253899147272461
              ],
              [
                107.13616065915969,
                -6.253821262152985
              ],
              [
                107.13617401515937,
                -6.25374349070125
              ],
              [
                107.13618804886795,
                -6.2536658388398
              ],
              [
                107.13620275921646,
                -6.253588312482072
              ],
              [
                107.13621814508433,
                -6.253510917531943
              ],
              [
                107.13622724207573,
                -6.253467156467169
              ],
              [
                107.13634280300005,
                -6.253448866999975
              ],
              [
                107.13644259613781,
                -6.252634495381968
              ],
              [
                107.13645498820411,
                -6.252594561927383
              ],
              [
                107.13647903058266,
                -6.252519407364333
              ],
              [
                107.13650372743766,
                -6.252444465609116
              ],
              [
                107.1365290768881,
                -6.252369742368745
              ],
              [
                107.1365550770033,
                -6.2522952433335925
              ],
              [
                107.13658172580298,
                -6.252220974176955
              ],
              [
                107.13660902125751,
                -6.252146940554619
              ],
              [
                107.13663696128798,
                -6.252073148104435
              ],
              [
                107.13666554376644,
                -6.251999602445875
              ],
              [
                107.13669476651599,
                -6.251926309179632
              ],
              [
                107.13672462731098,
                -6.251853273887164
              ],
              [
                107.13675512387715,
                -6.251780502130282
              ],
              [
                107.13678625389188,
                -6.251707999450734
              ],
              [
                107.1368180149843,
                -6.251635771369768
              ],
              [
                107.13685040473543,
                -6.25156382338772
              ],
              [
                107.13688342067849,
                -6.251492160983592
              ],
              [
                107.13691706029897,
                -6.251420789614636
              ],
              [
                107.13695132103489,
                -6.251349714715945
              ],
              [
                107.13696720604561,
                -6.251317482650204
              ],
              [
                107.13944434500007,
                -6.252012596999975
              ],
              [
                107.13989447600004,
                -6.251084084999945
              ],
              [
                107.14015393400005,
                -6.250278176999928
              ],
              [
                107.14036681100004,
                -6.250071238999965
              ],
              [
                107.14067619800004,
                -6.250259329999949
              ],
              [
                107.14099582100003,
                -6.2504366219999365
              ],
              [
                107.14131674700006,
                -6.25000039799994
              ],
              [
                107.14131700200004,
                -6.249999999999942
              ],
              [
                107.14138136900003,
                -6.249899629999958
              ],
              [
                107.14183402300004,
                -6.249999999999942
              ],
              [
                107.14183566000007,
                -6.2500003629999705
              ],
              [
                107.14183573500007,
                -6.250000362999971
              ],
              [
                107.14201862900005,
                -6.25004101199994
              ],
              [
                107.14242378700003,
                -6.250131007999926
              ],
              [
                107.14257635200003,
                -6.250022650999936
              ],
              [
                107.14296373300004,
                -6.25017435999996
              ],
              [
                107.14316698600004,
                -6.250000448999969
              ],
              [
                107.14316706000005,
                -6.250000449999958
              ],
              [
                107.14316758600008,
                -6.249999999999942
              ],
              [
                107.14328004300006,
                -6.24990373199995
              ],
              [
                107.14332581100007,
                -6.249856004999969
              ],
              [
                107.14334926200007,
                -6.249871003999941
              ],
              [
                107.14344611100006,
                -6.249854971999981
              ],
              [
                107.14374586500008,
                -6.24972631199995
              ],
              [
                107.14397840000004,
                -6.2495361939999725
              ],
              [
                107.14398684800007,
                -6.249525313999924
              ],
              [
                107.14421498000007,
                -6.24962597299998
              ],
              [
                107.14402687200004,
                -6.249933133999946
              ],
              [
                107.14414087300008,
                -6.249999999999944
              ],
              [
                107.14414149200007,
                -6.25000036299997
              ],
              [
                107.14414156600009,
                -6.250000452999927
              ],
              [
                107.14441441400004,
                -6.2501606709999455
              ],
              [
                107.14446245000005,
                -6.25039573799995
              ],
              [
                107.14417357100007,
                -6.250560868999968
              ]
            ]
          ],
          [
            [
              [
                107.13860179700004,
                -6.260625552999953
              ],
              [
                107.13838367400007,
                -6.260599238999932
              ],
              [
                107.13871836800007,
                -6.260567775999959
              ],
              [
                107.13860179700004,
                -6.260625552999953
              ]
            ]
          ]
        ]
      },
      "properties": {
        "NAMOBJ": " ",
        "FCODE": "GA03060140",
        "REMARK": "Permukiman dan Tempat Kegiatan",
        "METADATA": "RBI25KPROVINSIJABAR",
        "SRS_ID": "4326",
        "SHAPE_Length": 0.2939999899400869,
        "SHAPE_Area": 0.0003900549368918419,
        "dataset_role": "rbi_reference",
        "source_file": "25k st cikarang.zip",
        "source_layer": "PERMUKIMAN_AR_25K",
        "radius_m": 1000,
        "geometry_clipped": true,
        "center_status": "unverified_geocoded_station_reference"
      }
    },
    {
      "type": "Feature",
      "id": "rbi:cf84ebbfe3d75137a684",
      "geometry": {
        "type": "MultiPolygon",
        "coordinates": [
          [
            [
              [
                107.13953317600004,
                -6.2623589889999485
              ],
              [
                107.13977138200005,
                -6.261986818999959
              ],
              [
                107.13996213900003,
                -6.261688774999927
              ],
              [
                107.14027188300008,
                -6.2610480599999505
              ],
              [
                107.14031168600008,
                -6.260779552999964
              ],
              [
                107.14033516200003,
                -6.259958879999943
              ],
              [
                107.14042796600005,
                -6.259918733999938
              ],
              [
                107.14062854400002,
                -6.259947198999953
              ],
              [
                107.14119298900003,
                -6.260076402999969
              ],
              [
                107.14148284600007,
                -6.260040422999966
              ],
              [
                107.14173161000008,
                -6.25991983199998
              ],
              [
                107.14198097900004,
                -6.2596734289999745
              ],
              [
                107.14205754800008,
                -6.259597827999927
              ],
              [
                107.14214702700008,
                -6.259509339999964
              ],
              [
                107.14216956200005,
                -6.259390667999981
              ],
              [
                107.14213258800004,
                -6.259146877999966
              ],
              [
                107.14205460800008,
                -6.258876411999949
              ],
              [
                107.14199990300007,
                -6.258686923999961
              ],
              [
                107.14197394300004,
                -6.258440377999931
              ],
              [
                107.14203743600007,
                -6.258208921999938
              ],
              [
                107.14205179400005,
                -6.258185725999965
              ],
              [
                107.14216487200008,
                -6.258002150999968
              ],
              [
                107.14242761900005,
                -6.257730023999953
              ],
              [
                107.14270296000007,
                -6.257386081999926
              ],
              [
                107.14277137000005,
                -6.257173043999955
              ],
              [
                107.14276255200008,
                -6.2569833689999514
              ],
              [
                107.14269183100004,
                -6.256739174999949
              ],
              [
                107.14253848900006,
                -6.256529481999961
              ],
              [
                107.14232103400008,
                -6.2563441829999515
              ],
              [
                107.14218250200008,
                -6.256332365999981
              ],
              [
                107.14204437200004,
                -6.256364020999968
              ],
              [
                107.1419145770001,
                -6.256393651999927
              ],
              [
                107.14171947100004,
                -6.256519717999934
              ],
              [
                107.14156832400005,
                -6.256702452999943
              ],
              [
                107.14141102300005,
                -6.2568375829999345
              ],
              [
                107.14129645300005,
                -6.2568376889999495
              ],
              [
                107.14111057000008,
                -6.256758910999962
              ],
              [
                107.14099390800004,
                -6.2566115219999565
              ],
              [
                107.14098306400007,
                -6.256491086999972
              ],
              [
                107.14107277000005,
                -6.256367078999973
              ],
              [
                107.14124513100006,
                -6.256253036999965
              ],
              [
                107.14139939500006,
                -6.256122348999953
              ],
              [
                107.14147335500007,
                -6.255954749999942
              ],
              [
                107.14149165000005,
                -6.2557829499999675
              ],
              [
                107.14150047700008,
                -6.255700214999934
              ],
              [
                107.14155068700006,
                -6.254731206999963
              ],
              [
                107.14166930900006,
                -6.2545187779999765
              ],
              [
                107.14196031300008,
                -6.25423469599997
              ],
              [
                107.14203565400004,
                -6.254223361999947
              ],
              [
                107.14214874000004,
                -6.254206450999958
              ],
              [
                107.14239685000007,
                -6.254145335999964
              ],
              [
                107.14254531000006,
                -6.253997949999927
              ],
              [
                107.14258345200005,
                -6.2539434749999705
              ],
              [
                107.14274683100007,
                -6.253709894999928
              ],
              [
                107.14278501000007,
                -6.253554644999949
              ],
              [
                107.14274815400006,
                -6.253412714999966
              ],
              [
                107.14265216600006,
                -6.253292807999968
              ],
              [
                107.1424300990001,
                -6.253163924999967
              ],
              [
                107.14209158000006,
                -6.252938084999925
              ],
              [
                107.14203000300006,
                -6.252835481999966
              ],
              [
                107.14200180300008,
                -6.25278850799998
              ],
              [
                107.14195900800007,
                -6.252505063999933
              ],
              [
                107.14190698800007,
                -6.2522431689999385
              ],
              [
                107.14202729700008,
                -6.252170824999949
              ],
              [
                107.14278174800006,
                -6.251765729999931
              ],
              [
                107.14310054200007,
                -6.252123427999947
              ],
              [
                107.14324183200006,
                -6.252136227999927
              ],
              [
                107.14339824600007,
                -6.252058222999949
              ],
              [
                107.14357582100007,
                -6.251871582999968
              ],
              [
                107.14372486200006,
                -6.251592869999967
              ],
              [
                107.14394617100004,
                -6.2511153849999355
              ],
              [
                107.14415140200005,
                -6.250933603999954
              ],
              [
                107.14480561500005,
                -6.25053686999996
              ],
              [
                107.14533527000003,
                -6.250284803999932
              ],
              [
                107.14558815800007,
                -6.250044168999977
              ],
              [
                107.14561479700006,
                -6.250000406999957
              ],
              [
                107.14569848600009,
                -6.2498626849999255
              ],
              [
                107.14570054400008,
                -6.249800945999938
              ],
              [
                107.14575847700007,
                -6.249759313999959
              ],
              [
                107.14581829300006,
                -6.249722375999966
              ],
              [
                107.14616708000005,
                -6.249506927999961
              ],
              [
                107.14644379300006,
                -6.249281470999961
              ],
              [
                107.14711343000005,
                -6.24939840199994
              ],
              [
                107.14774856100009,
                -6.248963241999946
              ],
              [
                107.14726919300007,
                -6.248485183999946
              ],
              [
                107.14725386500005,
                -6.248014629999943
              ],
              [
                107.14783781300008,
                -6.247687684999959
              ],
              [
                107.14848002600007,
                -6.247656228999972
              ],
              [
                107.14849541300005,
                -6.247721331999969
              ],
              [
                107.14859189500004,
                -6.248363910999953
              ],
              [
                107.14868637400009,
                -6.248515727999973
              ],
              [
                107.14880618500007,
                -6.248559072999965
              ],
              [
                107.14895654700007,
                -6.248513628999945
              ],
              [
                107.14905258100003,
                -6.248407671999926
              ],
              [
                107.14914619600006,
                -6.2482198379999545
              ],
              [
                107.15008119800007,
                -6.248033354999961
              ],
              [
                107.15020105932952,
                -6.247868074450507
              ],
              [
                107.1502564065248,
                -6.247906495489381
              ],
              [
                107.15032080556033,
                -6.24795203823647
              ],
              [
                107.15038480499472,
                -6.24799814160437
              ],
              [
                107.15044839995431,
                -6.2480448020822745
              ],
              [
                107.15051158559619,
                -6.24809201611695
              ],
              [
                107.1505743571086,
                -6.248139780113011
              ],
              [
                107.15063670971134,
                -6.248188090433192
              ],
              [
                107.1506986386561,
                -6.248236943398618
              ],
              [
                107.15076013922679,
                -6.248286335289099
              ],
              [
                107.15082120674002,
                -6.248336262343399
              ],
              [
                107.15088183654528,
                -6.248386720759519
              ],
              [
                107.15094202402547,
                -6.248437706695019
              ],
              [
                107.1510017645971,
                -6.248489216267261
              ],
              [
                107.15106105371076,
                -6.248541245553747
              ],
              [
                107.15111988685139,
                -6.248593790592395
              ],
              [
                107.15117825953865,
                -6.248646847381843
              ],
              [
                107.15123616732728,
                -6.248700411881769
              ],
              [
                107.15129360580737,
                -6.248754480013177
              ],
              [
                107.15135057060482,
                -6.24880904765872
              ],
              [
                107.1514070573815,
                -6.248864110663012
              ],
              [
                107.15146306183577,
                -6.248919664832945
              ],
              [
                107.15151857970268,
                -6.248975705938007
              ],
              [
                107.1515736067543,
                -6.2490322297106
              ],
              [
                107.15162813880012,
                -6.249089231846372
              ],
              [
                107.1516821716873,
                -6.24914670800454
              ],
              [
                107.15173570130099,
                -6.249204653808226
              ],
              [
                107.1517887235647,
                -6.249263064844785
              ],
              [
                107.15184123444054,
                -6.249321936666135
              ],
              [
                107.15189322992956,
                -6.249381264789119
              ],
              [
                107.15194376507134,
                -6.249439951899718
              ],
              [
                107.15176975000008,
                -6.249467758999969
              ],
              [
                107.15158559700008,
                -6.24966599499993
              ],
              [
                107.15132802200009,
                -6.249999999999944
              ],
              [
                107.15132773200008,
                -6.250000375999946
              ],
              [
                107.15109469000004,
                -6.250302570999963
              ],
              [
                107.15082271000006,
                -6.250701000999924
              ],
              [
                107.15140404300008,
                -6.250773546999937
              ],
              [
                107.15174142800004,
                -6.250794399999961
              ],
              [
                107.15187944500009,
                -6.250990775999981
              ],
              [
                107.15282145600008,
                -6.250951036999936
              ],
              [
                107.15286299406547,
                -6.250730385615853
              ],
              [
                107.1528991558741,
                -6.250792433025922
              ],
              [
                107.15293828766926,
                -6.250860943294887
              ],
              [
                107.15297682053034,
                -6.250929792667588
              ],
              [
                107.15301475152279,
                -6.250998975901004
              ],
              [
                107.15305207775783,
                -6.251068487726695
              ],
              [
                107.15308879639278,
                -6.251138322851192
              ],
              [
                107.15312490463116,
                -6.251208475956408
              ],
              [
                107.15316039972303,
                -6.25127894170003
              ],
              [
                107.15319527896511,
                -6.251349714715945
              ],
              [
                107.15322953970104,
                -6.251420789614636
              ],
              [
                107.15326317932153,
                -6.251492160983592
              ],
              [
                107.15329619526457,
                -6.251563823387719
              ],
              [
                107.15332858501571,
                -6.251635771369768
              ],
              [
                107.15336034610812,
                -6.251707999450733
              ],
              [
                107.15339147612285,
                -6.2517805021302815
              ],
              [
                107.15342197268903,
                -6.251853273887164
              ],
              [
                107.15345183348401,
                -6.25192630917963
              ],
              [
                107.15348105623357,
                -6.251999602445875
              ],
              [
                107.15350963871202,
                -6.252073148104435
              ],
              [
                107.1535375787425,
                -6.25214694055462
              ],
              [
                107.15356487419703,
                -6.252220974176955
              ],
              [
                107.1535915229967,
                -6.2522952433335925
              ],
              [
                107.15361752311192,
                -6.252369742368745
              ],
              [
                107.15364287256236,
                -6.252444465609116
              ],
              [
                107.15366756941735,
                -6.252519407364334
              ],
              [
                107.1536916117959,
                -6.252594561927383
              ],
              [
                107.15371499786681,
                -6.252669923575044
              ],
              [
                107.15373772584891,
                -6.252745486568319
              ],
              [
                107.1537597940111,
                -6.2528212451528775
              ],
              [
                107.15378120067254,
                -6.252897193559493
              ],
              [
                107.15380194420278,
                -6.2529733260044775
              ],
              [
                107.15382202302186,
                -6.2530496366901325
              ],
              [
                107.1538414356004,
                -6.253126119805174
              ],
              [
                107.1538601804598,
                -6.25320276952519
              ],
              [
                107.1538782561723,
                -6.2532795800130785
              ],
              [
                107.1538956613611,
                -6.25335654541949
              ],
              [
                107.15391239470043,
                -6.25343365988328
              ],
              [
                107.15392845491567,
                -6.253510917531943
              ],
              [
                107.15394384078354,
                -6.253588312482072
              ],
              [
                107.15395855113205,
                -6.253665838839799
              ],
              [
                107.15397258484064,
                -6.25374349070125
              ],
              [
                107.15398594084031,
                -6.253821262152985
              ],
              [
                107.15399861811368,
                -6.25389914727246
              ],
              [
                107.15401061569499,
                -6.25397714012847
              ],
              [
                107.15402193267032,
                -6.2540552347816
              ],
              [
                107.15403256817751,
                -6.254133425284687
              ],
              [
                107.15404252140637,
                -6.254211705683261
              ],
              [
                107.15405179159856,
                -6.254290070016003
              ],
              [
                107.15406037804787,
                -6.254368512315204
              ],
              [
                107.15406828010009,
                -6.254447026607209
              ],
              [
                107.15407549715314,
                -6.254525606912881
              ],
              [
                107.15408202865714,
                -6.2546042472480545
              ],
              [
                107.15408787411434,
                -6.254682941623994
              ],
              [
                107.1540930330793,
                -6.254761684047833
              ],
              [
                107.15409750515884,
                -6.254840468523054
              ],
              [
                107.15410129001211,
                -6.254919289049931
              ],
              [
                107.15410438735051,
                -6.25499813962599
              ],
              [
                107.15410679693791,
                -6.255077014246469
              ],
              [
                107.15410851859048,
                -6.2551559069047675
              ],
              [
                107.1541095521768,
                -6.25523481159291
              ],
              [
                107.15410989761786,
                -6.255313722302005
              ],
              [
                107.15410955488703,
                -6.255392633022697
              ],
              [
                107.15410852401011,
                -6.255471537745629
              ],
              [
                107.15410680506528,
                -6.255550430461897
              ],
              [
                107.15410439818318,
                -6.255629305163508
              ],
              [
                107.15410130354674,
                -6.255708155843837
              ],
              [
                107.15409752139135,
                -6.255786976498091
              ],
              [
                107.15409305200471,
                -6.255865761123756
              ],
              [
                107.15408789572689,
                -6.255944503721062
              ],
              [
                107.15408205295026,
                -6.256023198293432
              ],
              [
                107.15407552411943,
                -6.256101838847952
              ],
              [
                107.15406830973131,
                -6.256180419395813
              ],
              [
                107.154060410335,
                -6.256258933952774
              ],
              [
                107.15405182653178,
                -6.2563373765396175
              ],
              [
                107.15404255897502,
                -6.256415741182601
              ],
              [
                107.15403260837019,
                -6.256494021913925
              ],
              [
                107.15402197547475,
                -6.256572212772164
              ],
              [
                107.15401066109814,
                -6.256650307802746
              ],
              [
                107.15399866610171,
                -6.256728301058385
              ],
              [
                107.15398599139863,
                -6.25680618659955
              ],
              [
                107.15397263795383,
                -6.256883958494909
              ],
              [
                107.15395860678393,
                -6.256961610821778
              ],
              [
                107.15394389895717,
                -6.257039137666576
              ],
              [
                107.15392851559331,
                -6.25711653312528
              ],
              [
                107.1539124578636,
                -6.257193791303872
              ],
              [
                107.15389572699057,
                -6.25727090631878
              ],
              [
                107.15387832424808,
                -6.257347872297331
              ],
              [
                107.15386025096116,
                -6.257424683378207
              ],
              [
                107.15384150850583,
                -6.257501333711875
              ],
              [
                107.15382209830918,
                -6.257577817461049
              ],
              [
                107.15380202184906,
                -6.257654128801121
              ],
              [
                107.15378128065412,
                -6.257730261920613
              ],
              [
                107.15375987630362,
                -6.257806211021619
              ],
              [
                107.1537378104273,
                -6.257881970320235
              ],
              [
                107.15371508470531,
                -6.257957534047021
              ],
              [
                107.15369170086805,
                -6.258032896447421
              ],
              [
                107.15366766069603,
                -6.258108051782212
              ],
              [
                107.15364296601975,
                -6.2581829943279335
              ],
              [
                107.15361761871955,
                -6.258257718377336
              ],
              [
                107.15359162072549,
                -6.258332218239794
              ],
              [
                107.15356497401716,
                -6.258406488241764
              ],
              [
                107.15353768062359,
                -6.258480522727205
              ],
              [
                107.15350974262303,
                -6.258554316057996
              ],
              [
                107.15348116214284,
                -6.258627862614396
              ],
              [
                107.15346141553121,
                -6.258677392833065
              ],
              [
                107.15298798400006,
                -6.258476757999973
              ],
              [
                107.15294309300005,
                -6.25846555499993
              ],
              [
                107.15177564900006,
                -6.257939892999957
              ],
              [
                107.15155688500005,
                -6.257817871999973
              ],
              [
                107.15151164000008,
                -6.257792749999961
              ],
              [
                107.15099692200005,
                -6.257508530999929
              ],
              [
                107.15094167800004,
                -6.257479201999955
              ],
              [
                107.15052947000004,
                -6.257633725999937
              ],
              [
                107.14985949600003,
                -6.257400663999932
              ],
              [
                107.14983255100009,
                -6.25764281599993
              ],
              [
                107.14954690600007,
                -6.258107098999971
              ],
              [
                107.15034665100006,
                -6.25797629699997
              ],
              [
                107.15057621400007,
                -6.258407650999969
              ],
              [
                107.15096261400005,
                -6.25860897299998
              ],
              [
                107.15100980200005,
                -6.259017845999948
              ],
              [
                107.15137533200006,
                -6.259143151999978
              ],
              [
                107.15188177600005,
                -6.259407791999931
              ],
              [
                107.1519448640001,
                -6.259497010999952
              ],
              [
                107.15191870700006,
                -6.259621753999966
              ],
              [
                107.15191430400007,
                -6.25983823399997
              ],
              [
                107.1519632900001,
                -6.259921726999947
              ],
              [
                107.15212514700005,
                -6.260008642999934
              ],
              [
                107.15267098400005,
                -6.260196837999955
              ],
              [
                107.15267733028335,
                -6.260199454095964
              ],
              [
                107.1526520994093,
                -6.2602387068828556
              ],
              [
                107.15260886212687,
                -6.260304700059097
              ],
              [
                107.15256505096589,
                -6.260370313159361
              ],
              [
                107.15252066926261,
                -6.260435541186818
              ],
              [
                107.15247572039677,
                -6.2605003791739575
              ],
              [
                107.15243020779128,
                -6.2605648221829755
              ],
              [
                107.152384134912,
                -6.260628865306144
              ],
              [
                107.15233750526747,
                -6.260692503666189
              ],
              [
                107.15229032240862,
                -6.260755732416654
              ],
              [
                107.1522425899285,
                -6.260818546742283
              ],
              [
                107.15219431146207,
                -6.260880941859373
              ],
              [
                107.15214549068583,
                -6.260942913016147
              ],
              [
                107.15209613131759,
                -6.261004455493116
              ],
              [
                107.15204623711621,
                -6.2610655646034346
              ],
              [
                107.15199581188124,
                -6.261126235693255
              ],
              [
                107.15194485945271,
                -6.2611864641420905
              ],
              [
                107.15189338371081,
                -6.261246245363167
              ],
              [
                107.15184138857556,
                -6.261305574803754
              ],
              [
                107.15178887800654,
                -6.2613644479455415
              ],
              [
                107.1517358560026,
                -6.261422860304957
              ],
              [
                107.15168232660156,
                -6.261480807433521
              ],
              [
                107.15162829387985,
                -6.261538284918188
              ],
              [
                107.15157376195225,
                -6.261595288381672
              ],
              [
                107.15151873497159,
                -6.261651813482786
              ],
              [
                107.15146321712832,
                -6.261707855916771
              ],
              [
                107.1514072126504,
                -6.2617634114156315
              ],
              [
                107.15135072580277,
                -6.261818475748444
              ],
              [
                107.15129376088711,
                -6.2618730447217
              ],
              [
                107.15123632224156,
                -6.261927114179606
              ],
              [
                107.15117841424028,
                -6.26198068000441
              ],
              [
                107.15112004129324,
                -6.2620337381167195
              ],
              [
                107.15106120784579,
                -6.262086284475798
              ],
              [
                107.15100191837836,
                -6.262138315079891
              ],
              [
                107.15094217740611,
                -6.262189825966511
              ],
              [
                107.1508819894786,
                -6.2622408132127605
              ],
              [
                107.1508213591794,
                -6.262291272935608
              ],
              [
                107.15076029112583,
                -6.262341201292202
              ],
              [
                107.1506987899685,
                -6.262390594480154
              ],
              [
                107.15063686039105,
                -6.262439448737841
              ],
              [
                107.1505745071097,
                -6.262487760344666
              ],
              [
                107.15051173487298,
                -6.262535525621371
              ],
              [
                107.15044854846133,
                -6.262582740930297
              ],
              [
                107.15038495268672,
                -6.262629402675664
              ],
              [
                107.1503209523923,
                -6.2626755073038645
              ],
              [
                107.15025655245208,
                -6.262721051303705
              ],
              [
                107.15019175777041,
                -6.262766031206689
              ],
              [
                107.15012657328182,
                -6.26281044358728
              ],
              [
                107.15006100395043,
                -6.262854285063161
              ],
              [
                107.14999505476973,
                -6.262897552295495
              ],
              [
                107.14992873076214,
                -6.262940241989176
              ],
              [
                107.14986203697859,
                -6.2629823508930835
              ],
              [
                107.14979497849825,
                -6.26302387580032
              ],
              [
                107.14972756042799,
                -6.263064813548463
              ],
              [
                107.1496597879021,
                -6.263105161019817
              ],
              [
                107.14959166608186,
                -6.263144915141628
              ],
              [
                107.14952320015519,
                -6.263184072886338
              ],
              [
                107.14945439533618,
                -6.263222631271798
              ],
              [
                107.14938525686472,
                -6.263260587361509
              ],
              [
                107.14931579000618,
                -6.263297938264839
              ],
              [
                107.14924600005088,
                -6.2633346811372475
              ],
              [
                107.14917589231378,
                -6.263370813180494
              ],
              [
                107.14910547213402,
                -6.263406331642863
              ],
              [
                107.14903474487457,
                -6.263441233819364
              ],
              [
                107.14896371592177,
                -6.263475517051936
              ],
              [
                107.14889239068492,
                -6.263509178729667
              ],
              [
                107.14882077459593,
                -6.263542216288965
              ],
              [
                107.14874887310884,
                -6.263574627213779
              ],
              [
                107.14867669169946,
                -6.26360640903578
              ],
              [
                107.14860423586485,
                -6.263637559334542
              ],
              [
                107.14853151112302,
                -6.263668075737746
              ],
              [
                107.14845852301248,
                -6.263697955921335
              ],
              [
                107.14838527709178,
                -6.263727197609713
              ],
              [
                107.14831177893907,
                -6.26375579857591
              ],
              [
                107.14823803415179,
                -6.263783756641747
              ],
              [
                107.14816404834609,
                -6.263811069678003
              ],
              [
                107.14808982715653,
                -6.263837735604597
              ],
              [
                107.14801537623558,
                -6.2638637523907095
              ],
              [
                107.14794070125319,
                -6.263889118054971
              ],
              [
                107.14786580789642,
                -6.2639138306655955
              ],
              [
                107.14779070186891,
                -6.2639378883405294
              ],
              [
                107.14771538889056,
                -6.263961289247602
              ],
              [
                107.14763987469696,
                -6.263984031604654
              ],
              [
                107.14756416503913,
                -6.264006113679687
              ],
              [
                107.14748826568284,
                -6.264027533790981
              ],
              [
                107.14741218240843,
                -6.264048290307233
              ],
              [
                107.14733592101018,
                -6.264068381647679
              ],
              [
                107.147259487296,
                -6.264087806282204
              ],
              [
                107.14718288708683,
                -6.264106562731483
              ],
              [
                107.14710612621639,
                -6.264124649567062
              ],
              [
                107.14702921053056,
                -6.264142065411496
              ],
              [
                107.14695947748298,
                -6.264157216032445
              ],
              [
                107.14701636100007,
                -6.263718939999931
              ],
              [
                107.14670400700005,
                -6.26357289599997
              ],
              [
                107.14621899300006,
                -6.264178538999943
              ],
              [
                107.14574682700004,
                -6.264118197999948
              ],
              [
                107.14574729900005,
                -6.263887089999969
              ],
              [
                107.14598260500009,
                -6.26369976099994
              ],
              [
                107.14627740400005,
                -6.262594001999957
              ],
              [
                107.14583013400005,
                -6.262519096999939
              ],
              [
                107.14549105400005,
                -6.262486409999951
              ],
              [
                107.14538517400007,
                -6.262462349999964
              ],
              [
                107.14536806900009,
                -6.2625058029999545
              ],
              [
                107.14525490300008,
                -6.262904757999933
              ],
              [
                107.14513031900009,
                -6.263170898999931
              ],
              [
                107.14497540000009,
                -6.263360158999944
              ],
              [
                107.14465417000008,
                -6.263357405999954
              ],
              [
                107.14448176900004,
                -6.2635528829999325
              ],
              [
                107.14343854400003,
                -6.2639154199999325
              ],
              [
                107.14305635200009,
                -6.263978392999944
              ],
              [
                107.14304881934383,
                -6.264126539233949
              ],
              [
                107.14304047378361,
                -6.264124649567062
              ],
              [
                107.14296371291317,
                -6.264106562731483
              ],
              [
                107.14288711270402,
                -6.264087806282204
              ],
              [
                107.14281067898982,
                -6.264068381647679
              ],
              [
                107.14273441759157,
                -6.264048290307233
              ],
              [
                107.14265833431716,
                -6.264027533790981
              ],
              [
                107.14258243496089,
                -6.264006113679687
              ],
              [
                107.14250672530304,
                -6.263984031604654
              ],
              [
                107.14243121110945,
                -6.263961289247602
              ],
              [
                107.1423558981311,
                -6.2639378883405294
              ],
              [
                107.14228079210359,
                -6.2639138306655955
              ],
              [
                107.14220589874682,
                -6.263889118054971
              ],
              [
                107.14213122376444,
                -6.2638637523907095
              ],
              [
                107.14205677284347,
                -6.263837735604597
              ],
              [
                107.14198255165391,
                -6.263811069678003
              ],
              [
                107.14190856584823,
                -6.263783756641747
              ],
              [
                107.14183482106093,
                -6.26375579857591
              ],
              [
                107.14176132290824,
                -6.263727197609713
              ],
              [
                107.14168807698752,
                -6.2636979559213355
              ],
              [
                107.14161508887699,
                -6.263668075737746
              ],
              [
                107.14154236413516,
                -6.263637559334542
              ],
              [
                107.14146990830055,
                -6.26360640903578
              ],
              [
                107.14139772689116,
                -6.263574627213779
              ],
              [
                107.14132582540408,
                -6.263542216288965
              ],
              [
                107.1412542093151,
                -6.263509178729667
              ],
              [
                107.14118288407825,
                -6.263475517051937
              ],
              [
                107.14111185512544,
                -6.263441233819364
              ],
              [
                107.14104112786598,
                -6.263406331642863
              ],
              [
                107.14097070768622,
                -6.263370813180494
              ],
              [
                107.14090059994912,
                -6.2633346811372475
              ],
              [
                107.14083080999382,
                -6.263297938264839
              ],
              [
                107.14076134313528,
                -6.263260587361509
              ],
              [
                107.14069220466384,
                -6.263222631271798
              ],
              [
                107.14062339984481,
                -6.263184072886338
              ],
              [
                107.14055493391814,
                -6.263144915141628
              ],
              [
                107.14048681209792,
                -6.2631051610198165
              ],
              [
                107.14041903957202,
                -6.263064813548463
              ],
              [
                107.14035162150176,
                -6.26302387580032
              ],
              [
                107.14028456302141,
                -6.2629823508930835
              ],
              [
                107.14021786923787,
                -6.2629402419891775
              ],
              [
                107.14015154523028,
                -6.262897552295495
              ],
              [
                107.14008559604957,
                -6.262854285063161
              ],
              [
                107.14002002671819,
                -6.26281044358728
              ],
              [
                107.1399548422296,
                -6.262766031206689
              ],
              [
                107.13989004754794,
                -6.262721051303705
              ],
              [
                107.1398256476077,
                -6.2626755073038645
              ],
              [
                107.13976164731329,
                -6.262629402675664
              ],
              [
                107.13969805153867,
                -6.262582740930296
              ],
              [
                107.13963486512704,
                -6.262535525621371
              ],
              [
                107.13957209289032,
                -6.262487760344666
              ],
              [
                107.13950973960897,
                -6.262439448737841
              ],
              [
                107.13949624103404,
                -6.262428800146362
              ],
              [
                107.13953317600004,
                -6.2623589889999485
              ]
            ]
          ],
          [
            [
              [
                107.14446456800005,
                -6.264138535999962
              ],
              [
                107.14537008831972,
                -6.2643514748397955
              ],
              [
                107.14530985461445,
                -6.264353316370044
              ],
              [
                107.14523101308562,
                -6.264355037843608
              ],
              [
                107.1451521595457,
                -6.264356070780192
              ],
              [
                107.1450733,
                -6.264356415101128
              ],
              [
                107.14499444045431,
                -6.264356070780192
              ],
              [
                107.1449155869144,
                -6.264355037843608
              ],
              [
                107.14483674538555,
                -6.264353316370044
              ],
              [
                107.14475792187218,
                -6.264350906490598
              ],
              [
                107.14467912237733,
                -6.2643478083888
              ],
              [
                107.14460035290217,
                -6.264344022300606
              ],
              [
                107.14452161944563,
                -6.2643395485143465
              ],
              [
                107.14444292800384,
                -6.264334387370734
              ],
              [
                107.1443642845698,
                -6.264328539262834
              ],
              [
                107.14435376992313,
                -6.26432766498201
              ],
              [
                107.14446456800005,
                -6.264138535999962
              ]
            ]
          ]
        ]
      },
      "properties": {
        "NAMOBJ": " ",
        "FCODE": "GA03060140",
        "REMARK": "Permukiman dan Tempat Kegiatan",
        "METADATA": "RBI25KPROVINSIJABAR",
        "SRS_ID": "4326",
        "SHAPE_Length": 2.095827545490381,
        "SHAPE_Area": 0.003161140630442191,
        "dataset_role": "rbi_reference",
        "source_file": "25k st cikarang.zip",
        "source_layer": "PERMUKIMAN_AR_25K",
        "radius_m": 1000,
        "geometry_clipped": true,
        "center_status": "unverified_geocoded_station_reference"
      }
    },
    {
      "type": "Feature",
      "id": "rbi:c02aa9e6e62a8974dc36",
      "geometry": {
        "type": "LineString",
        "coordinates": [
          [
            107.14787146423015,
            -6.246715648225742
          ],
          [
            107.14775796400005,
            -6.246726753999951
          ],
          [
            107.14768135200006,
            -6.246751989999949
          ],
          [
            107.14747027100009,
            -6.246874891999936
          ],
          [
            107.14728564800004,
            -6.246988121999947
          ],
          [
            107.14718169600009,
            -6.247074470999964
          ],
          [
            107.14704850900007,
            -6.247209493999947
          ],
          [
            107.14695336900009,
            -6.247341314999971
          ],
          [
            107.14689463100008,
            -6.247463268999981
          ],
          [
            107.14680802400007,
            -6.247691439999923
          ],
          [
            107.14680041900006,
            -6.24777164599993
          ],
          [
            107.14682702500006,
            -6.247847427999941
          ],
          [
            107.14679300200005,
            -6.2480884289999485
          ],
          [
            107.1467661760001,
            -6.248164880999981
          ],
          [
            107.14669307100009,
            -6.248244026999941
          ],
          [
            107.14651756500007,
            -6.2485178059999384
          ],
          [
            107.14637920000007,
            -6.2487186789999765
          ],
          [
            107.14630647000007,
            -6.24879877199993
          ],
          [
            107.14615902500009,
            -6.248957509999967
          ],
          [
            107.14605266700005,
            -6.249041202999934
          ],
          [
            107.14593283700003,
            -6.249150948999954
          ],
          [
            107.14582925600007,
            -6.249308893999967
          ],
          [
            107.14566884800007,
            -6.249454179999927
          ],
          [
            107.14559319400007,
            -6.2495309039999265
          ],
          [
            107.14556839500005,
            -6.249537223999935
          ],
          [
            107.14546884400005,
            -6.249495657999946
          ],
          [
            107.14521568700007,
            -6.249338146999946
          ],
          [
            107.14493556000008,
            -6.24917297199994
          ],
          [
            107.14448776700004,
            -6.248979651999945
          ],
          [
            107.14428931000005,
            -6.2488929719999655
          ],
          [
            107.14400935800006,
            -6.248790867999956
          ],
          [
            107.14320514100007,
            -6.248466138999958
          ],
          [
            107.14161353800006,
            -6.247776487999942
          ],
          [
            107.14100905300006,
            -6.247536341999932
          ],
          [
            107.14069126782519,
            -6.247405528632964
          ]
        ]
      },
      "properties": {
        "NAMOBJ": "12.5",
        "FCODE": " ",
        "REMARK": "Garis Kontur",
        "METADATA": null,
        "SRS_ID": " ",
        "JNSKNT": 2,
        "SMBKNT": null,
        "VALKNT": 12.5,
        "SHAPE_Length": 0.2801891562322372,
        "dataset_role": "rbi_reference",
        "source_file": "25k st cikarang.zip",
        "source_layer": "KONTUR_LN_25K",
        "radius_m": 1000,
        "geometry_clipped": true,
        "center_status": "unverified_geocoded_station_reference"
      }
    },
    {
      "type": "Feature",
      "id": "rbi:f9e813da09e6db0e35a9",
      "geometry": {
        "type": "MultiLineString",
        "coordinates": [
          [
            [
              107.13627458352104,
              -6.253253065216396
            ],
            [
              107.13637862000007,
              -6.253291196999954
            ],
            [
              107.13662722100008,
              -6.253398801999934
            ],
            [
              107.13683325700002,
              -6.253465113999937
            ],
            [
              107.13695506600003,
              -6.2535236409999575
            ],
            [
              107.13704312100003,
              -6.253586111999938
            ],
            [
              107.13712490600004,
              -6.253693029999965
            ],
            [
              107.13716759500004,
              -6.253724694999959
            ],
            [
              107.13724094100007,
              -6.253749111999978
            ],
            [
              107.13740351500006,
              -6.2537552849999525
            ],
            [
              107.13770123300007,
              -6.253782567999963
            ],
            [
              107.13794199400006,
              -6.25382145499998
            ],
            [
              107.13804954600005,
              -6.2538286469999775
            ],
            [
              107.13818121500009,
              -6.253799309999974
            ],
            [
              107.13823228400008,
              -6.253806116999955
            ],
            [
              107.13834290500006,
              -6.253883618999963
            ],
            [
              107.13839125300008,
              -6.253905542999973
            ],
            [
              107.13844421900006,
              -6.253898574999937
            ],
            [
              107.13851102200003,
              -6.253937861999928
            ],
            [
              107.13853576500009,
              -6.253933123999956
            ],
            [
              107.13857788300002,
              -6.25390013699996
            ],
            [
              107.13862723000007,
              -6.253892061999976
            ],
            [
              107.13867247500008,
              -6.253905961999976
            ],
            [
              107.13871308100003,
              -6.253936704999944
            ],
            [
              107.13876459400007,
              -6.25400358199994
            ],
            [
              107.13882395100006,
              -6.254131238999946
            ],
            [
              107.13882721000003,
              -6.254183946999944
            ],
            [
              107.13880563900005,
              -6.254233374999957
            ],
            [
              107.13880435200007,
              -6.254394590999936
            ],
            [
              107.13876541900004,
              -6.254635440999948
            ],
            [
              107.13873739400009,
              -6.2549594049999655
            ],
            [
              107.13874197700005,
              -6.2550400689999615
            ],
            [
              107.13874960400005,
              -6.255120620999944
            ],
            [
              107.13868848700008,
              -6.2554111909999515
            ],
            [
              107.13869614600009,
              -6.255490783999958
            ],
            [
              107.13874467000005,
              -6.255617987999928
            ],
            [
              107.13882074700005,
              -6.2557292419999735
            ],
            [
              107.13883785300004,
              -6.255779316999961
            ],
            [
              107.13883768900008,
              -6.2558321749999655
            ],
            [
              107.13877958500007,
              -6.2560417239999415
            ],
            [
              107.13873711400005,
              -6.256141364999963
            ],
            [
              107.13869036900007,
              -6.256207212999925
            ],
            [
              107.13862344900006,
              -6.256252730999961
            ],
            [
              107.13854731500005,
              -6.256278307999935
            ],
            [
              107.13841215800004,
              -6.256285195999967
            ],
            [
              107.13828021100005,
              -6.256315220999965
            ],
            [
              107.13811883500006,
              -6.256306150999931
            ],
            [
              107.13798372100007,
              -6.2563147829999375
            ],
            [
              107.13788055000003,
              -6.256347593999976
            ],
            [
              107.13782874600008,
              -6.256346863999966
            ],
            [
              107.13777912400009,
              -6.256325179999974
            ],
            [
              107.13774919800005,
              -6.256286140999976
            ],
            [
              107.13775962700004,
              -6.2562493229999605
            ],
            [
              107.13784399200006,
              -6.2561793079999575
            ],
            [
              107.13788220700008,
              -6.256137459999935
            ],
            [
              107.13796025900007,
              -6.255994761999944
            ],
            [
              107.13800000700009,
              -6.2558943189999345
            ],
            [
              107.13800002200009,
              -6.255786768999941
            ],
            [
              107.13803017100008,
              -6.2557122109999455
            ],
            [
              107.13804311100007,
              -6.255661469999949
            ],
            [
              107.13803900000005,
              -6.255625868999971
            ],
            [
              107.13802299400004,
              -6.255611009999939
            ],
            [
              107.13799677600008,
              -6.255612724999934
            ],
            [
              107.13784870400009,
              -6.255689490999941
            ],
            [
              107.13774474700006,
              -6.255733323999949
            ],
            [
              107.13766782500005,
              -6.255740769999933
            ],
            [
              107.13762017300007,
              -6.255725839999967
            ],
            [
              107.13758011900008,
              -6.255695392999938
            ],
            [
              107.13755154900008,
              -6.255649910999977
            ],
            [
              107.13755628500009,
              -6.255606110999963
            ],
            [
              107.13758754700005,
              -6.255562717999963
            ],
            [
              107.13772550600004,
              -6.255455989999973
            ],
            [
              107.13786392300005,
              -6.255348681999975
            ],
            [
              107.13793803600004,
              -6.255263728999977
            ],
            [
              107.13797265600004,
              -6.255190842999978
            ],
            [
              107.13799368900004,
              -6.255084509999961
            ],
            [
              107.13798949900007,
              -6.255031750999935
            ],
            [
              107.13796312400007,
              -6.254990364999969
            ],
            [
              107.13787586300003,
              -6.254930042999945
            ],
            [
              107.13782007700009,
              -6.25488105599993
            ],
            [
              107.13780645800004,
              -6.2548354679999525
            ],
            [
              107.13782459900007,
              -6.254728875999944
            ],
            [
              107.13782052900007,
              -6.2546764869999265
            ],
            [
              107.13779767600005,
              -6.254637400999969
            ],
            [
              107.13773680100007,
              -6.254600872999958
            ],
            [
              107.13759992200005,
              -6.254566408999948
            ],
            [
              107.13746960900004,
              -6.25452037399998
            ],
            [
              107.13728920200003,
              -6.2544653399999675
            ],
            [
              107.13667667000004,
              -6.254347987999949
            ],
            [
              107.13654135900003,
              -6.25434572699993
            ],
            [
              107.13638056100005,
              -6.254367678999924
            ],
            [
              107.13622406400003,
              -6.254412132999961
            ],
            [
              107.13607584700009,
              -6.254477470999975
            ],
            [
              107.13607550425031,
              -6.254477683805504
            ]
          ],
          [
            [
              107.13604178943122,
              -6.255615791087253
            ],
            [
              107.13606112300003,
              -6.255643435999957
            ],
            [
              107.13614609000007,
              -6.255713087999935
            ],
            [
              107.13634575400005,
              -6.25581800799995
            ],
            [
              107.13645384500006,
              -6.255884581999964
            ],
            [
              107.13649972900005,
              -6.255933320999927
            ],
            [
              107.13652478800009,
              -6.255993018999958
            ],
            [
              107.13652386900009,
              -6.256067123999969
            ],
            [
              107.1365022510001,
              -6.256145036999951
            ],
            [
              107.13644476500009,
              -6.256200089999936
            ],
            [
              107.1364350250001,
              -6.256246396999927
            ],
            [
              107.13645965100005,
              -6.2562817609999675
            ],
            [
              107.1365059060001,
              -6.256302056999969
            ],
            [
              107.13656123300007,
              -6.25630491499993
            ],
            [
              107.13661308300004,
              -6.256287934999931
            ],
            [
              107.13664791400004,
              -6.25624899299993
            ],
            [
              107.13665333600007,
              -6.256195968999974
            ],
            [
              107.13667654200009,
              -6.256130993999932
            ],
            [
              107.13669536000003,
              -6.256115314999931
            ],
            [
              107.13671473700005,
              -6.2561194849999415
            ],
            [
              107.13675535500005,
              -6.25617553099994
            ],
            [
              107.13685734800005,
              -6.256426346999944
            ],
            [
              107.13692148500007,
              -6.256563024999934
            ],
            [
              107.13704192900008,
              -6.256805838999983
            ],
            [
              107.13714275100007,
              -6.257057320999932
            ],
            [
              107.13718779400006,
              -6.257123735999927
            ],
            [
              107.13730193300006,
              -6.257195618999958
            ],
            [
              107.13732784600006,
              -6.257234221999963
            ],
            [
              107.13732484300004,
              -6.257282291999955
            ],
            [
              107.13729618200006,
              -6.257314337999957
            ],
            [
              107.13719683600004,
              -6.257352348999974
            ],
            [
              107.13711972700008,
              -6.257387231999928
            ],
            [
              107.13705943700006,
              -6.257441454999935
            ],
            [
              107.13691908700008,
              -6.257606599999971
            ],
            [
              107.13680452800008,
              -6.257758451999964
            ],
            [
              107.13672328800004,
              -6.257865897999976
            ],
            [
              107.13664008800005,
              -6.257933448999949
            ],
            [
              107.13656960900005,
              -6.257968268999943
            ],
            [
              107.13649980800005,
              -6.257980630999953
            ],
            [
              107.13643583888793,
              -6.257971468304316
            ]
          ],
          [
            [
              107.1400452345753,
              -6.262827298262425
            ],
            [
              107.14016110200004,
              -6.262630573999957
            ],
            [
              107.14020040300005,
              -6.262537870999951
            ],
            [
              107.14020131700005,
              -6.262471766999965
            ],
            [
              107.14018253400008,
              -6.262429562999955
            ],
            [
              107.14012741900008,
              -6.262370249999945
            ],
            [
              107.14008173100007,
              -6.26234296399997
            ],
            [
              107.14002870900003,
              -6.2623382979999755
            ],
            [
              107.13992201900004,
              -6.262347971999929
            ],
            [
              107.13990090900006,
              -6.262335392999943
            ],
            [
              107.13989312800004,
              -6.2622970959999416
            ],
            [
              107.13992935600005,
              -6.262221906999966
            ],
            [
              107.13998085800006,
              -6.262092902999938
            ],
            [
              107.14000715800006,
              -6.262046664999957
            ],
            [
              107.14005289900007,
              -6.26201821899997
            ],
            [
              107.14010568200007,
              -6.262015128999962
            ],
            [
              107.14029482100005,
              -6.262032870999975
            ],
            [
              107.14045707300005,
              -6.26204611299994
            ],
            [
              107.14053494100006,
              -6.262029034999954
            ],
            [
              107.14063463500008,
              -6.2619408589999335
            ],
            [
              107.14068185400004,
              -6.261920307999959
            ],
            [
              107.14073586800004,
              -6.261920114999952
            ],
            [
              107.14084245200007,
              -6.26190228699994
            ],
            [
              107.14105453100007,
              -6.26185641099994
            ],
            [
              107.14110496500007,
              -6.261839923999958
            ],
            [
              107.14120680700006,
              -6.261749162999932
            ],
            [
              107.14125574800005,
              -6.261736532999973
            ],
            [
              107.14130477300006,
              -6.261758028999963
            ],
            [
              107.14135808700007,
              -6.261765440999964
            ],
            [
              107.14143369600004,
              -6.261792722999927
            ],
            [
              107.14158944500008,
              -6.261848243999963
            ],
            [
              107.14169695500003,
              -6.261869337999939
            ],
            [
              107.14177478900005,
              -6.261866217999966
            ],
            [
              107.14184731100003,
              -6.26183863899996
            ],
            [
              107.14199217800005,
              -6.261715636999954
            ],
            [
              107.14207980900004,
              -6.2616536079999605
            ],
            [
              107.14238544600003,
              -6.2613688109999535
            ],
            [
              107.14239683500006,
              -6.261261558999933
            ],
            [
              107.14238718900002,
              -6.261042820999933
            ],
            [
              107.14239582500004,
              -6.260938517999931
            ],
            [
              107.14242244700006,
              -6.260865465999927
            ],
            [
              107.14247144900007,
              -6.26080109999998
            ],
            [
              107.14250921000007,
              -6.2607298369999285
            ],
            [
              107.14257807600008,
              -6.260647589999963
            ],
            [
              107.14261234400004,
              -6.26054611099994
            ],
            [
              107.14266669400007,
              -6.260486477999958
            ],
            [
              107.14269810200005,
              -6.260384079999937
            ],
            [
              107.14273033400008,
              -6.2603411709999355
            ],
            [
              107.14275801900004,
              -6.260296174999951
            ],
            [
              107.14276384500005,
              -6.260215911999976
            ],
            [
              107.14281503600006,
              -6.2601214419999565
            ],
            [
              107.14281689300009,
              -6.260040697999954
            ],
            [
              107.14282958600006,
              -6.259991947999933
            ],
            [
              107.14291724400006,
              -6.259930054999927
            ],
            [
              107.14298453700007,
              -6.259887472999936
            ],
            [
              107.14306028200008,
              -6.259870529999943
            ],
            [
              107.14316775200008,
              -6.259877313999937
            ],
            [
              107.14332789400004,
              -6.2599204319999435
            ],
            [
              107.14357812300005,
              -6.260032011999954
            ],
            [
              107.14372949000006,
              -6.260094221999965
            ],
            [
              107.14383164200007,
              -6.2601150849999385
            ],
            [
              107.14390932500004,
              -6.260112579999939
            ],
            [
              107.14398667500006,
              -6.260090495999976
            ],
            [
              107.14427333200007,
              -6.259936882999964
            ],
            [
              107.14520737500006,
              -6.259441660999926
            ],
            [
              107.14539231300006,
              -6.259329197999932
            ],
            [
              107.14552090900008,
              -6.259268392999956
            ],
            [
              107.14558730200008,
              -6.259229041999957
            ],
            [
              107.14561296100004,
              -6.259192053999925
            ],
            [
              107.14561575800008,
              -6.259142304999954
            ],
            [
              107.14557935900007,
              -6.259071289999951
            ],
            [
              107.14550157700006,
              -6.258928151999952
            ],
            [
              107.14546209700006,
              -6.258770701999936
            ],
            [
              107.14543866000008,
              -6.258665580999945
            ],
            [
              107.14545030100004,
              -6.2584499829999345
            ],
            [
              107.14543020900004,
              -6.258261707999963
            ],
            [
              107.14543181400006,
              -6.258126344999938
            ],
            [
              107.14545891400007,
              -6.257966000999945
            ],
            [
              107.14552055400009,
              -6.257758262999972
            ],
            [
              107.14553411000009,
              -6.257650892999947
            ],
            [
              107.14555237300004,
              -6.257601333999958
            ],
            [
              107.14558720800005,
              -6.257565871999929
            ],
            [
              107.14575925200006,
              -6.257488418999969
            ],
            [
              107.14586431400005,
              -6.2574033299999305
            ],
            [
              107.14593746300005,
              -6.2573770319999635
            ],
            [
              107.14604375300007,
              -6.257375991999935
            ],
            [
              107.14615093500004,
              -6.257374215999958
            ],
            [
              107.14622574400006,
              -6.257347260999951
            ],
            [
              107.14629033300008,
              -6.257299915999964
            ],
            [
              107.14650763300006,
              -6.257090764999929
            ],
            [
              107.14676061100005,
              -6.256771920999939
            ],
            [
              107.14685039400007,
              -6.256681921999925
            ],
            [
              107.14692594400009,
              -6.256635029999926
            ],
            [
              107.14698597400007,
              -6.256619361999979
            ],
            [
              107.14704974500006,
              -6.256623901999945
            ],
            [
              107.14711803000007,
              -6.256651808999948
            ],
            [
              107.14717614900007,
              -6.256696979999956
            ],
            [
              107.14721221600007,
              -6.256751098999927
            ],
            [
              107.14722959800008,
              -6.256812987999976
            ],
            [
              107.14722952500006,
              -6.2569056669999545
            ],
            [
              107.14720329100004,
              -6.257034005999969
            ],
            [
              107.14711656900005,
              -6.257340472999943
            ],
            [
              107.14709888600004,
              -6.257478928999943
            ],
            [
              107.14708425200008,
              -6.258238122999956
            ],
            [
              107.14706309100006,
              -6.258562355999969
            ],
            [
              107.14703355200004,
              -6.2586027229999655
            ],
            [
              107.14693925100005,
              -6.258654762999983
            ],
            [
              107.14688572000006,
              -6.258715585999936
            ],
            [
              107.14684800000003,
              -6.258783476999952
            ],
            [
              107.14683189300007,
              -6.258854461999931
            ],
            [
              107.14683624300005,
              -6.2589531059999794
            ],
            [
              107.14692075000005,
              -6.259267758999953
            ],
            [
              107.14693563600008,
              -6.259375707999936
            ],
            [
              107.14692697000004,
              -6.259483319999957
            ],
            [
              107.14685987000007,
              -6.259745545999976
            ],
            [
              107.14683899500005,
              -6.259878835999928
            ],
            [
              107.14685111500006,
              -6.259988585999962
            ],
            [
              107.14688841500003,
              -6.260098802999948
            ],
            [
              107.14699437600007,
              -6.260308919999942
            ],
            [
              107.14705777700004,
              -6.260446031999947
            ],
            [
              107.14707168500009,
              -6.260522208999932
            ],
            [
              107.14705937400004,
              -6.2605692859999635
            ],
            [
              107.14702238600006,
              -6.260606364999943
            ],
            [
              107.14695645200004,
              -6.260632055999962
            ],
            [
              107.14688856200009,
              -6.2606323599999305
            ],
            [
              107.14683487400004,
              -6.260603976999959
            ],
            [
              107.14679155000005,
              -6.260553828999945
            ],
            [
              107.14667302200007,
              -6.260319056999946
            ],
            [
              107.14661431700006,
              -6.26023689799996
            ],
            [
              107.14655762900009,
              -6.260195029999977
            ],
            [
              107.14648585500004,
              -6.260177803999966
            ],
            [
              107.14635284400003,
              -6.26019717899993
            ],
            [
              107.14630055900005,
              -6.260187194999959
            ],
            [
              107.14595962100009,
              -6.260014288999969
            ],
            [
              107.14583598200005,
              -6.25996346599993
            ],
            [
              107.14573314100005,
              -6.259946564999949
            ],
            [
              107.14565348300005,
              -6.259954339999979
            ],
            [
              107.14555442300008,
              -6.259989340999936
            ],
            [
              107.14544169100009,
              -6.260061226999936
            ],
            [
              107.14523550500007,
              -6.26024222799998
            ],
            [
              107.14509143800007,
              -6.260403764999979
            ],
            [
              107.14486246200005,
              -6.260671823999926
            ],
            [
              107.14477970000009,
              -6.260740205999977
            ],
            [
              107.14468554000007,
              -6.260782852999966
            ],
            [
              107.14458388500009,
              -6.26080419599998
            ],
            [
              107.14431405600004,
              -6.260819943999933
            ],
            [
              107.14418037500008,
              -6.2608391029999675
            ],
            [
              107.14407834200007,
              -6.260873916999968
            ],
            [
              107.14395654900005,
              -6.260932686999979
            ],
            [
              107.14371326700008,
              -6.261104970999952
            ],
            [
              107.14361436900003,
              -6.26119731199998
            ],
            [
              107.14355369500004,
              -6.261287877999961
            ],
            [
              107.14351685400004,
              -6.26138961099997
            ],
            [
              107.14351029600006,
              -6.261469533999956
            ],
            [
              107.14352652400004,
              -6.261545430999946
            ],
            [
              107.14356685000007,
              -6.261602552999933
            ],
            [
              107.14362600400005,
              -6.261644391999936
            ],
            [
              107.14391307600005,
              -6.261749502999977
            ],
            [
              107.14405713300005,
              -6.261826729999939
            ],
            [
              107.14415640000004,
              -6.261864418999947
            ],
            [
              107.14425899900004,
              -6.261879684999938
            ],
            [
              107.14439073100004,
              -6.26187656999997
            ],
            [
              107.14471507400003,
              -6.261839128999951
            ],
            [
              107.14485032600004,
              -6.261841857999968
            ],
            [
              107.14509067400007,
              -6.261882865999952
            ],
            [
              107.14538042100008,
              -6.261952762999953
            ],
            [
              107.14559171500008,
              -6.262000316999944
            ],
            [
              107.14572680700007,
              -6.262006065999969
            ],
            [
              107.14591561600008,
              -6.2620226869999565
            ],
            [
              107.14607753700005,
              -6.262034426999946
            ],
            [
              107.14640161200003,
              -6.262013321999972
            ],
            [
              107.14659092600006,
              -6.26201010699998
            ],
            [
              107.1468430340001,
              -6.26198854599994
            ],
            [
              107.14691847600007,
              -6.26199471899997
            ],
            [
              107.14698254500009,
              -6.262023456999942
            ],
            [
              107.14701684300009,
              -6.262059837999971
            ],
            [
              107.1470368050001,
              -6.2621075149999665
            ],
            [
              107.14703793300005,
              -6.262213431999953
            ],
            [
              107.14704115200006,
              -6.262293819999967
            ],
            [
              107.14708603600009,
              -6.262391629999967
            ],
            [
              107.14714572100009,
              -6.262481504999926
            ],
            [
              107.14716401300008,
              -6.262558260999981
            ],
            [
              107.14715994600006,
              -6.262721404999979
            ],
            [
              107.14716815700008,
              -6.262829443999976
            ],
            [
              107.14715768000009,
              -6.262852194999938
            ],
            [
              107.1471091910001,
              -6.262873727999931
            ],
            [
              107.14704343500007,
              -6.262920986999972
            ],
            [
              107.14697452000009,
              -6.262962147999928
            ],
            [
              107.14689799000008,
              -6.262979446999962
            ],
            [
              107.14670821600005,
              -6.262974031999931
            ],
            [
              107.14640958600008,
              -6.2629789149999615
            ],
            [
              107.14611167000004,
              -6.262972756999942
            ],
            [
              107.14589590800006,
              -6.262950469999964
            ],
            [
              107.14578840500008,
              -6.262942501999931
            ],
            [
              107.14554713800004,
              -6.2629773979999745
            ],
            [
              107.14520620000008,
              -6.263065901999936
            ],
            [
              107.14515461400003,
              -6.263061258999926
            ],
            [
              107.14499908900007,
              -6.26295254699994
            ],
            [
              107.14492464400007,
              -6.262920342999961
            ],
            [
              107.14476592100004,
              -6.26288655899998
            ],
            [
              107.14456509700005,
              -6.262805774999945
            ],
            [
              107.14413499500006,
              -6.262640518999945
            ],
            [
              107.14399005100006,
              -6.262567281999964
            ],
            [
              107.14380399400005,
              -6.262443623999956
            ],
            [
              107.14368746000008,
              -6.262376480999933
            ],
            [
              107.14359082500005,
              -6.262348254999949
            ],
            [
              107.14351500000002,
              -6.26235016499993
            ],
            [
              107.14323468100007,
              -6.262452142999962
            ],
            [
              107.14298201500009,
              -6.262551864999976
            ],
            [
              107.14284000000002,
              -6.262627639999947
            ],
            [
              107.14273142600005,
              -6.262706848999925
            ],
            [
              107.14254538800007,
              -6.2628733839999295
            ],
            [
              107.14243547400008,
              -6.262996252999925
            ],
            [
              107.14236369100009,
              -6.263107738999964
            ],
            [
              107.14232472000003,
              -6.263203775999955
            ],
            [
              107.14230637700008,
              -6.263306617999945
            ],
            [
              107.14231204600009,
              -6.263414107999947
            ],
            [
              107.14236704400008,
              -6.263623963999976
            ],
            [
              107.14243004700006,
              -6.263772107999956
            ],
            [
              107.1425712515382,
              -6.26400285183536
            ]
          ],
          [
            [
              107.14761780115818,
              -6.263990469748131
            ],
            [
              107.14756483100007,
              -6.2637365379999315
            ],
            [
              107.14745491300005,
              -6.26361726199997
            ],
            [
              107.14739441600005,
              -6.263527805999956
            ],
            [
              107.14735463600006,
              -6.263370202999965
            ],
            [
              107.14729879200009,
              -6.263132670999936
            ],
            [
              107.14728869500006,
              -6.263025217999939
            ],
            [
              107.14730658900005,
              -6.2629737339999565
            ],
            [
              107.14732778600008,
              -6.262961325999981
            ],
            [
              107.14736583200006,
              -6.262993098999969
            ],
            [
              107.14744993000006,
              -6.26306359299997
            ],
            [
              107.14755909000007,
              -6.263143492999972
            ],
            [
              107.14763224900008,
              -6.26317443599993
            ],
            [
              107.14776669300005,
              -6.263189668999928
            ],
            [
              107.14796364000006,
              -6.263188139999954
            ],
            [
              107.14815772500003,
              -6.263184976999981
            ],
            [
              107.14825910200005,
              -6.263199558999929
            ],
            [
              107.14834853600007,
              -6.26323642799997
            ],
            [
              107.14840538300007,
              -6.263283709999938
            ],
            [
              107.14845001800006,
              -6.263349454999968
            ],
            [
              107.14848324200005,
              -6.263450241999976
            ],
            [
              107.14851648873021,
              -6.26367422567001
            ]
          ]
        ]
      },
      "properties": {
        "NAMOBJ": "12.5",
        "FCODE": " ",
        "REMARK": "Garis Kontur",
        "METADATA": null,
        "SRS_ID": " ",
        "JNSKNT": 2,
        "SMBKNT": null,
        "VALKNT": 12.5,
        "SHAPE_Length": 0.9674171424757905,
        "dataset_role": "rbi_reference",
        "source_file": "25k st cikarang.zip",
        "source_layer": "KONTUR_LN_25K",
        "radius_m": 1000,
        "geometry_clipped": true,
        "center_status": "unverified_geocoded_station_reference"
      }
    },
    {
      "type": "Feature",
      "id": "rbi:a50c741b048fc5ad0b0c",
      "geometry": {
        "type": "MultiLineString",
        "coordinates": [
          [
            [
              107.14977544259331,
              -6.2475919010252685
            ],
            [
              107.14976440600009,
              -6.247601880999982
            ],
            [
              107.14966327600007,
              -6.247691454999938
            ],
            [
              107.14960026400007,
              -6.247779535999937
            ],
            [
              107.14956636100004,
              -6.24785277199993
            ],
            [
              107.14950863300004,
              -6.248089222999964
            ],
            [
              107.14945852900009,
              -6.248214793999975
            ],
            [
              107.14939345900007,
              -6.248301228999935
            ],
            [
              107.14913720600003,
              -6.248542857999951
            ],
            [
              107.14905478400006,
              -6.248612114999957
            ],
            [
              107.14893390600008,
              -6.2486727889999525
            ],
            [
              107.14878081700004,
              -6.248727753999956
            ],
            [
              107.14869999000007,
              -6.248731979999946
            ],
            [
              107.1485417630001,
              -6.248769726999966
            ],
            [
              107.14849195600004,
              -6.248755628999958
            ],
            [
              107.14843543200006,
              -6.248698338999929
            ],
            [
              107.14840796400006,
              -6.248635080999975
            ],
            [
              107.14840952600008,
              -6.248566388999962
            ],
            [
              107.14844993600008,
              -6.248442555999928
            ],
            [
              107.14850454100008,
              -6.248284232999936
            ],
            [
              107.14851135700007,
              -6.248203423999939
            ],
            [
              107.14844718600006,
              -6.247801848999926
            ],
            [
              107.14840793900004,
              -6.247672448999935
            ],
            [
              107.14835616500005,
              -6.247610157999927
            ],
            [
              107.14829172800006,
              -6.247564063999958
            ],
            [
              107.14819157800008,
              -6.24752843999994
            ],
            [
              107.14808262700008,
              -6.247516625999934
            ],
            [
              107.14794636800008,
              -6.2475272079999495
            ],
            [
              107.14778795900008,
              -6.2475603719999535
            ],
            [
              107.14772340100006,
              -6.247608484999944
            ],
            [
              107.14758889500008,
              -6.247743286999934
            ],
            [
              107.14754615400007,
              -6.247811486999979
            ],
            [
              107.14749870800007,
              -6.247937770999953
            ],
            [
              107.14744684000006,
              -6.248031988999969
            ],
            [
              107.1474332480001,
              -6.2481392319999705
            ],
            [
              107.1474174830001,
              -6.248298372999953
            ],
            [
              107.1474398920001,
              -6.248372698999958
            ],
            [
              107.14751048500007,
              -6.2484885289999275
            ],
            [
              107.1475953010001,
              -6.248620645999948
            ],
            [
              107.1476153710001,
              -6.24868651099996
            ],
            [
              107.14760775000009,
              -6.248753735999968
            ],
            [
              107.1475661410001,
              -6.248820430999955
            ],
            [
              107.1473393400001,
              -6.249053648999962
            ],
            [
              107.14720308600006,
              -6.249185321999959
            ],
            [
              107.14704283200008,
              -6.24928669999997
            ],
            [
              107.14694474900006,
              -6.249332652999953
            ],
            [
              107.14681501900009,
              -6.249369568999953
            ],
            [
              107.14677114400007,
              -6.249398765999955
            ],
            [
              107.14671720600006,
              -6.249457203999952
            ],
            [
              107.14667482700008,
              -6.249459374999958
            ],
            [
              107.14661341500005,
              -6.249417264999977
            ],
            [
              107.14654861400004,
              -6.24937257299996
            ],
            [
              107.14650019900006,
              -6.249370166999937
            ],
            [
              107.14643167800006,
              -6.249412229999962
            ],
            [
              107.14631678200004,
              -6.249526738999974
            ],
            [
              107.14625882300004,
              -6.2495829329999415
            ],
            [
              107.14622175000005,
              -6.249620816999936
            ],
            [
              107.14617424500005,
              -6.249628396999979
            ],
            [
              107.14606994900004,
              -6.249604251999926
            ],
            [
              107.14601772700007,
              -6.249611570999946
            ],
            [
              107.14594830500005,
              -6.249652208999976
            ],
            [
              107.14583614400004,
              -6.24972839399993
            ],
            [
              107.14580654100007,
              -6.249773072999972
            ],
            [
              107.14579615800005,
              -6.249825357999953
            ],
            [
              107.14579833700009,
              -6.249879190999934
            ],
            [
              107.14577006100006,
              -6.249954528999978
            ],
            [
              107.14577194500005,
              -6.249982264999971
            ],
            [
              107.14570603400006,
              -6.250040009999963
            ],
            [
              107.14558223300008,
              -6.2501839349999395
            ],
            [
              107.14544003600008,
              -6.250309447999938
            ],
            [
              107.14530603100008,
              -6.2504013349999346
            ],
            [
              107.14501877600009,
              -6.250553258999957
            ],
            [
              107.14487501100007,
              -6.250628849999941
            ],
            [
              107.14470554800005,
              -6.250713974999939
            ],
            [
              107.14452214300007,
              -6.250829495999937
            ],
            [
              107.14435242900005,
              -6.25096426999994
            ],
            [
              107.14417421800005,
              -6.25113079999994
            ],
            [
              107.14409515800008,
              -6.251240532999929
            ],
            [
              107.14406723400003,
              -6.251287094999952
            ],
            [
              107.14406092600008,
              -6.251297642999928
            ],
            [
              107.14394835100006,
              -6.25151404999997
            ],
            [
              107.14388545700007,
              -6.251633869999976
            ],
            [
              107.14375235200005,
              -6.251838300999964
            ],
            [
              107.14364400500006,
              -6.251959481999959
            ],
            [
              107.1435241650001,
              -6.252069290999941
            ],
            [
              107.14341101100007,
              -6.252143645999979
            ],
            [
              107.14331296300008,
              -6.2521895619999555
            ],
            [
              107.14323314400008,
              -6.252204053999945
            ],
            [
              107.14315222400006,
              -6.2522012289999775
            ],
            [
              107.14304715900005,
              -6.25217459099997
            ],
            [
              107.14294932300004,
              -6.25212831699997
            ],
            [
              107.14288426300004,
              -6.2520801179999825
            ],
            [
              107.14281630400006,
              -6.251996639999958
            ],
            [
              107.14269795100006,
              -6.251848241999936
            ],
            [
              107.14255210200008,
              -6.25162050399996
            ],
            [
              107.14244421100005,
              -6.251498984999956
            ],
            [
              107.14233999000004,
              -6.251413068999966
            ],
            [
              107.14228880500009,
              -6.251397981999957
            ],
            [
              107.14220770200008,
              -6.25140105099996
            ],
            [
              107.14210159800007,
              -6.25142316199998
            ],
            [
              107.14205553800008,
              -6.25145083999996
            ],
            [
              107.14200286800008,
              -6.251512490999971
            ],
            [
              107.14197024100008,
              -6.251586534999943
            ],
            [
              107.14195921300006,
              -6.251667026999938
            ],
            [
              107.14197870700008,
              -6.2517732579999565
            ],
            [
              107.14205707200006,
              -6.252144989999976
            ],
            [
              107.14205689200008,
              -6.25219838099997
            ],
            [
              107.14205609400007,
              -6.252257749999956
            ],
            [
              107.14205622600008,
              -6.252290031999962
            ],
            [
              107.14204848500003,
              -6.25235463599995
            ],
            [
              107.14205681700008,
              -6.2524353209999495
            ],
            [
              107.14206511700007,
              -6.2525079229999365
            ],
            [
              107.14208132200008,
              -6.252556284999968
            ],
            [
              107.14209756000008,
              -6.252612718999954
            ],
            [
              107.14212077700006,
              -6.252679338999938
            ],
            [
              107.14215168700008,
              -6.252722622999954
            ],
            [
              107.14220388100006,
              -6.25281697899993
            ],
            [
              107.14228783900006,
              -6.2528848609999255
            ],
            [
              107.14238510100006,
              -6.25297876099995
            ],
            [
              107.14246737100008,
              -6.253049082999952
            ],
            [
              107.14252615700008,
              -6.253104980999978
            ],
            [
              107.14267937500006,
              -6.253216434999956
            ],
            [
              107.14279293500005,
              -6.253367951999963
            ],
            [
              107.1428421560001,
              -6.253464271999973
            ],
            [
              107.14285311200008,
              -6.253517038999975
            ],
            [
              107.14282507000009,
              -6.253621040999974
            ],
            [
              107.14281326900004,
              -6.2536737389999635
            ],
            [
              107.14278446300005,
              -6.253738889999964
            ],
            [
              107.14267196400004,
              -6.253890063999958
            ],
            [
              107.14258363000005,
              -6.254020771999932
            ],
            [
              107.14246696900005,
              -6.254139373999974
            ],
            [
              107.14242666900009,
              -6.254163981999963
            ],
            [
              107.14216032800005,
              -6.2542302379999315
            ],
            [
              107.14201426000005,
              -6.254288409999958
            ],
            [
              107.14192288900007,
              -6.254381297999942
            ],
            [
              107.14183852400004,
              -6.254459918999941
            ],
            [
              107.14175421700008,
              -6.254552769999976
            ],
            [
              107.14170511000002,
              -6.254624132999935
            ],
            [
              107.14164906300003,
              -6.254723990999936
            ],
            [
              107.14164229800008,
              -6.254795181999952
            ],
            [
              107.1416291340001,
              -6.255030067999941
            ],
            [
              107.14158806800003,
              -6.255472337999947
            ],
            [
              107.14159703500009,
              -6.255812983999928
            ],
            [
              107.14156247300009,
              -6.255991032999927
            ],
            [
              107.14147845600007,
              -6.256155044999956
            ],
            [
              107.14131672400005,
              -6.256298030999967
            ],
            [
              107.14118296200007,
              -6.256376853999937
            ],
            [
              107.14111267900006,
              -6.256448302999954
            ],
            [
              107.14108474700004,
              -6.2565195799999715
            ],
            [
              107.14110623200008,
              -6.256597769999927
            ],
            [
              107.14116292600005,
              -6.256654463999948
            ],
            [
              107.14124072800007,
              -6.2566968429999275
            ],
            [
              107.14130435200008,
              -6.256725050999933
            ],
            [
              107.14138200900004,
              -6.256731848999946
            ],
            [
              107.14145946200006,
              -6.256688836999955
            ],
            [
              107.14151565500003,
              -6.256624567999951
            ],
            [
              107.14158593800005,
              -6.2565531179999425
            ],
            [
              107.14162807700006,
              -6.256503126999972
            ],
            [
              107.14166324800004,
              -6.25647452499993
            ],
            [
              107.14179686400007,
              -6.256360120999942
            ],
            [
              107.14192360000006,
              -6.256288441999969
            ],
            [
              107.14207156900007,
              -6.256230903999947
            ],
            [
              107.14220562000008,
              -6.256223242999965
            ],
            [
              107.14238931000006,
              -6.256272303999935
            ],
            [
              107.14245999000008,
              -6.25630048199997
            ],
            [
              107.14261585500009,
              -6.256449286999952
            ],
            [
              107.14270805800004,
              -6.256562769999959
            ],
            [
              107.14281455500009,
              -6.256718889999946
            ],
            [
              107.14285744700004,
              -6.256853926999952
            ],
            [
              107.14287933900005,
              -6.257031744999948
            ],
            [
              107.14287303700007,
              -6.257216792999942
            ],
            [
              107.14283821500004,
              -6.257330793999927
            ],
            [
              107.14277520000007,
              -6.257452024999963
            ],
            [
              107.14271208900006,
              -6.257551911999938
            ],
            [
              107.14259970500007,
              -6.257680458999969
            ],
            [
              107.14248025700005,
              -6.257809033999934
            ],
            [
              107.14227641500008,
              -6.258009125999935
            ],
            [
              107.14215711200006,
              -6.258173282999962
            ],
            [
              107.14210128800005,
              -6.258330064999938
            ],
            [
              107.14208775700007,
              -6.258472446999976
            ],
            [
              107.14210948300007,
              -6.258607569999981
            ],
            [
              107.14216669000007,
              -6.258792357999934
            ],
            [
              107.14225964800006,
              -6.259090859999957
            ],
            [
              107.14228889400005,
              -6.259339801999941
            ],
            [
              107.14227520900005,
              -6.259446602999956
            ],
            [
              107.14223318600006,
              -6.2595250519999555
            ],
            [
              107.14216075300004,
              -6.25962796999994
            ],
            [
              107.14191468600006,
              -6.259856691999971
            ],
            [
              107.14180220600007,
              -6.259963895999933
            ],
            [
              107.14163318500005,
              -6.260049977999925
            ],
            [
              107.14148518600005,
              -6.26010039199997
            ],
            [
              107.14121010400004,
              -6.260137095999936
            ],
            [
              107.14107599300006,
              -6.260130527999935
            ],
            [
              107.14089942400004,
              -6.260095666999972
            ],
            [
              107.14071567400002,
              -6.260032367999938
            ],
            [
              107.14060970800004,
              -6.260004341999945
            ],
            [
              107.14052508200005,
              -6.260018915999978
            ],
            [
              107.14046170900006,
              -6.260054755999931
            ],
            [
              107.14043379700006,
              -6.260133147999968
            ],
            [
              107.14043423100007,
              -6.260239890999968
            ],
            [
              107.14044181700005,
              -6.260367947999952
            ],
            [
              107.14043521700005,
              -6.260481833999961
            ],
            [
              107.14043571000006,
              -6.260602814999968
            ],
            [
              107.14040809600003,
              -6.260752367999942
            ],
            [
              107.14039452700007,
              -6.260887625999942
            ],
            [
              107.14035305400007,
              -6.261101284999938
            ],
            [
              107.14024582800005,
              -6.261325317999932
            ],
            [
              107.14005687800005,
              -6.261717476999935
            ],
            [
              107.13984647100006,
              -6.262038568999969
            ],
            [
              107.13965705500004,
              -6.262316870999942
            ],
            [
              107.13957079329002,
              -6.262486753408599
            ]
          ],
          [
            [
              107.13931716938322,
              -6.262284555462004
            ],
            [
              107.13934237800004,
              -6.262247695999975
            ],
            [
              107.13954271400007,
              -6.261871644999929
            ],
            [
              107.13979924100005,
              -6.261377708999929
            ],
            [
              107.13992310600008,
              -6.26107121699994
            ],
            [
              107.14000978300004,
              -6.260759334999934
            ],
            [
              107.14001045600008,
              -6.260651601999936
            ],
            [
              107.13999415700003,
              -6.260462632999973
            ],
            [
              107.13999059500009,
              -6.260300124999959
            ],
            [
              107.13998101800006,
              -6.2601379229999425
            ],
            [
              107.13998689900005,
              -6.26000265999994
            ],
            [
              107.13996944200004,
              -6.2597865479999655
            ],
            [
              107.13998039700003,
              -6.259706001999971
            ],
            [
              107.14000272100007,
              -6.259657329999924
            ],
            [
              107.14006207700002,
              -6.259602187999972
            ],
            [
              107.14017919800004,
              -6.259505505999925
            ],
            [
              107.14025590900008,
              -6.259497038999937
            ],
            [
              107.14072788200008,
              -6.25956265299993
            ],
            [
              107.14113047400006,
              -6.2596464029999765
            ],
            [
              107.14133105900004,
              -6.259675479999941
            ],
            [
              107.14141584700008,
              -6.259662911999954
            ],
            [
              107.14152111400006,
              -6.259630181999966
            ],
            [
              107.14158784700004,
              -6.259585224999966
            ],
            [
              107.14169751700007,
              -6.259431467999947
            ],
            [
              107.14174315600008,
              -6.259275873999965
            ],
            [
              107.14178107000004,
              -6.259106960999929
            ],
            [
              107.14177661700006,
              -6.259005142999968
            ],
            [
              107.14176412800005,
              -6.25891557999995
            ],
            [
              107.14174134100006,
              -6.258810609999955
            ],
            [
              107.14167798500006,
              -6.258622157999982
            ],
            [
              107.14160430000004,
              -6.258382129999972
            ],
            [
              107.14157567700005,
              -6.258296700999948
            ],
            [
              107.14157542800007,
              -6.258235599999977
            ],
            [
              107.14161952500007,
              -6.258153960999948
            ],
            [
              107.14178031400007,
              -6.257985810999968
            ],
            [
              107.14198932500005,
              -6.2577283299999635
            ],
            [
              107.14219023400005,
              -6.257466813999941
            ],
            [
              107.14229870300005,
              -6.257319724999945
            ],
            [
              107.14235086800005,
              -6.257233974999962
            ],
            [
              107.14240290100008,
              -6.257115636999971
            ],
            [
              107.14242684000004,
              -6.257042215999945
            ],
            [
              107.14241452600004,
              -6.256993386999964
            ],
            [
              107.14236499300006,
              -6.25693376199996
            ],
            [
              107.14224514000007,
              -6.256863060999934
            ],
            [
              107.14215140400006,
              -6.256805776999953
            ],
            [
              107.1421021120001,
              -6.256791721999944
            ],
            [
              107.14205040800005,
              -6.256795773999957
            ],
            [
              107.14193019100009,
              -6.2568553869999715
            ],
            [
              107.14185442200007,
              -6.256884017999936
            ],
            [
              107.14152392500006,
              -6.257069076999924
            ],
            [
              107.14141904800005,
              -6.257095612999932
            ],
            [
              107.14123004300006,
              -6.257110105999968
            ],
            [
              107.14114985500004,
              -6.257100642999943
            ],
            [
              107.14101725700004,
              -6.257072707999952
            ],
            [
              107.14097388800008,
              -6.257042509999962
            ],
            [
              107.14087206300007,
              -6.256915432999962
            ],
            [
              107.14081846300007,
              -6.2568220879999785
            ],
            [
              107.14080064600007,
              -6.256743873999937
            ],
            [
              107.14076857300006,
              -6.2566701109999485
            ],
            [
              107.14076748100007,
              -6.256590626999979
            ],
            [
              107.14079547200004,
              -6.256485014999953
            ],
            [
              107.14083925300008,
              -6.25638571299993
            ],
            [
              107.14092872500004,
              -6.256250009999973
            ],
            [
              107.14105423400008,
              -6.256107894999956
            ],
            [
              107.14122991600004,
              -6.255867491999936
            ],
            [
              107.14125640100008,
              -6.255791428999943
            ],
            [
              107.14125126600004,
              -6.255601898999942
            ],
            [
              107.14119756100007,
              -6.255007708999926
            ],
            [
              107.14117393700008,
              -6.254874509999978
            ],
            [
              107.14116501800002,
              -6.254794144999947
            ],
            [
              107.14117994900003,
              -6.254605011999954
            ],
            [
              107.14121475600007,
              -6.254502626999966
            ],
            [
              107.14127544400009,
              -6.25441320899995
            ],
            [
              107.14138723000008,
              -6.254295440999954
            ],
            [
              107.14155551800008,
              -6.254158593999933
            ],
            [
              107.14168659000008,
              -6.254062759999953
            ],
            [
              107.14203756100005,
              -6.2539189119999605
            ],
            [
              107.14211621200008,
              -6.253898784999932
            ],
            [
              107.14222293600005,
              -6.253904830999943
            ],
            [
              107.14232283600006,
              -6.253863155999964
            ],
            [
              107.14236458900007,
              -6.253829302999973
            ],
            [
              107.14242139800007,
              -6.25373706199997
            ],
            [
              107.14243210400008,
              -6.253683943999929
            ],
            [
              107.14242018200008,
              -6.25363355899998
            ],
            [
              107.14230258300006,
              -6.253568325999936
            ],
            [
              107.14220677300005,
              -6.253518327999927
            ],
            [
              107.14212932800007,
              -6.253494813999962
            ],
            [
              107.14204838600007,
              -6.253493145999925
            ],
            [
              107.14197061300008,
              -6.253470953999965
            ],
            [
              107.14190346500004,
              -6.253429344999972
            ],
            [
              107.14182876300003,
              -6.253351506999933
            ],
            [
              107.14171976000006,
              -6.253194220999943
            ],
            [
              107.14169478300005,
              -6.25311705799993
            ],
            [
              107.14168317000008,
              -6.253009501999938
            ],
            [
              107.14164553000006,
              -6.252879659999962
            ],
            [
              107.14162691100006,
              -6.25269102499993
            ],
            [
              107.14160646800008,
              -6.252502614999968
            ],
            [
              107.14149512300008,
              -6.252111454999975
            ],
            [
              107.1414449840001,
              -6.2519005019999545
            ],
            [
              107.1414167170001,
              -6.2516855009999395
            ],
            [
              107.14141536800008,
              -6.251495810999926
            ],
            [
              107.14143113900008,
              -6.251388594999982
            ],
            [
              107.14146494100004,
              -6.251285725999938
            ],
            [
              107.14151941500005,
              -6.25119231999997
            ],
            [
              107.14163653600008,
              -6.251042943999947
            ],
            [
              107.14175407300006,
              -6.2509307759999615
            ],
            [
              107.14182537700009,
              -6.25089274299995
            ],
            [
              107.14193075100007,
              -6.250868890999925
            ],
            [
              107.14220187400007,
              -6.25086808399993
            ],
            [
              107.14230872700006,
              -6.250883613999975
            ],
            [
              107.14240832600007,
              -6.250925749999966
            ],
            [
              107.14254700700008,
              -6.2510104319999265
            ],
            [
              107.14264938800005,
              -6.251099004999959
            ],
            [
              107.14273727400007,
              -6.251201964999948
            ],
            [
              107.14291320300003,
              -6.251475512999945
            ],
            [
              107.14296833800006,
              -6.251568806999955
            ],
            [
              107.14302550300005,
              -6.251626275999968
            ],
            [
              107.14309604900006,
              -6.251666098999977
            ],
            [
              107.14317498800006,
              -6.2516861079999435
            ],
            [
              107.14322859000004,
              -6.2516847779999685
            ],
            [
              107.14327807700005,
              -6.251664623999942
            ],
            [
              107.14338575100004,
              -6.251582110999948
            ],
            [
              107.14343747800007,
              -6.251519722999944
            ],
            [
              107.14349417100004,
              -6.251396772999953
            ],
            [
              107.14354939200007,
              -6.251187488999961
            ],
            [
              107.14362702900007,
              -6.251014398999929
            ],
            [
              107.14368681900004,
              -6.250924306999933
            ],
            [
              107.14375552500007,
              -6.250840677999974
            ],
            [
              107.14378549100007,
              -6.250796376999972
            ],
            [
              107.14386161100003,
              -6.2507742979999525
            ],
            [
              107.14406314400009,
              -6.250593498999933
            ],
            [
              107.14413561800006,
              -6.25048144999994
            ],
            [
              107.14427385000005,
              -6.2503961539999295
            ],
            [
              107.14446948800008,
              -6.250302876999966
            ],
            [
              107.14461362600008,
              -6.250228042999937
            ],
            [
              107.14484352800008,
              -6.250085465999972
            ],
            [
              107.14488867400007,
              -6.249982261999946
            ],
            [
              107.14488912800005,
              -6.249962995999965
            ],
            [
              107.14489967200007,
              -6.249909951999939
            ],
            [
              107.14494093900004,
              -6.249841404999926
            ],
            [
              107.14493724700009,
              -6.249788914999952
            ],
            [
              107.14489595900005,
              -6.249719357999937
            ],
            [
              107.14483040600004,
              -6.249671957999965
            ],
            [
              107.14473280200008,
              -6.249627137999936
            ],
            [
              107.14449559300004,
              -6.249570230999949
            ],
            [
              107.14428764700006,
              -6.249507283999947
            ],
            [
              107.14419581700008,
              -6.249454005999951
            ],
            [
              107.14409779600005,
              -6.249362134999956
            ],
            [
              107.14397250500008,
              -6.249311279999974
            ],
            [
              107.14363643900003,
              -6.2492056439999715
            ],
            [
              107.14328708300009,
              -6.249057590999939
            ],
            [
              107.14303212500005,
              -6.248903593999954
            ],
            [
              107.14286983000004,
              -6.248805592999929
            ],
            [
              107.14267159500007,
              -6.248717925999926
            ],
            [
              107.14229272100003,
              -6.24857104199998
            ],
            [
              107.14195448100008,
              -6.248472780999974
            ],
            [
              107.14122427300003,
              -6.248182052999936
            ],
            [
              107.14047638800008,
              -6.2478630559999715
            ],
            [
              107.14015827985017,
              -6.247725756024467
            ]
          ]
        ]
      },
      "properties": {
        "NAMOBJ": "12.5",
        "FCODE": " ",
        "REMARK": "Garis Kontur",
        "METADATA": null,
        "SRS_ID": " ",
        "JNSKNT": 2,
        "SMBKNT": null,
        "VALKNT": 12.5,
        "SHAPE_Length": 2.1814642824388004,
        "dataset_role": "rbi_reference",
        "source_file": "25k st cikarang.zip",
        "source_layer": "KONTUR_LN_25K",
        "radius_m": 1000,
        "geometry_clipped": true,
        "center_status": "unverified_geocoded_station_reference"
      }
    },
    {
      "type": "Feature",
      "id": "rbi:7824087936b8513af7f4",
      "geometry": {
        "type": "Point",
        "coordinates": [
          107.14042199700003,
          -6.253181745999937
        ]
      },
      "properties": {
        "NAMOBJ": " ",
        "FCODE": " ",
        "REMARK": "Spot Height",
        "METADATA": null,
        "SRS_ID": " ",
        "ELEVAS": 17.36,
        "dataset_role": "rbi_reference",
        "source_file": "25k st cikarang.zip",
        "source_layer": "SPOTHEIGHT_PT_25K",
        "radius_m": 1000,
        "geometry_clipped": false,
        "center_status": "unverified_geocoded_station_reference"
      }
    },
    {
      "type": "Feature",
      "id": "rbi:1578eb60833e5ce3dde2",
      "geometry": {
        "type": "Point",
        "coordinates": [
          107.14000865300005,
          -6.262069863999954
        ]
      },
      "properties": {
        "NAMOBJ": " ",
        "FCODE": " ",
        "REMARK": "Spot Height",
        "METADATA": null,
        "SRS_ID": " ",
        "ELEVAS": 19.14,
        "dataset_role": "rbi_reference",
        "source_file": "25k st cikarang.zip",
        "source_layer": "SPOTHEIGHT_PT_25K",
        "radius_m": 1000,
        "geometry_clipped": false,
        "center_status": "unverified_geocoded_station_reference"
      }
    },
    {
      "type": "Feature",
      "id": "rbi:21f63a01819a7ec774c9",
      "geometry": {
        "type": "Point",
        "coordinates": [
          107.14840914100006,
          -6.256492441999967
        ]
      },
      "properties": {
        "NAMOBJ": " ",
        "FCODE": " ",
        "REMARK": "Spot Height",
        "METADATA": null,
        "SRS_ID": " ",
        "ELEVAS": 18.25,
        "dataset_role": "rbi_reference",
        "source_file": "25k st cikarang.zip",
        "source_layer": "SPOTHEIGHT_PT_25K",
        "radius_m": 1000,
        "geometry_clipped": false,
        "center_status": "unverified_geocoded_station_reference"
      }
    },
    {
      "type": "Feature",
      "id": "rbi:a5641a0bf20edb0a712f",
      "geometry": {
        "type": "Point",
        "coordinates": [
          107.14718826600007,
          -6.262712049999949
        ]
      },
      "properties": {
        "NAMOBJ": " ",
        "FCODE": " ",
        "REMARK": "Spot Height",
        "METADATA": null,
        "SRS_ID": " ",
        "ELEVAS": 18.56,
        "dataset_role": "rbi_reference",
        "source_file": "25k st cikarang.zip",
        "source_layer": "SPOTHEIGHT_PT_25K",
        "radius_m": 1000,
        "geometry_clipped": false,
        "center_status": "unverified_geocoded_station_reference"
      }
    },
    {
      "type": "Feature",
      "id": "rbi:a3ff32f0ecb5e3bdaa8f",
      "geometry": {
        "type": "Point",
        "coordinates": [
          107.14467918700007,
          -6.248321400999941
        ]
      },
      "properties": {
        "NAMOBJ": " ",
        "FCODE": " ",
        "REMARK": "Spot Height",
        "METADATA": null,
        "SRS_ID": " ",
        "ELEVAS": 14.7,
        "dataset_role": "rbi_reference",
        "source_file": "25k st cikarang.zip",
        "source_layer": "SPOTHEIGHT_PT_25K",
        "radius_m": 1000,
        "geometry_clipped": false,
        "center_status": "unverified_geocoded_station_reference"
      }
    },
    {
      "type": "Feature",
      "id": "rbi:599f19086e37f927e88c",
      "geometry": {
        "type": "LineString",
        "coordinates": [
          [
            107.13941716344193,
            -6.262365981404615
          ],
          [
            107.13974536700005,
            -6.2618042699999705
          ],
          [
            107.13999103500004,
            -6.26131758699995
          ],
          [
            107.14013532500007,
            -6.260977020999974
          ],
          [
            107.14019755900004,
            -6.260758210999938
          ],
          [
            107.14017590000007,
            -6.259954572999958
          ],
          [
            107.14017510900004,
            -6.259760303999938
          ],
          [
            107.14038870500006,
            -6.259744861999935
          ],
          [
            107.14103036100003,
            -6.259912233999957
          ],
          [
            107.14137028600004,
            -6.259915704999968
          ],
          [
            107.14152543300008,
            -6.259856789999956
          ],
          [
            107.14172882200006,
            -6.2597199689999465
          ],
          [
            107.14192701800005,
            -6.259500602999935
          ],
          [
            107.14201384800003,
            -6.259359401999972
          ],
          [
            107.14202317700006,
            -6.2591865459999685
          ],
          [
            107.14179173000008,
            -6.2583958299999285
          ],
          [
            107.14182522600004,
            -6.258274272999928
          ],
          [
            107.14201398000006,
            -6.257993835999967
          ],
          [
            107.14248741100005,
            -6.257394516999963
          ],
          [
            107.14263675200004,
            -6.257102498999927
          ],
          [
            107.14264575100009,
            -6.256927616999972
          ],
          [
            107.14259663900003,
            -6.256791826999971
          ],
          [
            107.14244030500004,
            -6.2565593379999305
          ],
          [
            107.14228752800005,
            -6.256467317999978
          ],
          [
            107.14203520700005,
            -6.256512057999941
          ],
          [
            107.14178807900004,
            -6.256639343999948
          ],
          [
            107.14146872700007,
            -6.256917483999928
          ],
          [
            107.14135714300005,
            -6.256942223999943
          ],
          [
            107.14114826600007,
            -6.256923647999939
          ],
          [
            107.14101185100009,
            -6.2568124979999284
          ],
          [
            107.14090429300006,
            -6.256633233999934
          ],
          [
            107.14092308200009,
            -6.256477738999931
          ],
          [
            107.14104031500005,
            -6.256313935999968
          ],
          [
            107.14121448900003,
            -6.256157807999955
          ],
          [
            107.14135465400005,
            -6.2559969619999265
          ],
          [
            107.14139764300005,
            -6.255821941999956
          ],
          [
            107.14139913100007,
            -6.25490130299994
          ],
          [
            107.14142250000005,
            -6.254677793999975
          ],
          [
            107.14157683500008,
            -6.254419753999968
          ],
          [
            107.14178969600005,
            -6.25422461399995
          ],
          [
            107.14209998800004,
            -6.254106784999977
          ],
          [
            107.14235215000008,
            -6.254023190999929
          ],
          [
            107.14252150600004,
            -6.25387679599993
          ],
          [
            107.14263738500006,
            -6.25365518099994
          ],
          [
            107.14262684400006,
            -6.253487589999964
          ],
          [
            107.14233048200003,
            -6.253340884999944
          ],
          [
            107.14200442400005,
            -6.253164717999936
          ],
          [
            107.14188439300005,
            -6.252741189999937
          ],
          [
            107.14167354900007,
            -6.251805264999971
          ],
          [
            107.14168729600004,
            -6.251457023999931
          ],
          [
            107.14182380000005,
            -6.2512491929999765
          ],
          [
            107.14197038500004,
            -6.251149778999947
          ],
          [
            107.14211234500004,
            -6.251098586999943
          ],
          [
            107.14221840800008,
            -6.251107794999941
          ],
          [
            107.14233904600007,
            -6.251145866999935
          ],
          [
            107.14248215500004,
            -6.251254731999951
          ],
          [
            107.14296170400007,
            -6.251891821999945
          ],
          [
            107.14310849200007,
            -6.251988838999977
          ],
          [
            107.14328973800008,
            -6.25198809999995
          ],
          [
            107.14342867500005,
            -6.251868999999943
          ],
          [
            107.14358809900006,
            -6.251645226999925
          ],
          [
            107.14367784100006,
            -6.251428710999959
          ],
          [
            107.14382981100005,
            -6.251086435999978
          ],
          [
            107.14404483200008,
            -6.2508205999999396
          ],
          [
            107.14447592400006,
            -6.2505469119999475
          ],
          [
            107.14531730700008,
            -6.250027508999947
          ],
          [
            107.14532983600009,
            -6.250000413999941
          ],
          [
            107.14540680500005,
            -6.249833964999937
          ],
          [
            107.14533265600005,
            -6.249716339999964
          ],
          [
            107.14519348800007,
            -6.249615523999977
          ],
          [
            107.14042570589402,
            -6.247558855912118
          ]
        ]
      },
      "properties": {
        "NAMOBJ": "Ci Karang",
        "FCODE": " ",
        "REMARK": "Sungai",
        "METADATA": null,
        "SRS_ID": " ",
        "ADATGL": null,
        "DMAX": null,
        "FNGAIR": null,
        "JNSSNG": null,
        "KLSSNG": null,
        "LTKSGI": null,
        "NAMWS": null,
        "STATUS": null,
        "UKRSGI": null,
        "WMAX": null,
        "DBTMXS": null,
        "NAMDAS": null,
        "SHAPE_Length": 0.7126294299733992,
        "dataset_role": "rbi_reference",
        "source_file": "25k st cikarang.zip",
        "source_layer": "SUNGAI_LN_25K",
        "radius_m": 1000,
        "geometry_clipped": true,
        "center_status": "unverified_geocoded_station_reference"
      }
    },
    {
      "type": "Feature",
      "id": "rbi:94675f5de08685fb7e20",
      "geometry": {
        "type": "LineString",
        "coordinates": [
          [
            107.14110142578889,
            -6.247191540786173
          ],
          [
            107.14200868300009,
            -6.2476040029999345
          ],
          [
            107.14264969200006,
            -6.247895427999934
          ],
          [
            107.14420858500006,
            -6.248463132999972
          ],
          [
            107.14429939700005,
            -6.24837095199996
          ],
          [
            107.14438316700006,
            -6.248135451999928
          ],
          [
            107.14492647742941,
            -6.246272416417475
          ]
        ]
      },
      "properties": {
        "NAMOBJ": " ",
        "FCODE": " ",
        "REMARK": "Sungai Satu Garis",
        "METADATA": null,
        "SRS_ID": " ",
        "ADATGL": null,
        "DMAX": null,
        "FNGAIR": null,
        "JNSSNG": null,
        "KLSSNG": null,
        "LTKSGI": null,
        "NAMWS": null,
        "STATUS": null,
        "UKRSGI": null,
        "WMAX": null,
        "DBTMXS": null,
        "NAMDAS": null,
        "SHAPE_Length": 0.03732096992796875,
        "dataset_role": "rbi_reference",
        "source_file": "25k st cikarang.zip",
        "source_layer": "SUNGAI_LN_25K",
        "radius_m": 1000,
        "geometry_clipped": true,
        "center_status": "unverified_geocoded_station_reference"
      }
    },
    {
      "type": "Feature",
      "id": "rbi:61165632feb3085a7bc5",
      "geometry": {
        "type": "MultiLineString",
        "coordinates": [
          [
            [
              107.14563839400006,
              -6.249760917999934
            ],
            [
              107.14661410500008,
              -6.248918737999929
            ],
            [
              107.14680844500005,
              -6.248631325999953
            ],
            [
              107.14689151800009,
              -6.248250565999967
            ]
          ],
          [
            [
              107.14540680500005,
              -6.249833964999937
            ],
            [
              107.14563839400006,
              -6.249760917999934
            ]
          ]
        ]
      },
      "properties": {
        "NAMOBJ": " ",
        "FCODE": " ",
        "REMARK": "Sungai",
        "METADATA": null,
        "SRS_ID": " ",
        "ADATGL": null,
        "DMAX": null,
        "FNGAIR": null,
        "JNSSNG": null,
        "KLSSNG": null,
        "LTKSGI": null,
        "NAMWS": null,
        "STATUS": null,
        "UKRSGI": null,
        "WMAX": null,
        "DBTMXS": null,
        "NAMDAS": null,
        "SHAPE_Length": 0.002268408251927592,
        "dataset_role": "rbi_reference",
        "source_file": "25k st cikarang.zip",
        "source_layer": "SUNGAI_LN_25K",
        "radius_m": 1000,
        "geometry_clipped": false,
        "center_status": "unverified_geocoded_station_reference"
      }
    },
    {
      "type": "Feature",
      "id": "rbi:ca3929598f0fa29f33fa",
      "geometry": {
        "type": "LineString",
        "coordinates": [
          [
            107.14689151800009,
            -6.248250565999967
          ],
          [
            107.14689407400006,
            -6.248199687999943
          ],
          [
            107.14695901500006,
            -6.247824352999943
          ],
          [
            107.14712903300007,
            -6.247436900999957
          ],
          [
            107.14728814100006,
            -6.247242758999958
          ],
          [
            107.14752826900008,
            -6.247045592999938
          ],
          [
            107.14777207000009,
            -6.246949233999943
          ],
          [
            107.14797690900009,
            -6.246972967999966
          ],
          [
            107.14805825100007,
            -6.2470154859999525
          ],
          [
            107.14815509300007,
            -6.24706611199997
          ],
          [
            107.14831708800006,
            -6.247230221999927
          ],
          [
            107.14832957100003,
            -6.247254090999944
          ],
          [
            107.14843118100005,
            -6.247448423999971
          ],
          [
            107.14848004400005,
            -6.247656207999968
          ],
          [
            107.14849535100007,
            -6.247721313999934
          ],
          [
            107.14859184400007,
            -6.24836393399994
          ],
          [
            107.14868640600008,
            -6.248515699999928
          ],
          [
            107.14880617300008,
            -6.248559117999944
          ],
          [
            107.14895657300008,
            -6.248513591999939
          ],
          [
            107.14905257700008,
            -6.248407684999959
          ],
          [
            107.14914619600006,
            -6.248219830999973
          ],
          [
            107.14920929500005,
            -6.248093212999946
          ],
          [
            107.14930435100007,
            -6.247763958999938
          ],
          [
            107.14941720131625,
            -6.247384583286148
          ]
        ]
      },
      "properties": {
        "NAMOBJ": "Ci Karang",
        "FCODE": " ",
        "REMARK": "Sungai Satu Garis",
        "METADATA": null,
        "SRS_ID": " ",
        "ADATGL": null,
        "DMAX": null,
        "FNGAIR": null,
        "JNSSNG": null,
        "KLSSNG": null,
        "LTKSGI": null,
        "NAMWS": null,
        "STATUS": null,
        "UKRSGI": null,
        "WMAX": null,
        "DBTMXS": null,
        "NAMDAS": null,
        "SHAPE_Length": 0.09150116284589342,
        "dataset_role": "rbi_reference",
        "source_file": "25k st cikarang.zip",
        "source_layer": "SUNGAI_LN_25K",
        "radius_m": 1000,
        "geometry_clipped": true,
        "center_status": "unverified_geocoded_station_reference"
      }
    },
    {
      "type": "Feature",
      "id": "rbi:8fbfd3eb8722aeb652a4",
      "geometry": {
        "type": "LineString",
        "coordinates": [
          [
            107.13941716344193,
            -6.262365981404615
          ],
          [
            107.13974536700005,
            -6.2618042699999705
          ],
          [
            107.13999103500004,
            -6.26131758699995
          ],
          [
            107.14013532500007,
            -6.260977020999974
          ],
          [
            107.14019755900004,
            -6.260758210999938
          ],
          [
            107.14017590000007,
            -6.259954572999958
          ],
          [
            107.14017510900004,
            -6.259760303999938
          ],
          [
            107.14038870500006,
            -6.259744861999935
          ],
          [
            107.14103036100003,
            -6.259912233999957
          ],
          [
            107.14137028600004,
            -6.259915704999968
          ],
          [
            107.14152543300008,
            -6.259856789999956
          ],
          [
            107.14172882200006,
            -6.2597199689999465
          ],
          [
            107.14192701800005,
            -6.259500602999935
          ],
          [
            107.14201384800003,
            -6.259359401999972
          ],
          [
            107.14202317700006,
            -6.2591865459999685
          ],
          [
            107.14179173000008,
            -6.2583958299999285
          ],
          [
            107.14182522600004,
            -6.258274272999928
          ],
          [
            107.14201398000006,
            -6.257993835999967
          ],
          [
            107.14248741100005,
            -6.257394516999963
          ],
          [
            107.14263675200004,
            -6.257102498999927
          ],
          [
            107.14264575100009,
            -6.256927616999972
          ],
          [
            107.14259663900003,
            -6.256791826999971
          ],
          [
            107.14244030500004,
            -6.2565593379999305
          ],
          [
            107.14228752800005,
            -6.256467317999978
          ],
          [
            107.14203520700005,
            -6.256512057999941
          ],
          [
            107.14178807900004,
            -6.256639343999948
          ],
          [
            107.14146872700007,
            -6.256917483999928
          ],
          [
            107.14135714300005,
            -6.256942223999943
          ],
          [
            107.14114826600007,
            -6.256923647999939
          ],
          [
            107.14101185100009,
            -6.2568124979999284
          ],
          [
            107.14090429300006,
            -6.256633233999934
          ],
          [
            107.14092308200009,
            -6.256477738999931
          ],
          [
            107.14104031500005,
            -6.256313935999968
          ],
          [
            107.14121448900003,
            -6.256157807999955
          ],
          [
            107.14135465400005,
            -6.2559969619999265
          ],
          [
            107.14139764300005,
            -6.255821941999956
          ],
          [
            107.14139913100007,
            -6.25490130299994
          ],
          [
            107.14142250000005,
            -6.254677793999975
          ],
          [
            107.14157683500008,
            -6.254419753999968
          ],
          [
            107.14178969600005,
            -6.25422461399995
          ],
          [
            107.14209998800004,
            -6.254106784999977
          ],
          [
            107.14235215000008,
            -6.254023190999929
          ],
          [
            107.14252150600004,
            -6.25387679599993
          ],
          [
            107.14263738500006,
            -6.25365518099994
          ],
          [
            107.14262684400006,
            -6.253487589999964
          ],
          [
            107.14233048200003,
            -6.253340884999944
          ],
          [
            107.14200442400005,
            -6.253164717999936
          ],
          [
            107.14188439300005,
            -6.252741189999937
          ],
          [
            107.14167354900007,
            -6.251805264999971
          ],
          [
            107.14168729600004,
            -6.251457023999931
          ],
          [
            107.14182380000005,
            -6.2512491929999765
          ],
          [
            107.14197038500004,
            -6.251149778999947
          ],
          [
            107.14211234500004,
            -6.251098586999943
          ],
          [
            107.14221840800008,
            -6.251107794999941
          ],
          [
            107.14233904600007,
            -6.251145866999935
          ],
          [
            107.14248215500004,
            -6.251254731999951
          ],
          [
            107.14296170400007,
            -6.251891821999945
          ],
          [
            107.14310849200007,
            -6.251988838999977
          ],
          [
            107.14328973800008,
            -6.25198809999995
          ],
          [
            107.14342867500005,
            -6.251868999999943
          ],
          [
            107.14358809900006,
            -6.251645226999925
          ],
          [
            107.14367784100006,
            -6.251428710999959
          ],
          [
            107.14382981100005,
            -6.251086435999978
          ],
          [
            107.14404483200008,
            -6.2508205999999396
          ],
          [
            107.14447592400006,
            -6.2505469119999475
          ],
          [
            107.14531730700008,
            -6.250027508999947
          ],
          [
            107.14532983600009,
            -6.250000413999941
          ],
          [
            107.14540680500005,
            -6.249833964999937
          ],
          [
            107.14533265600005,
            -6.249716339999964
          ],
          [
            107.14519348800007,
            -6.249615523999977
          ],
          [
            107.14042570589402,
            -6.247558855912118
          ]
        ]
      },
      "properties": {
        "NAMOBJ": "Ci Karang",
        "FCODE": "DA02060400",
        "REMARK": "Sungai",
        "METADATA": "RBI25KPROVINSIJABAR",
        "SRS_ID": "4326",
        "ADATGL": 0.0,
        "DMAX": 0.0,
        "FNGAIR": 0.0,
        "JNSSNG": 0.0,
        "KLSSNG": 0.0,
        "LTKSGI": 0.0,
        "NAMWS": " ",
        "STATUS": " ",
        "UKRSGI": 0.0,
        "WMAX": 0.0,
        "DBTMXS": 0.0,
        "NAMDAS": " ",
        "SHAPE_Length": 0.7126294299733992,
        "dataset_role": "rbi_reference",
        "source_file": "25k st cikarang.zip",
        "source_layer": "SUNGAI_LN_25K",
        "radius_m": 1000,
        "geometry_clipped": true,
        "center_status": "unverified_geocoded_station_reference"
      }
    },
    {
      "type": "Feature",
      "id": "rbi:d8d89893e12dc0f262f9",
      "geometry": {
        "type": "LineString",
        "coordinates": [
          [
            107.14110142578889,
            -6.247191540786173
          ],
          [
            107.14200868300009,
            -6.2476040029999345
          ],
          [
            107.14264969200006,
            -6.247895427999934
          ],
          [
            107.14420858500006,
            -6.248463132999972
          ],
          [
            107.14429939700005,
            -6.24837095199996
          ],
          [
            107.14438316700006,
            -6.248135451999928
          ],
          [
            107.14492647742941,
            -6.246272416417475
          ]
        ]
      },
      "properties": {
        "NAMOBJ": " ",
        "FCODE": "DA02060400",
        "REMARK": "Sungai Satu Garis",
        "METADATA": "RBI25KPROVINSIJABAR",
        "SRS_ID": "4326",
        "ADATGL": 0.0,
        "DMAX": 0.0,
        "FNGAIR": 0.0,
        "JNSSNG": 0.0,
        "KLSSNG": 0.0,
        "LTKSGI": 0.0,
        "NAMWS": " ",
        "STATUS": " ",
        "UKRSGI": 0.0,
        "WMAX": 0.0,
        "DBTMXS": 0.0,
        "NAMDAS": " ",
        "SHAPE_Length": 0.03732096992796875,
        "dataset_role": "rbi_reference",
        "source_file": "25k st cikarang.zip",
        "source_layer": "SUNGAI_LN_25K",
        "radius_m": 1000,
        "geometry_clipped": true,
        "center_status": "unverified_geocoded_station_reference"
      }
    },
    {
      "type": "Feature",
      "id": "rbi:7f8a836f8a2aa16705c8",
      "geometry": {
        "type": "MultiLineString",
        "coordinates": [
          [
            [
              107.14563839400006,
              -6.249760917999934
            ],
            [
              107.14661410500008,
              -6.248918737999929
            ],
            [
              107.14680844500005,
              -6.248631325999953
            ],
            [
              107.14689151800009,
              -6.248250565999967
            ]
          ],
          [
            [
              107.14540680500005,
              -6.249833964999937
            ],
            [
              107.14563839400006,
              -6.249760917999934
            ]
          ]
        ]
      },
      "properties": {
        "NAMOBJ": " ",
        "FCODE": "DA02060400",
        "REMARK": "Sungai",
        "METADATA": "RBI25KPROVINSIJABAR",
        "SRS_ID": "4326",
        "ADATGL": 0.0,
        "DMAX": 0.0,
        "FNGAIR": 0.0,
        "JNSSNG": 0.0,
        "KLSSNG": 0.0,
        "LTKSGI": 0.0,
        "NAMWS": " ",
        "STATUS": " ",
        "UKRSGI": 0.0,
        "WMAX": 0.0,
        "DBTMXS": 0.0,
        "NAMDAS": " ",
        "SHAPE_Length": 0.002268408251927592,
        "dataset_role": "rbi_reference",
        "source_file": "25k st cikarang.zip",
        "source_layer": "SUNGAI_LN_25K",
        "radius_m": 1000,
        "geometry_clipped": false,
        "center_status": "unverified_geocoded_station_reference"
      }
    },
    {
      "type": "Feature",
      "id": "rbi:5d61c58c1acc97ce3070",
      "geometry": {
        "type": "LineString",
        "coordinates": [
          [
            107.14689151800009,
            -6.248250565999967
          ],
          [
            107.14689407400006,
            -6.248199687999943
          ],
          [
            107.14695901500006,
            -6.247824352999943
          ],
          [
            107.14712903300007,
            -6.247436900999957
          ],
          [
            107.14728814100006,
            -6.247242758999958
          ],
          [
            107.14752826900008,
            -6.247045592999938
          ],
          [
            107.14777207000009,
            -6.246949233999943
          ],
          [
            107.14797690900009,
            -6.246972967999966
          ],
          [
            107.14805825100007,
            -6.2470154859999525
          ],
          [
            107.14815509300007,
            -6.24706611199997
          ],
          [
            107.14831708800006,
            -6.247230221999927
          ],
          [
            107.14832957100003,
            -6.247254090999944
          ],
          [
            107.14843118100005,
            -6.247448423999971
          ],
          [
            107.14848004400005,
            -6.247656207999968
          ],
          [
            107.14849535100007,
            -6.247721313999934
          ],
          [
            107.14859184400007,
            -6.24836393399994
          ],
          [
            107.14868640600008,
            -6.248515699999928
          ],
          [
            107.14880617300008,
            -6.248559117999944
          ],
          [
            107.14895657300008,
            -6.248513591999939
          ],
          [
            107.14905257700008,
            -6.248407684999959
          ],
          [
            107.14914619600006,
            -6.248219830999973
          ],
          [
            107.14920929500005,
            -6.248093212999946
          ],
          [
            107.14930435100007,
            -6.247763958999938
          ],
          [
            107.14941720131625,
            -6.247384583286148
          ]
        ]
      },
      "properties": {
        "NAMOBJ": "Ci Karang",
        "FCODE": "DA02060400",
        "REMARK": "Sungai Satu Garis",
        "METADATA": "RBI25KPROVINSIJABAR",
        "SRS_ID": "4326",
        "ADATGL": 0.0,
        "DMAX": 0.0,
        "FNGAIR": 0.0,
        "JNSSNG": 0.0,
        "KLSSNG": 0.0,
        "LTKSGI": 0.0,
        "NAMWS": " ",
        "STATUS": " ",
        "UKRSGI": 0.0,
        "WMAX": 0.0,
        "DBTMXS": 0.0,
        "NAMDAS": " ",
        "SHAPE_Length": 0.09150116284589342,
        "dataset_role": "rbi_reference",
        "source_file": "25k st cikarang.zip",
        "source_layer": "SUNGAI_LN_25K",
        "radius_m": 1000,
        "geometry_clipped": true,
        "center_status": "unverified_geocoded_station_reference"
      }
    },
    {
      "type": "Feature",
      "id": "rbi:205d92838256af9e3d0c",
      "geometry": {
        "type": "Polygon",
        "coordinates": [
          [
            [
              107.14557169600005,
              -6.249660747999939
            ],
            [
              107.14557817100007,
              -6.24965909399998
            ],
            [
              107.14567241400005,
              -6.249570496999979
            ],
            [
              107.14602341400007,
              -6.249239894999959
            ],
            [
              107.14626954600004,
              -6.249059843999931
            ],
            [
              107.14648243700009,
              -6.248893486999976
            ],
            [
              107.1468607070001,
              -6.248290723999958
            ],
            [
              107.14689153100007,
              -6.248250558999927
            ],
            [
              107.14689840700005,
              -6.24827430099998
            ],
            [
              107.14691733600007,
              -6.248458872999946
            ],
            [
              107.14687465100009,
              -6.248696298999961
            ],
            [
              107.14676959000008,
              -6.2489088539999775
            ],
            [
              107.14646369000008,
              -6.249265211999954
            ],
            [
              107.14644379300006,
              -6.249281470999961
            ],
            [
              107.14616708000005,
              -6.249506927999961
            ],
            [
              107.14581829300006,
              -6.249722375999966
            ],
            [
              107.14575847700007,
              -6.249759313999959
            ],
            [
              107.14570054400008,
              -6.249800945999938
            ],
            [
              107.14569848600009,
              -6.2498626849999255
            ],
            [
              107.14561479700006,
              -6.250000406999957
            ],
            [
              107.14558815800007,
              -6.250044168999977
            ],
            [
              107.14533527000003,
              -6.250284803999932
            ],
            [
              107.14480561500005,
              -6.25053686999996
            ],
            [
              107.14415140200005,
              -6.250933603999954
            ],
            [
              107.14394617100004,
              -6.2511153849999355
            ],
            [
              107.14372486200006,
              -6.251592869999967
            ],
            [
              107.14357582100007,
              -6.251871582999968
            ],
            [
              107.14339824600007,
              -6.252058222999949
            ],
            [
              107.14324183200006,
              -6.252136227999927
            ],
            [
              107.14310054200007,
              -6.252123427999947
            ],
            [
              107.14278174800006,
              -6.251765729999931
            ],
            [
              107.14274148600003,
              -6.251720523999947
            ],
            [
              107.14249013700004,
              -6.251406567999936
            ],
            [
              107.14231332200006,
              -6.251231133999965
            ],
            [
              107.14223110800003,
              -6.251200557999935
            ],
            [
              107.14202384800006,
              -6.251323508999974
            ],
            [
              107.14199917600007,
              -6.251338069999972
            ],
            [
              107.14185109700009,
              -6.251487261999952
            ],
            [
              107.14180305700006,
              -6.251782012999969
            ],
            [
              107.14184470200007,
              -6.2519292549999355
            ],
            [
              107.14190698800007,
              -6.2522431689999385
            ],
            [
              107.14195900800007,
              -6.252505063999933
            ],
            [
              107.14200180300008,
              -6.25278850799998
            ],
            [
              107.14203000300006,
              -6.252835481999966
            ],
            [
              107.14209158000006,
              -6.252938084999925
            ],
            [
              107.1424300990001,
              -6.253163924999967
            ],
            [
              107.14265216600006,
              -6.253292807999968
            ],
            [
              107.14274815400006,
              -6.253412714999966
            ],
            [
              107.14278501000007,
              -6.253554644999949
            ],
            [
              107.14274683100007,
              -6.253709894999928
            ],
            [
              107.14258345200005,
              -6.2539434749999705
            ],
            [
              107.14254531000006,
              -6.253997949999927
            ],
            [
              107.14239685000007,
              -6.254145335999964
            ],
            [
              107.14214874000004,
              -6.254206450999958
            ],
            [
              107.14203565400004,
              -6.254223361999947
            ],
            [
              107.14196031300008,
              -6.25423469599997
            ],
            [
              107.14166930900006,
              -6.2545187779999765
            ],
            [
              107.14155068700006,
              -6.254731206999963
            ],
            [
              107.14150047700008,
              -6.255700214999934
            ],
            [
              107.14149165000005,
              -6.2557829499999675
            ],
            [
              107.14147335500007,
              -6.255954749999942
            ],
            [
              107.14139939500006,
              -6.256122348999953
            ],
            [
              107.14124513100006,
              -6.256253036999965
            ],
            [
              107.14107277000005,
              -6.256367078999973
            ],
            [
              107.14098306400007,
              -6.256491086999972
            ],
            [
              107.14099390800004,
              -6.2566115219999565
            ],
            [
              107.14111057000008,
              -6.256758910999962
            ],
            [
              107.14129645300005,
              -6.2568376889999495
            ],
            [
              107.14141102300005,
              -6.2568375829999345
            ],
            [
              107.14156832400005,
              -6.256702452999943
            ],
            [
              107.14171947100004,
              -6.256519717999934
            ],
            [
              107.1419145770001,
              -6.256393651999927
            ],
            [
              107.14204437200004,
              -6.256364020999968
            ],
            [
              107.14218250200008,
              -6.256332365999981
            ],
            [
              107.14232103400008,
              -6.2563441829999515
            ],
            [
              107.14253848900006,
              -6.256529481999961
            ],
            [
              107.14269183100004,
              -6.256739174999949
            ],
            [
              107.14276255200008,
              -6.2569833689999514
            ],
            [
              107.14277137000005,
              -6.257173043999955
            ],
            [
              107.14270296000007,
              -6.257386081999926
            ],
            [
              107.14242761900005,
              -6.257730023999953
            ],
            [
              107.14216487200008,
              -6.258002150999968
            ],
            [
              107.14205179400005,
              -6.258185725999965
            ],
            [
              107.14203743600007,
              -6.258208921999938
            ],
            [
              107.14197394300004,
              -6.258440377999931
            ],
            [
              107.14199990300007,
              -6.258686923999961
            ],
            [
              107.14205460800008,
              -6.258876411999949
            ],
            [
              107.14213258800004,
              -6.259146877999966
            ],
            [
              107.14216956200005,
              -6.259390667999981
            ],
            [
              107.14214702700008,
              -6.259509339999964
            ],
            [
              107.14205754800008,
              -6.259597827999927
            ],
            [
              107.14198097900004,
              -6.2596734289999745
            ],
            [
              107.14173161000008,
              -6.25991983199998
            ],
            [
              107.14148284600007,
              -6.260040422999966
            ],
            [
              107.14119298900003,
              -6.260076402999969
            ],
            [
              107.14062854400002,
              -6.259947198999953
            ],
            [
              107.14042796600005,
              -6.259918733999938
            ],
            [
              107.14033516200003,
              -6.259958879999943
            ],
            [
              107.14031168600008,
              -6.260779552999964
            ],
            [
              107.14027188300008,
              -6.2610480599999505
            ],
            [
              107.13996213900003,
              -6.261688774999927
            ],
            [
              107.13977138200005,
              -6.261986818999959
            ],
            [
              107.13953317600004,
              -6.2623589889999485
            ],
            [
              107.13949624103404,
              -6.262428800146362
            ],
            [
              107.13944781003151,
              -6.262390594480155
            ],
            [
              107.13938630887418,
              -6.262341201292202
            ],
            [
              107.1393562684178,
              -6.262316640652011
            ],
            [
              107.13938310700007,
              -6.2622768109999365
            ],
            [
              107.13958793200005,
              -6.261884079999959
            ],
            [
              107.13982868000005,
              -6.261422782999943
            ],
            [
              107.13998615100007,
              -6.2610182239999395
            ],
            [
              107.14004536600002,
              -6.26077828999996
            ],
            [
              107.14004829400004,
              -6.26007058699997
            ],
            [
              107.14002430300006,
              -6.259758504999977
            ],
            [
              107.14005063800005,
              -6.25965834599998
            ],
            [
              107.14019103500003,
              -6.259579410999947
            ],
            [
              107.14087556800006,
              -6.259709932999954
            ],
            [
              107.14125266100007,
              -6.259766238999929
            ],
            [
              107.14146079300008,
              -6.259747222999974
            ],
            [
              107.14164642000009,
              -6.259616406999954
            ],
            [
              107.14175905200005,
              -6.259451361999935
            ],
            [
              107.14179030200006,
              -6.259405591999949
            ],
            [
              107.14186951900007,
              -6.2591389129999575
            ],
            [
              107.14167093800006,
              -6.2584122399999265
            ],
            [
              107.14163056300004,
              -6.258247638999932
            ],
            [
              107.14204998600007,
              -6.25774195799994
            ],
            [
              107.14213997800005,
              -6.257633313999974
            ],
            [
              107.14235264900009,
              -6.257357233999928
            ],
            [
              107.14249786800008,
              -6.257017618999954
            ],
            [
              107.14251895300004,
              -6.2568904569999395
            ],
            [
              107.14242889600007,
              -6.2567636559999755
            ],
            [
              107.14228268900007,
              -6.256678028999942
            ],
            [
              107.14212577500007,
              -6.256670263999976
            ],
            [
              107.14204578000006,
              -6.2567097249999515
            ],
            [
              107.14171338900007,
              -6.256873496999958
            ],
            [
              107.14141888800003,
              -6.257049405999961
            ],
            [
              107.14115692400009,
              -6.2570747879999535
            ],
            [
              107.14102795400004,
              -6.257050999999932
            ],
            [
              107.14086142300005,
              -6.256785413999979
            ],
            [
              107.14082046300007,
              -6.256532059999925
            ],
            [
              107.14122542200005,
              -6.255968323999977
            ],
            [
              107.14129493700005,
              -6.255825146999938
            ],
            [
              107.14131636100008,
              -6.255781043999946
            ],
            [
              107.14126687700006,
              -6.25476950999996
            ],
            [
              107.14127319300007,
              -6.254619540999953
            ],
            [
              107.14142419200004,
              -6.254400291999956
            ],
            [
              107.14171957300005,
              -6.254166444999951
            ],
            [
              107.14203487500004,
              -6.25403211799994
            ],
            [
              107.14217423300005,
              -6.2539727109999586
            ],
            [
              107.14233319600004,
              -6.253916747999937
            ],
            [
              107.14238657400006,
              -6.253871882999929
            ],
            [
              107.14246370800004,
              -6.253807125999968
            ],
            [
              107.14252866200007,
              -6.253659718999928
            ],
            [
              107.14252028700008,
              -6.253560514999947
            ],
            [
              107.14206283600004,
              -6.253416502999925
            ],
            [
              107.14203233100005,
              -6.253407317999972
            ],
            [
              107.14191903900007,
              -6.253373434999957
            ],
            [
              107.14179855400005,
              -6.253237901999965
            ],
            [
              107.14176306400009,
              -6.25293752699997
            ],
            [
              107.14174025900007,
              -6.252477304999956
            ],
            [
              107.14156803200007,
              -6.251909865999948
            ],
            [
              107.14151630800006,
              -6.251610640999956
            ],
            [
              107.14152894000004,
              -6.251419702999951
            ],
            [
              107.14169079600003,
              -6.251159557999927
            ],
            [
              107.14181101300007,
              -6.251046089999932
            ],
            [
              107.14201113500009,
              -6.250981736999959
            ],
            [
              107.14202246000008,
              -6.250982323999951
            ],
            [
              107.14221603100003,
              -6.25099210899998
            ],
            [
              107.14243148800006,
              -6.251089656999962
            ],
            [
              107.14268762800003,
              -6.251336167999965
            ],
            [
              107.14283937500005,
              -6.251575603999981
            ],
            [
              107.14293072300006,
              -6.251781753999978
            ],
            [
              107.14302688100008,
              -6.251870297999969
            ],
            [
              107.14319097000003,
              -6.251865921999981
            ],
            [
              107.14337311800006,
              -6.2517596129999315
            ],
            [
              107.14351954200004,
              -6.251606361999961
            ],
            [
              107.14359050200005,
              -6.2513793049999435
            ],
            [
              107.14369426200005,
              -6.251102945999946
            ],
            [
              107.14385799000007,
              -6.25084559399994
            ],
            [
              107.14417357100007,
              -6.250560868999968
            ],
            [
              107.14446245000005,
              -6.25039573799995
            ],
            [
              107.14489208900005,
              -6.250150225999959
            ],
            [
              107.14501720500004,
              -6.250051379999946
            ],
            [
              107.14503949500005,
              -6.250000404999978
            ],
            [
              107.14503967300004,
              -6.249999999999944
            ],
            [
              107.14510938900008,
              -6.249840957999935
            ],
            [
              107.14511682500006,
              -6.249728310999956
            ],
            [
              107.14484299600008,
              -6.249564481999926
            ],
            [
              107.14411360900004,
              -6.249281579999944
            ],
            [
              107.14406960800005,
              -6.249269105999928
            ],
            [
              107.14313600900005,
              -6.248869176999961
            ],
            [
              107.14249670700006,
              -6.248555084999963
            ],
            [
              107.14201173300006,
              -6.248346199999955
            ],
            [
              107.14044316400003,
              -6.247670564999964
            ],
            [
              107.14032672255618,
              -6.2476191833172114
            ],
            [
              107.14035175986844,
              -6.247603679518829
            ],
            [
              107.1404191766872,
              -6.2475627429494995
            ],
            [
              107.14048694791985,
              -6.247522396646074
            ],
            [
              107.14050907159968,
              -6.247509485966503
            ],
            [
              107.14176970800008,
              -6.248034463999943
            ],
            [
              107.14201091900009,
              -6.248146006999945
            ],
            [
              107.14238900700006,
              -6.248320891999982
            ],
            [
              107.14418326800006,
              -6.249064288999932
            ],
            [
              107.14448596000005,
              -6.249199892999969
            ],
            [
              107.14481194000007,
              -6.249310364999928
            ],
            [
              107.14524959400006,
              -6.249532996999961
            ],
            [
              107.14546249400007,
              -6.249643026999932
            ],
            [
              107.14557169600005,
              -6.249660747999939
            ]
          ]
        ]
      },
      "properties": {
        "NAMOBJ": "Ci Karang",
        "FCODE": "DA03060400",
        "REMARK": "Sungai",
        "METADATA": "RBI25KPROVINSIJABAR",
        "SRS_ID": "4326",
        "ADATGL": null,
        "FNGAIR": null,
        "JNSSNG": null,
        "KLSSNG": null,
        "LTKSGI": null,
        "UKRSGI": null,
        "SHAPE_Length": 2.029177168977333,
        "SHAPE_Area": 0.00021368609559264858,
        "dataset_role": "rbi_reference",
        "source_file": "25k st cikarang.zip",
        "source_layer": "SUNGAI_AR_25K",
        "radius_m": 1000,
        "geometry_clipped": true,
        "center_status": "unverified_geocoded_station_reference"
      }
    },
    {
      "type": "Feature",
      "id": "rbi:ec7d55f8dfab4b14cadd",
      "geometry": {
        "type": "Polygon",
        "coordinates": [
          [
            [
              107.14924669000004,
              -6.247461811999926
            ],
            [
              107.14924058300005,
              -6.247745306999946
            ],
            [
              107.14926331900006,
              -6.247884847999954
            ],
            [
              107.14927519500009,
              -6.248025745999938
            ],
            [
              107.14927417600008,
              -6.248121828999958
            ],
            [
              107.14922361400005,
              -6.2482549179999305
            ],
            [
              107.14909160900004,
              -6.24839921199998
            ],
            [
              107.14890360500004,
              -6.248530942999935
            ],
            [
              107.14877261800007,
              -6.2485689709999415
            ],
            [
              107.14868133200008,
              -6.248560142999964
            ],
            [
              107.14861040900007,
              -6.248503782999932
            ],
            [
              107.14854016100008,
              -6.248377142999971
            ],
            [
              107.14852353300006,
              -6.248278005999965
            ],
            [
              107.14853066100005,
              -6.248095347999934
            ],
            [
              107.14854796600008,
              -6.247951052999953
            ],
            [
              107.14856425600004,
              -6.247806758999957
            ],
            [
              107.14857715000007,
              -6.247668914999962
            ],
            [
              107.14858020500009,
              -6.2475711359999755
            ],
            [
              107.14857443600005,
              -6.247521905999974
            ],
            [
              107.14855203900004,
              -6.247474372999932
            ],
            [
              107.14825917800005,
              -6.247241464999945
            ],
            [
              107.14818520200005,
              -6.24718510699995
            ],
            [
              107.14806710800008,
              -6.247109055999943
            ],
            [
              107.14797582000006,
              -6.247079177999978
            ],
            [
              107.14788317700004,
              -6.247057110999947
            ],
            [
              107.14778069500005,
              -6.24705337499995
            ],
            [
              107.14769314100005,
              -6.24705201699993
            ],
            [
              107.14759880200006,
              -6.24707408599994
            ],
            [
              107.14745932900007,
              -6.247124333999978
            ],
            [
              107.14729474400009,
              -6.2472377309999265
            ],
            [
              107.14720040300007,
              -6.24731955599998
            ],
            [
              107.14708977500005,
              -6.247503911999956
            ],
            [
              107.14702326200008,
              -6.2477099969999585
            ],
            [
              107.14698253900009,
              -6.247940866999954
            ],
            [
              107.14695573000007,
              -6.248135749999959
            ],
            [
              107.14695121000007,
              -6.24826668099996
            ],
            [
              107.14694487100009,
              -6.248373069999957
            ],
            [
              107.1469367270001,
              -6.248462702999971
            ],
            [
              107.1468786980001,
              -6.248645360999945
            ],
            [
              107.14673786800006,
              -6.248890491999928
            ],
            [
              107.14665812000004,
              -6.249008640999931
            ],
            [
              107.14655054600007,
              -6.249100989999931
            ],
            [
              107.14633330000004,
              -6.249212339999929
            ],
            [
              107.14616564300007,
              -6.249311105999937
            ],
            [
              107.14592064900006,
              -6.2494554309999435
            ],
            [
              107.14571025100008,
              -6.24959802799998
            ],
            [
              107.14536251000004,
              -6.24971755499996
            ],
            [
              107.14534870900007,
              -6.249657505999949
            ],
            [
              107.14526066900004,
              -6.249633711999933
            ],
            [
              107.14507983000004,
              -6.2495551889999765
            ],
            [
              107.14477763800005,
              -6.249424318999957
            ],
            [
              107.14457300500004,
              -6.2493386579999415
            ],
            [
              107.14401145200009,
              -6.249124506999976
            ],
            [
              107.14365929200005,
              -6.24902456999996
            ],
            [
              107.14324050700007,
              -6.248891319999926
            ],
            [
              107.14275033800003,
              -6.248639096999965
            ],
            [
              107.14180807100007,
              -6.24820365499994
            ],
            [
              107.14068020700006,
              -6.247694450999971
            ],
            [
              107.14039961478177,
              -6.247574621252534
            ],
            [
              107.1404191766872,
              -6.2475627429494995
            ],
            [
              107.14048694791985,
              -6.247522396646074
            ],
            [
              107.14055506840545,
              -6.247482643680942
            ],
            [
              107.14062353295652,
              -6.247443487081319
            ],
            [
              107.14069233635938,
              -6.247404929828998
            ],
            [
              107.14076147337457,
              -6.247366974860135
            ],
            [
              107.14083093873718,
              -6.247329625065019
            ],
            [
              107.14090072715734,
              -6.247292883287856
            ],
            [
              107.14097083332054,
              -6.247256752326548
            ],
            [
              107.14104125188814,
              -6.2472212349324865
            ],
            [
              107.14111197749763,
              -6.247186333810333
            ],
            [
              107.14118300476323,
              -6.247152051617828
            ],
            [
              107.14125432827609,
              -6.247118390965571
            ],
            [
              107.14132594260485,
              -6.247085354416834
            ],
            [
              107.141397842296,
              -6.247052944487362
            ],
            [
              107.14147002187434,
              -6.247021163645189
            ],
            [
              107.14154247584328,
              -6.2469900143104296
            ],
            [
              107.14161519868541,
              -6.24695949885512
            ],
            [
              107.1416881848628,
              -6.246929619603024
            ],
            [
              107.1417614288175,
              -6.24690037882945
            ],
            [
              107.14183492497195,
              -6.246871778761098
            ],
            [
              107.1419086677293,
              -6.246843821575871
            ],
            [
              107.14198265147405,
              -6.246816509402709
            ],
            [
              107.14205687057226,
              -6.246789844321452
            ],
            [
              107.14213131937208,
              -6.246763828362646
            ],
            [
              107.14220599220421,
              -6.246738463507412
            ],
            [
              107.14228088338227,
              -6.246713751687296
            ],
            [
              107.14235598720325,
              -6.246689694784102
            ],
            [
              107.14243129794795,
              -6.246666294629771
            ],
            [
              107.14250680988143,
              -6.246643553006226
            ],
            [
              107.1425825172534,
              -6.2466214716452555
            ],
            [
              107.14265841429875,
              -6.246600052228349
            ],
            [
              107.14273449523786,
              -6.246579296386603
            ],
            [
              107.14281075427715,
              -6.2465592057005805
            ],
            [
              107.14288718560945,
              -6.246539781700184
            ],
            [
              107.14296378341453,
              -6.246521025864559
            ],
            [
              107.14304054185939,
              -6.246502939621965
            ],
            [
              107.1431174550989,
              -6.24648552434967
            ],
            [
              107.14319451727609,
              -6.246468781373851
            ],
            [
              107.14327172252264,
              -6.246452711969486
            ],
            [
              107.14334906495937,
              -6.246437317360259
            ],
            [
              107.14342653869663,
              -6.246422598718477
            ],
            [
              107.1435041378348,
              -6.246408557164965
            ],
            [
              107.14358185646466,
              -6.246395193768984
            ],
            [
              107.14365968866798,
              -6.2463825095481615
            ],
            [
              107.14373762851778,
              -6.2463705054684
            ],
            [
              107.14381567007895,
              -6.246359182443815
            ],
            [
              107.14389380740865,
              -6.24634854133665
            ],
            [
              107.14397203455665,
              -6.246338582957231
            ],
            [
              107.14405034556601,
              -6.246329308063886
            ],
            [
              107.14412873447333,
              -6.246320717362898
            ],
            [
              107.14420719530929,
              -6.246312811508454
            ],
            [
              107.14428572209908,
              -6.24630559110258
            ],
            [
              107.14436430886292,
              -6.246299056695113
            ],
            [
              107.14444294961639,
              -6.246293208783649
            ],
            [
              107.14452163837102,
              -6.246288047813501
            ],
            [
              107.14460036913466,
              -6.246283574177688
            ],
            [
              107.14467913591196,
              -6.246279788216866
            ],
            [
              107.14475793270485,
              -6.246276690219344
            ],
            [
              107.14483675351293,
              -6.246274280421032
            ],
            [
              107.14491559233402,
              -6.246272559005432
            ],
            [
              107.14499444316453,
              -6.246271526103637
            ],
            [
              107.1450733,
              -6.246271181794299
            ],
            [
              107.14515215683547,
              -6.246271526103637
            ],
            [
              107.14523100766598,
              -6.246272559005432
            ],
            [
              107.14530984648708,
              -6.246274280421032
            ],
            [
              107.14538866729517,
              -6.246276690219344
            ],
            [
              107.14546746408804,
              -6.246279788216866
            ],
            [
              107.14554623086535,
              -6.246283574177688
            ],
            [
              107.145624961629,
              -6.246288047813501
            ],
            [
              107.14570365038362,
              -6.246293208783649
            ],
            [
              107.14578229113708,
              -6.246299056695113
            ],
            [
              107.14586087790092,
              -6.24630559110258
            ],
            [
              107.14593940469071,
              -6.246312811508454
            ],
            [
              107.14601786552667,
              -6.246320717362898
            ],
            [
              107.14609625443398,
              -6.246329308063886
            ],
            [
              107.14617456544335,
              -6.2463385829572315
            ],
            [
              107.14625279259137,
              -6.24634854133665
            ],
            [
              107.14633092992105,
              -6.246359182443815
            ],
            [
              107.14640897148223,
              -6.2463705054684
            ],
            [
              107.14648691133203,
              -6.246382509548163
            ],
            [
              107.14656474353535,
              -6.246395193768984
            ],
            [
              107.1466424621652,
              -6.246408557164964
            ],
            [
              107.14672006130338,
              -6.246422598718477
            ],
            [
              107.14679753504063,
              -6.246437317360259
            ],
            [
              107.14687487747737,
              -6.246452711969486
            ],
            [
              107.14695208272393,
              -6.246468781373852
            ],
            [
              107.14702914490111,
              -6.24648552434967
            ],
            [
              107.14710605814061,
              -6.246502939621965
            ],
            [
              107.14718281658548,
              -6.246521025864559
            ],
            [
              107.14725941439056,
              -6.246539781700184
            ],
            [
              107.14733584572286,
              -6.2465592057005805
            ],
            [
              107.14741210476215,
              -6.246579296386603
            ],
            [
              107.14748818570126,
              -6.246600052228349
            ],
            [
              107.14756408274661,
              -6.2466214716452555
            ],
            [
              107.14763979011859,
              -6.246643553006226
            ],
            [
              107.14771530205206,
              -6.24666629462977
            ],
            [
              107.14779061279675,
              -6.246689694784102
            ],
            [
              107.14786571661774,
              -6.246713751687296
            ],
            [
              107.14794060779579,
              -6.246738463507412
            ],
            [
              107.14801528062793,
              -6.246763828362646
            ],
            [
              107.14808972942775,
              -6.246789844321452
            ],
            [
              107.14816394852596,
              -6.246816509402709
            ],
            [
              107.1482379322707,
              -6.246843821575871
            ],
            [
              107.14831167502807,
              -6.246871778761098
            ],
            [
              107.14838517118251,
              -6.24690037882945
            ],
            [
              107.1484584151372,
              -6.246929619603024
            ],
            [
              107.1485314013146,
              -6.24695949885512
            ],
            [
              107.14860412415673,
              -6.246990014310429
            ],
            [
              107.14867657812567,
              -6.247021163645189
            ],
            [
              107.148748757704,
              -6.247052944487363
            ],
            [
              107.14882065739516,
              -6.247085354416833
            ],
            [
              107.14889227172392,
              -6.247118390965571
            ],
            [
              107.14896359523678,
              -6.247152051617828
            ],
            [
              107.14903462250237,
              -6.247186333810334
            ],
            [
              107.14910534811187,
              -6.2472212349324865
            ],
            [
              107.14917576667948,
              -6.24725675232655
            ],
            [
              107.14924587284267,
              -6.247292883287856
            ],
            [
              107.14929591428857,
              -6.24731922880123
            ],
            [
              107.14924669000004,
              -6.247461811999926
            ]
          ]
        ]
      },
      "properties": {
        "NAMOBJ": "Cibitung",
        "FCODE": "BA03070040",
        "REMARK": null,
        "METADATA": "TASWIL1000020230928_DATA_BATAS_DESAKELURAHAN",
        "SRS_ID": "SRGI 2013",
        "KDBBPS": null,
        "KDCBPS": null,
        "KDCPUM": "32.16.07",
        "KDEBPS": null,
        "KDEPUM": null,
        "KDPBPS": null,
        "KDPKAB": "32.16",
        "KDPPUM": "32",
        "LUASWH": null,
        "TIPADM": 3,
        "WADMKC": "Cibitung",
        "WADMKD": null,
        "WADMKK": "Bekasi",
        "WADMPR": "Jawa Barat",
        "WIADKC": null,
        "WIADKK": null,
        "WIADPR": null,
        "WIADKD": null,
        "UUPP": null,
        "SHAPE_Length": 0.5213009021529545,
        "SHAPE_Area": 0.003700223137172007,
        "dataset_role": "rbi_reference",
        "source_file": "25k st cikarang.zip",
        "source_layer": "ADMINISTRASI_AR_KECAMATAN",
        "radius_m": 1000,
        "geometry_clipped": true,
        "center_status": "unverified_geocoded_station_reference"
      }
    },
    {
      "type": "Feature",
      "id": "rbi:78316660289762070ae8",
      "geometry": {
        "type": "Polygon",
        "coordinates": [
          [
            [
              107.14068020700006,
              -6.247694450999971
            ],
            [
              107.14180807100007,
              -6.24820365499994
            ],
            [
              107.14275033800003,
              -6.248639096999965
            ],
            [
              107.14324050700007,
              -6.248891319999926
            ],
            [
              107.14365929200005,
              -6.24902456999996
            ],
            [
              107.14401145200009,
              -6.249124506999976
            ],
            [
              107.14457300500004,
              -6.2493386579999415
            ],
            [
              107.14477763800005,
              -6.249424318999957
            ],
            [
              107.14507983000004,
              -6.2495551889999765
            ],
            [
              107.14526066900004,
              -6.249633711999933
            ],
            [
              107.14534870900007,
              -6.249657505999949
            ],
            [
              107.14536251000004,
              -6.24971755499996
            ],
            [
              107.14538177300005,
              -6.249859818999937
            ],
            [
              107.14532698300007,
              -6.249961686999939
            ],
            [
              107.14518064600009,
              -6.250136576999979
            ],
            [
              107.14509141700006,
              -6.250190114999952
            ],
            [
              107.14498791000005,
              -6.2502472219999285
            ],
            [
              107.14484871100007,
              -6.2502864839999575
            ],
            [
              107.14469523600008,
              -6.2503721439999245
            ],
            [
              107.14427764100009,
              -6.250696939999956
            ],
            [
              107.14393856800007,
              -6.250903953999966
            ],
            [
              107.14387789100005,
              -6.250968198999942
            ],
            [
              107.14381364500008,
              -6.251103827999939
            ],
            [
              107.14376724600004,
              -6.251210903999946
            ],
            [
              107.14376010800004,
              -6.251310840999963
            ],
            [
              107.14374226200005,
              -6.251475023999944
            ],
            [
              107.14372084700005,
              -6.2516249299999345
            ],
            [
              107.14367444800007,
              -6.251742712999943
            ],
            [
              107.14358878700006,
              -6.25188191199993
            ],
            [
              107.14352097200003,
              -6.251978279999946
            ],
            [
              107.14331038900008,
              -6.2520460939999785
            ],
            [
              107.14314620700009,
              -6.25201754099993
            ],
            [
              107.14299273200004,
              -6.251981848999947
            ],
            [
              107.14291777900007,
              -6.251914033999982
            ],
            [
              107.14286424100004,
              -6.251778405999972
            ],
            [
              107.14279999500008,
              -6.2515892379999505
            ],
            [
              107.14280356500008,
              -6.251524992999975
            ],
            [
              107.14276073500008,
              -6.251400070999978
            ],
            [
              107.14267150500007,
              -6.251285856999972
            ],
            [
              107.14261439800003,
              -6.251221610999949
            ],
            [
              107.14252873600009,
              -6.251143089999971
            ],
            [
              107.14239310800008,
              -6.251085982999941
            ],
            [
              107.14228246200008,
              -6.251060997999957
            ],
            [
              107.14209686500004,
              -6.25106099799996
            ],
            [
              107.14192554300007,
              -6.251107396999941
            ],
            [
              107.14184345200005,
              -6.251185919999954
            ],
            [
              107.14177206800008,
              -6.251310840999962
            ],
            [
              107.14172923800004,
              -6.2514964399999275
            ],
            [
              107.14171853000005,
              -6.251657052999972
            ],
            [
              107.14177206800008,
              -6.251942587999962
            ],
            [
              107.14182917500005,
              -6.2523566139999485
            ],
            [
              107.14186486700004,
              -6.252681410999966
            ],
            [
              107.14194338900008,
              -6.252959806999966
            ],
            [
              107.14200406600008,
              -6.253127559999938
            ],
            [
              107.14211114200003,
              -6.253202512999961
            ],
            [
              107.14222892500004,
              -6.253245342999946
            ],
            [
              107.14235741600004,
              -6.253248911999944
            ],
            [
              107.14246092200005,
              -6.253277465999929
            ],
            [
              107.14256442900006,
              -6.2533417119999495
            ],
            [
              107.14261796600005,
              -6.253413094999925
            ],
            [
              107.14264652000008,
              -6.25349875599994
            ],
            [
              107.14264652000008,
              -6.253587985999956
            ],
            [
              107.14264295100008,
              -6.253684352999927
            ],
            [
              107.14246449200004,
              -6.2539270589999765
            ],
            [
              107.14235027800004,
              -6.254026995999935
            ],
            [
              107.14225390900003,
              -6.254066256999978
            ],
            [
              107.14216111000007,
              -6.254094810999959
            ],
            [
              107.14205046500008,
              -6.25411622599995
            ],
            [
              107.14189699000008,
              -6.254191178999973
            ],
            [
              107.14174708300006,
              -6.25429825499998
            ],
            [
              107.14160431600004,
              -6.25444816099997
            ],
            [
              107.14149724000004,
              -6.254637327999943
            ],
            [
              107.14144013300007,
              -6.254962124999962
            ],
            [
              107.14144727200005,
              -6.255311904999926
            ],
            [
              107.14143271400009,
              -6.255768368999951
            ],
            [
              107.14142585600007,
              -6.255907959999943
            ],
            [
              107.14130093500006,
              -6.256040019999944
            ],
            [
              107.14109035300004,
              -6.25621491099997
            ],
            [
              107.14103681500006,
              -6.256293431999951
            ],
            [
              107.14094044600006,
              -6.25644333799994
            ],
            [
              107.14092260000007,
              -6.256596813999976
            ],
            [
              107.14091546200007,
              -6.256703889999929
            ],
            [
              107.14095115400005,
              -6.256803826999938
            ],
            [
              107.14101540000007,
              -6.256896625999956
            ],
            [
              107.14111176800009,
              -6.256943024999943
            ],
            [
              107.14126167300009,
              -6.257003701999962
            ],
            [
              107.14146511800004,
              -6.25697157899998
            ],
            [
              107.14165428500007,
              -6.256846656999924
            ],
            [
              107.14178277600007,
              -6.256739580999977
            ],
            [
              107.14195052800005,
              -6.25663964399996
            ],
            [
              107.14201477300008,
              -6.256575398999923
            ],
            [
              107.14212184900003,
              -6.256521860999953
            ],
            [
              107.14226461600003,
              -6.256511153999952
            ],
            [
              107.14235741600004,
              -6.256511153999952
            ],
            [
              107.14243593800006,
              -6.256532567999954
            ],
            [
              107.14251089100009,
              -6.256593244999977
            ],
            [
              107.14257513600006,
              -6.2566717669999425
            ],
            [
              107.14261082800004,
              -6.256793119999941
            ],
            [
              107.14262867400005,
              -6.257000131999973
            ],
            [
              107.14262867400005,
              -6.2571464699999515
            ],
            [
              107.14256085900007,
              -6.257442711999941
            ],
            [
              107.14245378400005,
              -6.2576247409999715
            ],
            [
              107.14230030900006,
              -6.257781784999963
            ],
            [
              107.14190412800009,
              -6.258074459999933
            ],
            [
              107.14180776000006,
              -6.2581779659999475
            ],
            [
              107.14178277600007,
              -6.258320733999937
            ],
            [
              107.14178991500006,
              -6.258420670999952
            ],
            [
              107.14182203700005,
              -6.258520607999969
            ],
            [
              107.14186843600004,
              -6.258631252999976
            ],
            [
              107.14196480500006,
              -6.258727620999936
            ],
            [
              107.14200049600005,
              -6.258791866999955
            ],
            [
              107.14202191200008,
              -6.258859680999931
            ],
            [
              107.14203618900007,
              -6.258966756999939
            ],
            [
              107.14204332600008,
              -6.259095247999939
            ],
            [
              107.14202548100008,
              -6.2592380159999275
            ],
            [
              107.14188842400006,
              -6.2596594179999565
            ],
            [
              107.14185035300005,
              -6.259733181999933
            ],
            [
              107.14175993300006,
              -6.259806944999979
            ],
            [
              107.14168141000005,
              -6.259864051999953
            ],
            [
              107.14160050900004,
              -6.259911640999973
            ],
            [
              107.14140063400002,
              -6.25995685099997
            ],
            [
              107.14127214300004,
              -6.259947332999956
            ],
            [
              107.14118172400003,
              -6.259942573999978
            ],
            [
              107.14100326400008,
              -6.259852154999974
            ],
            [
              107.14085335800006,
              -6.259742698999957
            ],
            [
              107.14069393400005,
              -6.2596998689999745
            ],
            [
              107.14052261300007,
              -6.259695109999938
            ],
            [
              107.14039650100005,
              -6.259752216999968
            ],
            [
              107.14027277000007,
              -6.259864051999954
            ],
            [
              107.14028942600004,
              -6.260235247999958
            ],
            [
              107.14028942600004,
              -6.260525541999922
            ],
            [
              107.14027752900004,
              -6.260756348999961
            ],
            [
              107.14022518100006,
              -6.260922911999955
            ],
            [
              107.14016331400006,
              -6.261027607999948
            ],
            [
              107.14003482400005,
              -6.261277451999946
            ],
            [
              107.13969456100006,
              -6.262010324999944
            ],
            [
              107.13945724027569,
              -6.2623980336984495
            ],
            [
              107.13944781003151,
              -6.262390594480155
            ],
            [
              107.13938630887418,
              -6.262341201292202
            ],
            [
              107.1393252408206,
              -6.262291272935608
            ],
            [
              107.13926461052141,
              -6.2622408132127605
            ],
            [
              107.13920442259389,
              -6.262189825966511
            ],
            [
              107.13914468162164,
              -6.262138315079891
            ],
            [
              107.13908539215423,
              -6.262086284475798
            ],
            [
              107.13902655870677,
              -6.2620337381167195
            ],
            [
              107.13896818575972,
              -6.26198068000441
            ],
            [
              107.13891027775846,
              -6.261927114179606
            ],
            [
              107.1388528391129,
              -6.2618730447217
            ],
            [
              107.13879587419724,
              -6.261818475748444
            ],
            [
              107.1387393873496,
              -6.2617634114156315
            ],
            [
              107.13868338287169,
              -6.261707855916771
            ],
            [
              107.13862786502843,
              -6.261651813482786
            ],
            [
              107.13857283804775,
              -6.261595288381673
            ],
            [
              107.13851830612015,
              -6.261538284918188
            ],
            [
              107.13846427339844,
              -6.2614808074335215
            ],
            [
              107.1384107439974,
              -6.261422860304957
            ],
            [
              107.13835772199346,
              -6.2613644479455415
            ],
            [
              107.13830521142445,
              -6.261305574803754
            ],
            [
              107.1382532162892,
              -6.261246245363167
            ],
            [
              107.1382017405473,
              -6.2611864641420905
            ],
            [
              107.13815078811876,
              -6.261126235693255
            ],
            [
              107.1381003628838,
              -6.2610655646034346
            ],
            [
              107.13805046868242,
              -6.261004455493116
            ],
            [
              107.13800110931419,
              -6.260942913016147
            ],
            [
              107.13795228853795,
              -6.260880941859373
            ],
            [
              107.13790401007151,
              -6.260818546742283
            ],
            [
              107.1378562775914,
              -6.260755732416654
            ],
            [
              107.13780909473255,
              -6.260692503666189
            ],
            [
              107.13776246508802,
              -6.260628865306144
            ],
            [
              107.13771639220873,
              -6.2605648221829755
            ],
            [
              107.13767087960325,
              -6.260500379173958
            ],
            [
              107.1376259307374,
              -6.260435541186818
            ],
            [
              107.13758154903412,
              -6.260370313159361
            ],
            [
              107.13753773787313,
              -6.260304700059097
            ],
            [
              107.1374945005907,
              -6.2602387068828556
            ],
            [
              107.13745184047943,
              -6.260172338656415
            ],
            [
              107.13740976078783,
              -6.260105600434109
            ],
            [
              107.1373682647204,
              -6.260038497298448
            ],
            [
              107.13732735543702,
              -6.259971034359732
            ],
            [
              107.13728703605298,
              -6.259903216755661
            ],
            [
              107.13724730963861,
              -6.259835049650939
            ],
            [
              107.13720817921906,
              -6.259766538236889
            ],
            [
              107.13716964777412,
              -6.259697687731054
            ],
            [
              107.13713171823792,
              -6.2596285033767884
            ],
            [
              107.13709439349881,
              -6.2595589904428826
            ],
            [
              107.13705767639901,
              -6.259489154223142
            ],
            [
              107.13702156973453,
              -6.259419000035987
            ],
            [
              107.13698607625483,
              -6.259348533224055
            ],
            [
              107.13695119866269,
              -6.259277759153792
            ],
            [
              107.13691693961398,
              -6.259206683215035
            ],
            [
              107.13688330171749,
              -6.259135310820609
            ],
            [
              107.13685028753466,
              -6.259063647405919
            ],
            [
              107.13681789957944,
              -6.258991698428526
            ],
            [
              107.13678614031811,
              -6.258919469367735
            ],
            [
              107.13675501216903,
              -6.25884696572418
            ],
            [
              107.13672451750256,
              -6.258774193019408
            ],
            [
              107.13669465864072,
              -6.258701156795446
            ],
            [
              107.13666543785718,
              -6.258627862614396
            ],
            [
              107.13663685737698,
              -6.258554316057996
            ],
            [
              107.13660891937641,
              -6.258480522727203
            ],
            [
              107.13658162598284,
              -6.258406488241764
            ],
            [
              107.13655497927452,
              -6.258332218239795
            ],
            [
              107.13652898128045,
              -6.258257718377336
            ],
            [
              107.13650363398025,
              -6.2581829943279335
            ],
            [
              107.13647893930398,
              -6.258108051782213
            ],
            [
              107.13645489913196,
              -6.258032896447421
            ],
            [
              107.1364315152947,
              -6.257957534047021
            ],
            [
              107.13640878957271,
              -6.257881970320235
            ],
            [
              107.13638672369639,
              -6.2578062110216175
            ],
            [
              107.13636531934588,
              -6.257730261920613
            ],
            [
              107.13634457815095,
              -6.257654128801121
            ],
            [
              107.13632450169084,
              -6.257577817461049
            ],
            [
              107.13630509149418,
              -6.257501333711875
            ],
            [
              107.13628634903885,
              -6.257424683378206
            ],
            [
              107.13626827575192,
              -6.257347872297331
            ],
            [
              107.13625087300943,
              -6.25727090631878
            ],
            [
              107.13623414213642,
              -6.257193791303872
            ],
            [
              107.1362180844067,
              -6.257116533125281
            ],
            [
              107.13620270104285,
              -6.257039137666576
            ],
            [
              107.13618799321607,
              -6.256961610821777
            ],
            [
              107.13617396204619,
              -6.256883958494909
            ],
            [
              107.13616060860137,
              -6.25680618659955
            ],
            [
              107.13614793389829,
              -6.256728301058385
            ],
            [
              107.13613593890186,
              -6.256650307802745
            ],
            [
              107.13612462452527,
              -6.256572212772164
            ],
            [
              107.13611399162981,
              -6.256494021913925
            ],
            [
              107.13610404102499,
              -6.256415741182601
            ],
            [
              107.13609477346822,
              -6.256337376539617
            ],
            [
              107.136086189665,
              -6.256258933952774
            ],
            [
              107.1360782902687,
              -6.256180419395813
            ],
            [
              107.13607107588058,
              -6.256101838847952
            ],
            [
              107.13606454704976,
              -6.256023198293432
            ],
            [
              107.13605870427313,
              -6.255944503721063
            ],
            [
              107.13605354799529,
              -6.255865761123756
            ],
            [
              107.13604907860866,
              -6.255786976498091
            ],
            [
              107.13604529645326,
              -6.255708155843837
            ],
            [
              107.13604220181684,
              -6.255629305163508
            ],
            [
              107.13603979493472,
              -6.255550430461898
            ],
            [
              107.1360380759899,
              -6.255471537745629
            ],
            [
              107.13603704511299,
              -6.255392633022697
            ],
            [
              107.13603670238214,
              -6.255313722302005
            ],
            [
              107.13603704782321,
              -6.25523481159291
            ],
            [
              107.13603808140952,
              -6.2551559069047675
            ],
            [
              107.13603980306209,
              -6.255077014246469
            ],
            [
              107.1360422126495,
              -6.25499813962599
            ],
            [
              107.1360453099879,
              -6.254919289049931
            ],
            [
              107.13604909484117,
              -6.254840468523054
            ],
            [
              107.1360535669207,
              -6.254761684047833
            ],
            [
              107.13605872588566,
              -6.254682941623995
            ],
            [
              107.13606457134287,
              -6.2546042472480545
            ],
            [
              107.13607110284686,
              -6.254525606912882
            ],
            [
              107.13607831989991,
              -6.254447026607207
            ],
            [
              107.13608622195213,
              -6.254368512315204
            ],
            [
              107.13609480840145,
              -6.254290070016004
            ],
            [
              107.13610407859365,
              -6.254211705683261
            ],
            [
              107.13611403182249,
              -6.254133425284687
            ],
            [
              107.1361246673297,
              -6.254055234781599
            ],
            [
              107.13613598430503,
              -6.25397714012847
            ],
            [
              107.13614798188635,
              -6.253899147272461
            ],
            [
              107.13616065915969,
              -6.253821262152985
            ],
            [
              107.13617401515937,
              -6.25374349070125
            ],
            [
              107.13618804886795,
              -6.2536658388398
            ],
            [
              107.13620275921646,
              -6.253588312482072
            ],
            [
              107.13621814508433,
              -6.253510917531943
            ],
            [
              107.13623420529959,
              -6.25343365988328
            ],
            [
              107.13625093863891,
              -6.25335654541949
            ],
            [
              107.1362683438277,
              -6.2532795800130785
            ],
            [
              107.13628641954021,
              -6.25320276952519
            ],
            [
              107.13630516439962,
              -6.253126119805172
            ],
            [
              107.13632457697817,
              -6.253049636690132
            ],
            [
              107.13634465579722,
              -6.2529733260044775
            ],
            [
              107.13636539932746,
              -6.252897193559493
            ],
            [
              107.13638680598892,
              -6.2528212451528775
            ],
            [
              107.1364088741511,
              -6.252745486568319
            ],
            [
              107.13643160213319,
              -6.252669923575043
            ],
            [
              107.13645498820411,
              -6.252594561927383
            ],
            [
              107.13647903058266,
              -6.252519407364333
            ],
            [
              107.13650372743766,
              -6.252444465609116
            ],
            [
              107.1365290768881,
              -6.252369742368745
            ],
            [
              107.1365550770033,
              -6.2522952433335925
            ],
            [
              107.13658172580298,
              -6.252220974176955
            ],
            [
              107.13660902125751,
              -6.252146940554619
            ],
            [
              107.13663696128798,
              -6.252073148104435
            ],
            [
              107.13666554376644,
              -6.251999602445875
            ],
            [
              107.13669476651599,
              -6.251926309179632
            ],
            [
              107.13672462731098,
              -6.251853273887164
            ],
            [
              107.13675512387715,
              -6.251780502130282
            ],
            [
              107.13678625389188,
              -6.251707999450734
            ],
            [
              107.1368180149843,
              -6.251635771369768
            ],
            [
              107.13685040473543,
              -6.25156382338772
            ],
            [
              107.13688342067849,
              -6.251492160983592
            ],
            [
              107.13691706029897,
              -6.251420789614636
            ],
            [
              107.13695132103489,
              -6.251349714715945
            ],
            [
              107.13698620027698,
              -6.25127894170003
            ],
            [
              107.13702169536884,
              -6.251208475956408
            ],
            [
              107.13705780360723,
              -6.251138322851192
            ],
            [
              107.13709452224217,
              -6.251068487726695
            ],
            [
              107.13713184847721,
              -6.250998975901004
            ],
            [
              107.13716977946967,
              -6.250929792667588
            ],
            [
              107.13720831233076,
              -6.250860943294887
            ],
            [
              107.1372474441259,
              -6.250792433025922
            ],
            [
              107.13728717187492,
              -6.250724267077885
            ],
            [
              107.13732749255222,
              -6.250656450641741
            ],
            [
              107.13736840308708,
              -6.250588988881842
            ],
            [
              107.13740990036388,
              -6.250521886935528
            ],
            [
              107.13745198122226,
              -6.250455149912736
            ],
            [
              107.13749464245753,
              -6.250388782895612
            ],
            [
              107.13753788082069,
              -6.250322790938124
            ],
            [
              107.13758169301887,
              -6.250257179065673
            ],
            [
              107.13762607571549,
              -6.250191952274721
            ],
            [
              107.13767102553051,
              -6.250127115532393
            ],
            [
              107.13771653904072,
              -6.2500626737761245
            ],
            [
              107.13776261278,
              -6.249998631913254
            ],
            [
              107.13780924323954,
              -6.24993499482068
            ],
            [
              107.13785642686818,
              -6.2498717673444615
            ],
            [
              107.1379041600726,
              -6.249808954299477
            ],
            [
              107.13795243921766,
              -6.249746560469032
            ],
            [
              107.13800126062661,
              -6.249684590604513
            ],
            [
              107.13805062058145,
              -6.2496230494250185
            ],
            [
              107.1381005153232,
              -6.249561941616998
            ],
            [
              107.13815094105209,
              -6.249501271833898
            ],
            [
              107.13820189392793,
              -6.249441044695812
            ],
            [
              107.13825337007046,
              -6.24938126478912
            ],
            [
              107.13830536555948,
              -6.249321936666135
            ],
            [
              107.13835787643531,
              -6.249263064844785
            ],
            [
              107.13841089869902,
              -6.249204653808226
            ],
            [
              107.13846442831272,
              -6.24914670800454
            ],
            [
              107.1385184611999,
              -6.249089231846371
            ],
            [
              107.1385729932457,
              -6.249032229710599
            ],
            [
              107.13862802029733,
              -6.248975705938007
            ],
            [
              107.13868353816423,
              -6.248919664832945
            ],
            [
              107.13873954261851,
              -6.248864110663012
            ],
            [
              107.1387960293952,
              -6.24880904765872
            ],
            [
              107.13885299419263,
              -6.248754480013177
            ],
            [
              107.13891043267273,
              -6.248700411881771
            ],
            [
              107.13896834046135,
              -6.248646847381842
            ],
            [
              107.13902671314862,
              -6.248593790592394
            ],
            [
              107.13908554628925,
              -6.248541245553747
            ],
            [
              107.1391448354029,
              -6.248489216267261
            ],
            [
              107.13920457597455,
              -6.248437706695018
            ],
            [
              107.13926476345473,
              -6.24838672075952
            ],
            [
              107.13932539326,
              -6.248336262343398
            ],
            [
              107.13938646077322,
              -6.2482863352891
            ],
            [
              107.13944796134392,
              -6.248236943398619
            ],
            [
              107.13950989028868,
              -6.248188090433192
            ],
            [
              107.1395722428914,
              -6.248139780113011
            ],
            [
              107.13963501440381,
              -6.248092016116952
            ],
            [
              107.13969820004569,
              -6.248044802082275
            ],
            [
              107.13976179500528,
              -6.247998141604373
            ],
            [
              107.13982579443969,
              -6.24795203823647
            ],
            [
              107.1398901934752,
              -6.24790649548938
            ],
            [
              107.13995498720767,
              -6.247861516831211
            ],
            [
              107.14002017070294,
              -6.247817105687126
            ],
            [
              107.14008573899713,
              -6.247773265439057
            ],
            [
              107.14015168709709,
              -6.247729999425472
            ],
            [
              107.14021800998071,
              -6.247687310941108
            ],
            [
              107.14028470259744,
              -6.247645203236715
            ],
            [
              107.14035175986844,
              -6.247603679518829
            ],
            [
              107.14039961478177,
              -6.247574621252534
            ],
            [
              107.14068020700006,
              -6.247694450999971
            ]
          ]
        ]
      },
      "properties": {
        "NAMOBJ": "Cikarang Barat",
        "FCODE": "BA03070040",
        "REMARK": null,
        "METADATA": "TASWIL1000020230928_DATA_BATAS_DESAKELURAHAN",
        "SRS_ID": "SRGI 2013",
        "KDBBPS": null,
        "KDCBPS": null,
        "KDCPUM": "32.16.08",
        "KDEBPS": null,
        "KDEPUM": null,
        "KDPBPS": null,
        "KDPKAB": "32.16",
        "KDPPUM": "32",
        "LUASWH": null,
        "TIPADM": 3,
        "WADMKC": "Cikarang Barat",
        "WADMKD": null,
        "WADMKK": "Bekasi",
        "WADMPR": "Jawa Barat",
        "WIADKC": null,
        "WIADKK": null,
        "WIADPR": null,
        "WIADKD": null,
        "UUPP": null,
        "SHAPE_Length": 0.5204947428654008,
        "SHAPE_Area": 0.004491644224198377,
        "dataset_role": "rbi_reference",
        "source_file": "25k st cikarang.zip",
        "source_layer": "ADMINISTRASI_AR_KECAMATAN",
        "radius_m": 1000,
        "geometry_clipped": true,
        "center_status": "unverified_geocoded_station_reference"
      }
    },
    {
      "type": "Feature",
      "id": "rbi:7488fd62029818c83d03",
      "geometry": {
        "type": "Polygon",
        "coordinates": [
          [
            [
              107.13969456100006,
              -6.262010324999944
            ],
            [
              107.14003482400005,
              -6.261277451999946
            ],
            [
              107.14016331400006,
              -6.261027607999948
            ],
            [
              107.14022518100006,
              -6.260922911999955
            ],
            [
              107.14027752900004,
              -6.260756348999961
            ],
            [
              107.14028942600004,
              -6.260525541999922
            ],
            [
              107.14028942600004,
              -6.260235247999958
            ],
            [
              107.14027277000007,
              -6.259864051999954
            ],
            [
              107.14039650100005,
              -6.259752216999968
            ],
            [
              107.14052261300007,
              -6.259695109999938
            ],
            [
              107.14069393400005,
              -6.2596998689999745
            ],
            [
              107.14085335800006,
              -6.259742698999957
            ],
            [
              107.14100326400008,
              -6.259852154999974
            ],
            [
              107.14118172400003,
              -6.259942573999978
            ],
            [
              107.14127214300004,
              -6.259947332999956
            ],
            [
              107.14140063400002,
              -6.25995685099997
            ],
            [
              107.14160050900004,
              -6.259911640999973
            ],
            [
              107.14168141000005,
              -6.259864051999953
            ],
            [
              107.14175993300006,
              -6.259806944999979
            ],
            [
              107.14185035300005,
              -6.259733181999933
            ],
            [
              107.14188842400006,
              -6.2596594179999565
            ],
            [
              107.14202548100008,
              -6.2592380159999275
            ],
            [
              107.14204332600008,
              -6.259095247999939
            ],
            [
              107.14203618900007,
              -6.258966756999939
            ],
            [
              107.14202191200008,
              -6.258859680999931
            ],
            [
              107.14200049600005,
              -6.258791866999955
            ],
            [
              107.14196480500006,
              -6.258727620999936
            ],
            [
              107.14186843600004,
              -6.258631252999976
            ],
            [
              107.14182203700005,
              -6.258520607999969
            ],
            [
              107.14178991500006,
              -6.258420670999952
            ],
            [
              107.14178277600007,
              -6.258320733999937
            ],
            [
              107.14180776000006,
              -6.2581779659999475
            ],
            [
              107.14190412800009,
              -6.258074459999933
            ],
            [
              107.14230030900006,
              -6.257781784999963
            ],
            [
              107.14245378400005,
              -6.2576247409999715
            ],
            [
              107.14256085900007,
              -6.257442711999941
            ],
            [
              107.14262867400005,
              -6.2571464699999515
            ],
            [
              107.14262867400005,
              -6.257000131999973
            ],
            [
              107.14261082800004,
              -6.256793119999941
            ],
            [
              107.14257513600006,
              -6.2566717669999425
            ],
            [
              107.14251089100009,
              -6.256593244999977
            ],
            [
              107.14243593800006,
              -6.256532567999954
            ],
            [
              107.14235741600004,
              -6.256511153999952
            ],
            [
              107.14226461600003,
              -6.256511153999952
            ],
            [
              107.14212184900003,
              -6.256521860999953
            ],
            [
              107.14201477300008,
              -6.256575398999923
            ],
            [
              107.14195052800005,
              -6.25663964399996
            ],
            [
              107.14178277600007,
              -6.256739580999977
            ],
            [
              107.14165428500007,
              -6.256846656999924
            ],
            [
              107.14146511800004,
              -6.25697157899998
            ],
            [
              107.14126167300009,
              -6.257003701999962
            ],
            [
              107.14111176800009,
              -6.256943024999943
            ],
            [
              107.14101540000007,
              -6.256896625999956
            ],
            [
              107.14095115400005,
              -6.256803826999938
            ],
            [
              107.14091546200007,
              -6.256703889999929
            ],
            [
              107.14092260000007,
              -6.256596813999976
            ],
            [
              107.14094044600006,
              -6.25644333799994
            ],
            [
              107.14103681500006,
              -6.256293431999951
            ],
            [
              107.14109035300004,
              -6.25621491099997
            ],
            [
              107.14130093500006,
              -6.256040019999944
            ],
            [
              107.14142585600007,
              -6.255907959999943
            ],
            [
              107.14143271400009,
              -6.255768368999951
            ],
            [
              107.14144727200005,
              -6.255311904999926
            ],
            [
              107.14144013300007,
              -6.254962124999962
            ],
            [
              107.14149724000004,
              -6.254637327999943
            ],
            [
              107.14160431600004,
              -6.25444816099997
            ],
            [
              107.14174708300006,
              -6.25429825499998
            ],
            [
              107.14189699000008,
              -6.254191178999973
            ],
            [
              107.14205046500008,
              -6.25411622599995
            ],
            [
              107.14216111000007,
              -6.254094810999959
            ],
            [
              107.14225390900003,
              -6.254066256999978
            ],
            [
              107.14235027800004,
              -6.254026995999935
            ],
            [
              107.14246449200004,
              -6.2539270589999765
            ],
            [
              107.14264295100008,
              -6.253684352999927
            ],
            [
              107.14264652000008,
              -6.253587985999956
            ],
            [
              107.14264652000008,
              -6.25349875599994
            ],
            [
              107.14261796600005,
              -6.253413094999925
            ],
            [
              107.14256442900006,
              -6.2533417119999495
            ],
            [
              107.14246092200005,
              -6.253277465999929
            ],
            [
              107.14235741600004,
              -6.253248911999944
            ],
            [
              107.14222892500004,
              -6.253245342999946
            ],
            [
              107.14211114200003,
              -6.253202512999961
            ],
            [
              107.14200406600008,
              -6.253127559999938
            ],
            [
              107.14194338900008,
              -6.252959806999966
            ],
            [
              107.14186486700004,
              -6.252681410999966
            ],
            [
              107.14182917500005,
              -6.2523566139999485
            ],
            [
              107.14177206800008,
              -6.251942587999962
            ],
            [
              107.14171853000005,
              -6.251657052999972
            ],
            [
              107.14172923800004,
              -6.2514964399999275
            ],
            [
              107.14177206800008,
              -6.251310840999962
            ],
            [
              107.14184345200005,
              -6.251185919999954
            ],
            [
              107.14192554300007,
              -6.251107396999941
            ],
            [
              107.14209686500004,
              -6.25106099799996
            ],
            [
              107.14228246200008,
              -6.251060997999957
            ],
            [
              107.14239310800008,
              -6.251085982999941
            ],
            [
              107.14252873600009,
              -6.251143089999971
            ],
            [
              107.14261439800003,
              -6.251221610999949
            ],
            [
              107.14267150500007,
              -6.251285856999972
            ],
            [
              107.14276073500008,
              -6.251400070999978
            ],
            [
              107.14280356500008,
              -6.251524992999975
            ],
            [
              107.14279999500008,
              -6.2515892379999505
            ],
            [
              107.14286424100004,
              -6.251778405999972
            ],
            [
              107.14291777900007,
              -6.251914033999982
            ],
            [
              107.14299273200004,
              -6.251981848999947
            ],
            [
              107.14314620700009,
              -6.25201754099993
            ],
            [
              107.14331038900008,
              -6.2520460939999785
            ],
            [
              107.14352097200003,
              -6.251978279999946
            ],
            [
              107.14358878700006,
              -6.25188191199993
            ],
            [
              107.14367444800007,
              -6.251742712999943
            ],
            [
              107.14372084700005,
              -6.2516249299999345
            ],
            [
              107.14374226200005,
              -6.251475023999944
            ],
            [
              107.14376010800004,
              -6.251310840999963
            ],
            [
              107.14376724600004,
              -6.251210903999946
            ],
            [
              107.14381364500008,
              -6.251103827999939
            ],
            [
              107.14387789100005,
              -6.250968198999942
            ],
            [
              107.14393856800007,
              -6.250903953999966
            ],
            [
              107.14427764100009,
              -6.250696939999956
            ],
            [
              107.14469523600008,
              -6.2503721439999245
            ],
            [
              107.14484871100007,
              -6.2502864839999575
            ],
            [
              107.14498791000005,
              -6.2502472219999285
            ],
            [
              107.14509141700006,
              -6.250190114999952
            ],
            [
              107.14518064600009,
              -6.250136576999979
            ],
            [
              107.14532698300007,
              -6.249961686999939
            ],
            [
              107.14538177300005,
              -6.249859818999937
            ],
            [
              107.14536251000004,
              -6.24971755499996
            ],
            [
              107.14571025100008,
              -6.24959802799998
            ],
            [
              107.14592064900006,
              -6.2494554309999435
            ],
            [
              107.14616564300007,
              -6.249311105999937
            ],
            [
              107.14633330000004,
              -6.249212339999929
            ],
            [
              107.14655054600007,
              -6.249100989999931
            ],
            [
              107.14665812000004,
              -6.249008640999931
            ],
            [
              107.14673786800006,
              -6.248890491999928
            ],
            [
              107.1468786980001,
              -6.248645360999945
            ],
            [
              107.1469367270001,
              -6.248462702999971
            ],
            [
              107.14694487100009,
              -6.248373069999957
            ],
            [
              107.14695121000007,
              -6.24826668099996
            ],
            [
              107.14695573000007,
              -6.248135749999959
            ],
            [
              107.14698253900009,
              -6.247940866999954
            ],
            [
              107.14702326200008,
              -6.2477099969999585
            ],
            [
              107.14708977500005,
              -6.247503911999956
            ],
            [
              107.14720040300007,
              -6.24731955599998
            ],
            [
              107.14729474400009,
              -6.2472377309999265
            ],
            [
              107.14745932900007,
              -6.247124333999978
            ],
            [
              107.14759880200006,
              -6.24707408599994
            ],
            [
              107.14769314100005,
              -6.24705201699993
            ],
            [
              107.14778069500005,
              -6.24705337499995
            ],
            [
              107.14788317700004,
              -6.247057110999947
            ],
            [
              107.14797582000006,
              -6.247079177999978
            ],
            [
              107.14806710800008,
              -6.247109055999943
            ],
            [
              107.14818520200005,
              -6.24718510699995
            ],
            [
              107.14825917800005,
              -6.247241464999945
            ],
            [
              107.14855203900004,
              -6.247474372999932
            ],
            [
              107.14857443600005,
              -6.247521905999974
            ],
            [
              107.14858020500009,
              -6.2475711359999755
            ],
            [
              107.14857715000007,
              -6.247668914999962
            ],
            [
              107.14856425600004,
              -6.247806758999957
            ],
            [
              107.14854796600008,
              -6.247951052999953
            ],
            [
              107.14853066100005,
              -6.248095347999934
            ],
            [
              107.14852353300006,
              -6.248278005999965
            ],
            [
              107.14854016100008,
              -6.248377142999971
            ],
            [
              107.14861040900007,
              -6.248503782999932
            ],
            [
              107.14868133200008,
              -6.248560142999964
            ],
            [
              107.14877261800007,
              -6.2485689709999415
            ],
            [
              107.14890360500004,
              -6.248530942999935
            ],
            [
              107.14909160900004,
              -6.24839921199998
            ],
            [
              107.14922361400005,
              -6.2482549179999305
            ],
            [
              107.14927417600008,
              -6.248121828999958
            ],
            [
              107.14927519500009,
              -6.248025745999938
            ],
            [
              107.14926331900006,
              -6.247884847999954
            ],
            [
              107.14924058300005,
              -6.247745306999946
            ],
            [
              107.14924669000004,
              -6.247461811999926
            ],
            [
              107.14929591428857,
              -6.24731922880123
            ],
            [
              107.14931566126283,
              -6.24732962506502
            ],
            [
              107.14938512662543,
              -6.247366974860136
            ],
            [
              107.14945426364062,
              -6.247404929828997
            ],
            [
              107.14952306704349,
              -6.247443487081319
            ],
            [
              107.14959153159457,
              -6.247482643680943
            ],
            [
              107.14965965208016,
              -6.247522396646074
            ],
            [
              107.1497274233128,
              -6.2475627429494995
            ],
            [
              107.14979484013158,
              -6.2476036795188294
            ],
            [
              107.14986189740257,
              -6.247645203236715
            ],
            [
              107.14992859001929,
              -6.247687310941107
            ],
            [
              107.14999491290293,
              -6.247729999425474
            ],
            [
              107.15006086100288,
              -6.247773265439057
            ],
            [
              107.15012642929706,
              -6.247817105687128
            ],
            [
              107.15019161279234,
              -6.247861516831212
            ],
            [
              107.1502564065248,
              -6.247906495489381
            ],
            [
              107.15032080556033,
              -6.24795203823647
            ],
            [
              107.15038480499472,
              -6.24799814160437
            ],
            [
              107.15044839995431,
              -6.2480448020822745
            ],
            [
              107.15051158559619,
              -6.24809201611695
            ],
            [
              107.1505743571086,
              -6.248139780113011
            ],
            [
              107.15063670971134,
              -6.248188090433192
            ],
            [
              107.1506986386561,
              -6.248236943398618
            ],
            [
              107.15076013922679,
              -6.248286335289099
            ],
            [
              107.15082120674002,
              -6.248336262343399
            ],
            [
              107.15088183654528,
              -6.248386720759519
            ],
            [
              107.15094202402547,
              -6.248437706695019
            ],
            [
              107.1510017645971,
              -6.248489216267261
            ],
            [
              107.15106105371076,
              -6.248541245553747
            ],
            [
              107.15111988685139,
              -6.248593790592395
            ],
            [
              107.15117825953865,
              -6.248646847381843
            ],
            [
              107.15123616732728,
              -6.248700411881769
            ],
            [
              107.15129360580737,
              -6.248754480013177
            ],
            [
              107.15135057060482,
              -6.24880904765872
            ],
            [
              107.1514070573815,
              -6.248864110663012
            ],
            [
              107.15146306183577,
              -6.248919664832945
            ],
            [
              107.15151857970268,
              -6.248975705938007
            ],
            [
              107.1515736067543,
              -6.2490322297106
            ],
            [
              107.15162813880012,
              -6.249089231846372
            ],
            [
              107.1516821716873,
              -6.24914670800454
            ],
            [
              107.15173570130099,
              -6.249204653808226
            ],
            [
              107.1517887235647,
              -6.249263064844785
            ],
            [
              107.15184123444054,
              -6.249321936666135
            ],
            [
              107.15189322992956,
              -6.249381264789119
            ],
            [
              107.15194470607207,
              -6.249441044695812
            ],
            [
              107.15199565894792,
              -6.2495012718339
            ],
            [
              107.15204608467681,
              -6.249561941616998
            ],
            [
              107.15209597941855,
              -6.249623049425018
            ],
            [
              107.1521453393734,
              -6.249684590604512
            ],
            [
              107.15219416078236,
              -6.249746560469032
            ],
            [
              107.15224243992742,
              -6.249808954299477
            ],
            [
              107.15229017313183,
              -6.2498717673444615
            ],
            [
              107.15233735676046,
              -6.24993499482068
            ],
            [
              107.15238398722,
              -6.249998631913255
            ],
            [
              107.15243006095928,
              -6.2500626737761245
            ],
            [
              107.1524755744695,
              -6.250127115532393
            ],
            [
              107.15252052428453,
              -6.250191952274721
            ],
            [
              107.15256490698113,
              -6.250257179065672
            ],
            [
              107.15260871917933,
              -6.250322790938124
            ],
            [
              107.15265195754249,
              -6.2503887828956115
            ],
            [
              107.15269461877774,
              -6.250455149912735
            ],
            [
              107.15273669963615,
              -6.250521886935528
            ],
            [
              107.15277819691293,
              -6.250588988881842
            ],
            [
              107.1528191074478,
              -6.250656450641741
            ],
            [
              107.1528594281251,
              -6.250724267077885
            ],
            [
              107.1528991558741,
              -6.250792433025922
            ],
            [
              107.15293828766926,
              -6.250860943294887
            ],
            [
              107.15297682053034,
              -6.250929792667588
            ],
            [
              107.15301475152279,
              -6.250998975901004
            ],
            [
              107.15305207775783,
              -6.251068487726695
            ],
            [
              107.15308879639278,
              -6.251138322851192
            ],
            [
              107.15312490463116,
              -6.251208475956408
            ],
            [
              107.15316039972303,
              -6.25127894170003
            ],
            [
              107.15319527896511,
              -6.251349714715945
            ],
            [
              107.15322953970104,
              -6.251420789614636
            ],
            [
              107.15326317932153,
              -6.251492160983592
            ],
            [
              107.15329619526457,
              -6.251563823387719
            ],
            [
              107.15332858501571,
              -6.251635771369768
            ],
            [
              107.15336034610812,
              -6.251707999450733
            ],
            [
              107.15339147612285,
              -6.2517805021302815
            ],
            [
              107.15342197268903,
              -6.251853273887164
            ],
            [
              107.15345183348401,
              -6.25192630917963
            ],
            [
              107.15348105623357,
              -6.251999602445875
            ],
            [
              107.15350963871202,
              -6.252073148104435
            ],
            [
              107.1535375787425,
              -6.25214694055462
            ],
            [
              107.15356487419703,
              -6.252220974176955
            ],
            [
              107.1535915229967,
              -6.2522952433335925
            ],
            [
              107.15361752311192,
              -6.252369742368745
            ],
            [
              107.15364287256236,
              -6.252444465609116
            ],
            [
              107.15366756941735,
              -6.252519407364334
            ],
            [
              107.1536916117959,
              -6.252594561927383
            ],
            [
              107.15371499786681,
              -6.252669923575044
            ],
            [
              107.15373772584891,
              -6.252745486568319
            ],
            [
              107.1537597940111,
              -6.2528212451528775
            ],
            [
              107.15378120067254,
              -6.252897193559493
            ],
            [
              107.15380194420278,
              -6.2529733260044775
            ],
            [
              107.15382202302186,
              -6.2530496366901325
            ],
            [
              107.1538414356004,
              -6.253126119805174
            ],
            [
              107.1538601804598,
              -6.25320276952519
            ],
            [
              107.1538782561723,
              -6.2532795800130785
            ],
            [
              107.1538956613611,
              -6.25335654541949
            ],
            [
              107.15391239470043,
              -6.25343365988328
            ],
            [
              107.15392845491567,
              -6.253510917531943
            ],
            [
              107.15394384078354,
              -6.253588312482072
            ],
            [
              107.15395855113205,
              -6.253665838839799
            ],
            [
              107.15397258484064,
              -6.25374349070125
            ],
            [
              107.15398594084031,
              -6.253821262152985
            ],
            [
              107.15399861811368,
              -6.25389914727246
            ],
            [
              107.15401061569499,
              -6.25397714012847
            ],
            [
              107.15402193267032,
              -6.2540552347816
            ],
            [
              107.15403256817751,
              -6.254133425284687
            ],
            [
              107.15404252140637,
              -6.254211705683261
            ],
            [
              107.15405179159856,
              -6.254290070016003
            ],
            [
              107.15406037804787,
              -6.254368512315204
            ],
            [
              107.15406828010009,
              -6.254447026607209
            ],
            [
              107.15407549715314,
              -6.254525606912881
            ],
            [
              107.15408202865714,
              -6.2546042472480545
            ],
            [
              107.15408787411434,
              -6.254682941623994
            ],
            [
              107.1540930330793,
              -6.254761684047833
            ],
            [
              107.15409750515884,
              -6.254840468523054
            ],
            [
              107.15410129001211,
              -6.254919289049931
            ],
            [
              107.15410438735051,
              -6.25499813962599
            ],
            [
              107.15410679693791,
              -6.255077014246469
            ],
            [
              107.15410851859048,
              -6.2551559069047675
            ],
            [
              107.1541095521768,
              -6.25523481159291
            ],
            [
              107.15410989761786,
              -6.255313722302005
            ],
            [
              107.15410955488703,
              -6.255392633022697
            ],
            [
              107.15410852401011,
              -6.255471537745629
            ],
            [
              107.15410680506528,
              -6.255550430461897
            ],
            [
              107.15410439818318,
              -6.255629305163508
            ],
            [
              107.15410130354674,
              -6.255708155843837
            ],
            [
              107.15409752139135,
              -6.255786976498091
            ],
            [
              107.15409305200471,
              -6.255865761123756
            ],
            [
              107.15408789572689,
              -6.255944503721062
            ],
            [
              107.15408205295026,
              -6.256023198293432
            ],
            [
              107.15407552411943,
              -6.256101838847952
            ],
            [
              107.15406830973131,
              -6.256180419395813
            ],
            [
              107.154060410335,
              -6.256258933952774
            ],
            [
              107.15405182653178,
              -6.2563373765396175
            ],
            [
              107.15404255897502,
              -6.256415741182601
            ],
            [
              107.15403260837019,
              -6.256494021913925
            ],
            [
              107.15402197547475,
              -6.256572212772164
            ],
            [
              107.15401066109814,
              -6.256650307802746
            ],
            [
              107.15399866610171,
              -6.256728301058385
            ],
            [
              107.15398599139863,
              -6.25680618659955
            ],
            [
              107.15397263795383,
              -6.256883958494909
            ],
            [
              107.15395860678393,
              -6.256961610821778
            ],
            [
              107.15394389895717,
              -6.257039137666576
            ],
            [
              107.15392851559331,
              -6.25711653312528
            ],
            [
              107.1539124578636,
              -6.257193791303872
            ],
            [
              107.15389572699057,
              -6.25727090631878
            ],
            [
              107.15387832424808,
              -6.257347872297331
            ],
            [
              107.15386025096116,
              -6.257424683378207
            ],
            [
              107.15384150850583,
              -6.257501333711875
            ],
            [
              107.15382209830918,
              -6.257577817461049
            ],
            [
              107.15380202184906,
              -6.257654128801121
            ],
            [
              107.15378128065412,
              -6.257730261920613
            ],
            [
              107.15375987630362,
              -6.257806211021619
            ],
            [
              107.1537378104273,
              -6.257881970320235
            ],
            [
              107.15371508470531,
              -6.257957534047021
            ],
            [
              107.15369170086805,
              -6.258032896447421
            ],
            [
              107.15366766069603,
              -6.258108051782212
            ],
            [
              107.15364296601975,
              -6.2581829943279335
            ],
            [
              107.15361761871955,
              -6.258257718377336
            ],
            [
              107.15359162072549,
              -6.258332218239794
            ],
            [
              107.15356497401716,
              -6.258406488241764
            ],
            [
              107.15353768062359,
              -6.258480522727205
            ],
            [
              107.15350974262303,
              -6.258554316057996
            ],
            [
              107.15348116214284,
              -6.258627862614396
            ],
            [
              107.1534519413593,
              -6.258701156795448
            ],
            [
              107.15342208249746,
              -6.258774193019408
            ],
            [
              107.15339158783097,
              -6.25884696572418
            ],
            [
              107.15336045968189,
              -6.258919469367735
            ],
            [
              107.15332870042057,
              -6.258991698428526
            ],
            [
              107.15329631246536,
              -6.259063647405919
            ],
            [
              107.15326329828252,
              -6.259135310820609
            ],
            [
              107.15322966038602,
              -6.259206683215035
            ],
            [
              107.15319540133731,
              -6.259277759153791
            ],
            [
              107.15316052374517,
              -6.259348533224055
            ],
            [
              107.15312503026547,
              -6.259419000035987
            ],
            [
              107.15308892360099,
              -6.259489154223142
            ],
            [
              107.1530522065012,
              -6.2595589904428826
            ],
            [
              107.15301488176208,
              -6.2596285033767884
            ],
            [
              107.1529769522259,
              -6.259697687731054
            ],
            [
              107.15293842078096,
              -6.259766538236889
            ],
            [
              107.1528992903614,
              -6.259835049650939
            ],
            [
              107.15285956394702,
              -6.259903216755661
            ],
            [
              107.15281924456298,
              -6.259971034359732
            ],
            [
              107.15277833527962,
              -6.260038497298448
            ],
            [
              107.15273683921217,
              -6.260105600434109
            ],
            [
              107.15269475952059,
              -6.260172338656415
            ],
            [
              107.1526520994093,
              -6.2602387068828556
            ],
            [
              107.15260886212687,
              -6.260304700059097
            ],
            [
              107.15256505096589,
              -6.260370313159361
            ],
            [
              107.15252066926261,
              -6.260435541186818
            ],
            [
              107.15247572039677,
              -6.2605003791739575
            ],
            [
              107.15243020779128,
              -6.2605648221829755
            ],
            [
              107.152384134912,
              -6.260628865306144
            ],
            [
              107.15233750526747,
              -6.260692503666189
            ],
            [
              107.15229032240862,
              -6.260755732416654
            ],
            [
              107.1522425899285,
              -6.260818546742283
            ],
            [
              107.15219431146207,
              -6.260880941859373
            ],
            [
              107.15214549068583,
              -6.260942913016147
            ],
            [
              107.15209613131759,
              -6.261004455493116
            ],
            [
              107.15204623711621,
              -6.2610655646034346
            ],
            [
              107.15199581188124,
              -6.261126235693255
            ],
            [
              107.15194485945271,
              -6.2611864641420905
            ],
            [
              107.15189338371081,
              -6.261246245363167
            ],
            [
              107.15184138857556,
              -6.261305574803754
            ],
            [
              107.15178887800654,
              -6.2613644479455415
            ],
            [
              107.1517358560026,
              -6.261422860304957
            ],
            [
              107.15168232660156,
              -6.261480807433521
            ],
            [
              107.15162829387985,
              -6.261538284918188
            ],
            [
              107.15157376195225,
              -6.261595288381672
            ],
            [
              107.15151873497159,
              -6.261651813482786
            ],
            [
              107.15146321712832,
              -6.261707855916771
            ],
            [
              107.1514072126504,
              -6.2617634114156315
            ],
            [
              107.15135072580277,
              -6.261818475748444
            ],
            [
              107.15129376088711,
              -6.2618730447217
            ],
            [
              107.15123632224156,
              -6.261927114179606
            ],
            [
              107.15117841424028,
              -6.26198068000441
            ],
            [
              107.15112004129324,
              -6.2620337381167195
            ],
            [
              107.15106120784579,
              -6.262086284475798
            ],
            [
              107.15100191837836,
              -6.262138315079891
            ],
            [
              107.15094217740611,
              -6.262189825966511
            ],
            [
              107.1508819894786,
              -6.2622408132127605
            ],
            [
              107.1508213591794,
              -6.262291272935608
            ],
            [
              107.15076029112583,
              -6.262341201292202
            ],
            [
              107.1506987899685,
              -6.262390594480154
            ],
            [
              107.15063686039105,
              -6.262439448737841
            ],
            [
              107.1505745071097,
              -6.262487760344666
            ],
            [
              107.15051173487298,
              -6.262535525621371
            ],
            [
              107.15044854846133,
              -6.262582740930297
            ],
            [
              107.15038495268672,
              -6.262629402675664
            ],
            [
              107.1503209523923,
              -6.2626755073038645
            ],
            [
              107.15025655245208,
              -6.262721051303705
            ],
            [
              107.15019175777041,
              -6.262766031206689
            ],
            [
              107.15012657328182,
              -6.26281044358728
            ],
            [
              107.15006100395043,
              -6.262854285063161
            ],
            [
              107.14999505476973,
              -6.262897552295495
            ],
            [
              107.14992873076214,
              -6.262940241989176
            ],
            [
              107.14986203697859,
              -6.2629823508930835
            ],
            [
              107.14979497849825,
              -6.26302387580032
            ],
            [
              107.14972756042799,
              -6.263064813548463
            ],
            [
              107.1496597879021,
              -6.263105161019817
            ],
            [
              107.14959166608186,
              -6.263144915141628
            ],
            [
              107.14952320015519,
              -6.263184072886338
            ],
            [
              107.14945439533618,
              -6.263222631271798
            ],
            [
              107.14938525686472,
              -6.263260587361509
            ],
            [
              107.14931579000618,
              -6.263297938264839
            ],
            [
              107.14924600005088,
              -6.2633346811372475
            ],
            [
              107.14917589231378,
              -6.263370813180494
            ],
            [
              107.14910547213402,
              -6.263406331642863
            ],
            [
              107.14903474487457,
              -6.263441233819364
            ],
            [
              107.14896371592177,
              -6.263475517051936
            ],
            [
              107.14889239068492,
              -6.263509178729667
            ],
            [
              107.14882077459593,
              -6.263542216288965
            ],
            [
              107.14874887310884,
              -6.263574627213779
            ],
            [
              107.14867669169946,
              -6.26360640903578
            ],
            [
              107.14860423586485,
              -6.263637559334542
            ],
            [
              107.14853151112302,
              -6.263668075737746
            ],
            [
              107.14845852301248,
              -6.263697955921335
            ],
            [
              107.14838527709178,
              -6.263727197609713
            ],
            [
              107.14831177893907,
              -6.26375579857591
            ],
            [
              107.14823803415179,
              -6.263783756641747
            ],
            [
              107.14816404834609,
              -6.263811069678003
            ],
            [
              107.14808982715653,
              -6.263837735604597
            ],
            [
              107.14801537623558,
              -6.2638637523907095
            ],
            [
              107.14794070125319,
              -6.263889118054971
            ],
            [
              107.14786580789642,
              -6.2639138306655955
            ],
            [
              107.14779070186891,
              -6.2639378883405294
            ],
            [
              107.14771538889056,
              -6.263961289247602
            ],
            [
              107.14763987469696,
              -6.263984031604654
            ],
            [
              107.14756416503913,
              -6.264006113679687
            ],
            [
              107.14748826568284,
              -6.264027533790981
            ],
            [
              107.14741218240843,
              -6.264048290307233
            ],
            [
              107.14733592101018,
              -6.264068381647679
            ],
            [
              107.147259487296,
              -6.264087806282204
            ],
            [
              107.14718288708683,
              -6.264106562731483
            ],
            [
              107.14710612621639,
              -6.264124649567062
            ],
            [
              107.14702921053056,
              -6.264142065411496
            ],
            [
              107.1469521458871,
              -6.264158808938435
            ],
            [
              107.14687493815501,
              -6.26417487887273
            ],
            [
              107.14679759321426,
              -6.264190273990529
            ],
            [
              107.14672011695525,
              -6.2642049931193835
            ],
            [
              107.1466425152784,
              -6.264219035138315
            ],
            [
              107.14656479409365,
              -6.264232398977918
            ],
            [
              107.14648695932007,
              -6.264245083620429
            ],
            [
              107.14640901688537,
              -6.26425708809982
            ],
            [
              107.14633097272548,
              -6.264268411501856
            ],
            [
              107.14625283278404,
              -6.264279052964174
            ],
            [
              107.14617460301203,
              -6.264289011676343
            ],
            [
              107.14609628936721,
              -6.264298286879932
            ],
            [
              107.1460178978138,
              -6.26430687786856
            ],
            [
              107.14593943432193,
              -6.264314783987961
            ],
            [
              107.14586090486719,
              -6.264322004636023
            ],
            [
              107.1457823154302,
              -6.264328539262834
            ],
            [
              107.14570367199616,
              -6.264334387370734
            ],
            [
              107.14562498055439,
              -6.2643395485143465
            ],
            [
              107.14554624709784,
              -6.264344022300606
            ],
            [
              107.14546747762267,
              -6.2643478083888
            ],
            [
              107.14538867812783,
              -6.264350906490598
            ],
            [
              107.14530985461445,
              -6.264353316370044
            ],
            [
              107.14523101308562,
              -6.264355037843608
            ],
            [
              107.1451521595457,
              -6.264356070780192
            ],
            [
              107.1450733,
              -6.264356415101128
            ],
            [
              107.14499444045431,
              -6.264356070780192
            ],
            [
              107.1449155869144,
              -6.264355037843608
            ],
            [
              107.14483674538555,
              -6.264353316370044
            ],
            [
              107.14475792187218,
              -6.264350906490598
            ],
            [
              107.14467912237733,
              -6.2643478083888
            ],
            [
              107.14460035290217,
              -6.264344022300606
            ],
            [
              107.14452161944563,
              -6.2643395485143465
            ],
            [
              107.14444292800384,
              -6.264334387370734
            ],
            [
              107.1443642845698,
              -6.264328539262834
            ],
            [
              107.14428569513282,
              -6.264322004636023
            ],
            [
              107.14420716567808,
              -6.264314783987961
            ],
            [
              107.1441287021862,
              -6.26430687786856
            ],
            [
              107.1440503106328,
              -6.264298286879932
            ],
            [
              107.14397199698799,
              -6.264289011676343
            ],
            [
              107.14389376721597,
              -6.264279052964174
            ],
            [
              107.14381562727452,
              -6.264268411501856
            ],
            [
              107.14373758311463,
              -6.26425708809982
            ],
            [
              107.14365964067993,
              -6.264245083620429
            ],
            [
              107.14358180590636,
              -6.264232398977918
            ],
            [
              107.14350408472161,
              -6.264219035138315
            ],
            [
              107.14342648304476,
              -6.2642049931193835
            ],
            [
              107.14334900678575,
              -6.264190273990529
            ],
            [
              107.143271661845,
              -6.26417487887273
            ],
            [
              107.14319445411292,
              -6.264158808938435
            ],
            [
              107.14311738946944,
              -6.264142065411496
            ],
            [
              107.14304047378361,
              -6.264124649567062
            ],
            [
              107.14296371291317,
              -6.264106562731483
            ],
            [
              107.14288711270402,
              -6.264087806282204
            ],
            [
              107.14281067898982,
              -6.264068381647679
            ],
            [
              107.14273441759157,
              -6.264048290307233
            ],
            [
              107.14265833431716,
              -6.264027533790981
            ],
            [
              107.14258243496089,
              -6.264006113679687
            ],
            [
              107.14250672530304,
              -6.263984031604654
            ],
            [
              107.14243121110945,
              -6.263961289247602
            ],
            [
              107.1423558981311,
              -6.2639378883405294
            ],
            [
              107.14228079210359,
              -6.2639138306655955
            ],
            [
              107.14220589874682,
              -6.263889118054971
            ],
            [
              107.14213122376444,
              -6.2638637523907095
            ],
            [
              107.14205677284347,
              -6.263837735604597
            ],
            [
              107.14198255165391,
              -6.263811069678003
            ],
            [
              107.14190856584823,
              -6.263783756641747
            ],
            [
              107.14183482106093,
              -6.26375579857591
            ],
            [
              107.14176132290824,
              -6.263727197609713
            ],
            [
              107.14168807698752,
              -6.2636979559213355
            ],
            [
              107.14161508887699,
              -6.263668075737746
            ],
            [
              107.14154236413516,
              -6.263637559334542
            ],
            [
              107.14146990830055,
              -6.26360640903578
            ],
            [
              107.14139772689116,
              -6.263574627213779
            ],
            [
              107.14132582540408,
              -6.263542216288965
            ],
            [
              107.1412542093151,
              -6.263509178729667
            ],
            [
              107.14118288407825,
              -6.263475517051937
            ],
            [
              107.14111185512544,
              -6.263441233819364
            ],
            [
              107.14104112786598,
              -6.263406331642863
            ],
            [
              107.14097070768622,
              -6.263370813180494
            ],
            [
              107.14090059994912,
              -6.2633346811372475
            ],
            [
              107.14083080999382,
              -6.263297938264839
            ],
            [
              107.14076134313528,
              -6.263260587361509
            ],
            [
              107.14069220466384,
              -6.263222631271798
            ],
            [
              107.14062339984481,
              -6.263184072886338
            ],
            [
              107.14055493391814,
              -6.263144915141628
            ],
            [
              107.14048681209792,
              -6.2631051610198165
            ],
            [
              107.14041903957202,
              -6.263064813548463
            ],
            [
              107.14035162150176,
              -6.26302387580032
            ],
            [
              107.14028456302141,
              -6.2629823508930835
            ],
            [
              107.14021786923787,
              -6.2629402419891775
            ],
            [
              107.14015154523028,
              -6.262897552295495
            ],
            [
              107.14008559604957,
              -6.262854285063161
            ],
            [
              107.14002002671819,
              -6.26281044358728
            ],
            [
              107.1399548422296,
              -6.262766031206689
            ],
            [
              107.13989004754794,
              -6.262721051303705
            ],
            [
              107.1398256476077,
              -6.2626755073038645
            ],
            [
              107.13976164731329,
              -6.262629402675664
            ],
            [
              107.13969805153867,
              -6.262582740930296
            ],
            [
              107.13963486512704,
              -6.262535525621371
            ],
            [
              107.13957209289032,
              -6.262487760344666
            ],
            [
              107.13950973960897,
              -6.262439448737841
            ],
            [
              107.13945724027569,
              -6.2623980336984495
            ],
            [
              107.13969456100006,
              -6.262010324999944
            ]
          ]
        ]
      },
      "properties": {
        "NAMOBJ": "Cikarang Utara",
        "FCODE": "BA03070040",
        "REMARK": null,
        "METADATA": "TASWIL1000020230928_DATA_BATAS_DESAKELURAHAN",
        "SRS_ID": "SRGI 2013",
        "KDBBPS": null,
        "KDCBPS": null,
        "KDCPUM": "32.16.09",
        "KDEBPS": null,
        "KDEPUM": null,
        "KDPBPS": null,
        "KDPKAB": "32.16",
        "KDPPUM": "32",
        "LUASWH": null,
        "TIPADM": 3,
        "WADMKC": "Cikarang Utara",
        "WADMKD": null,
        "WADMKK": "Bekasi",
        "WADMPR": "Jawa Barat",
        "WIADKC": null,
        "WIADKK": null,
        "WIADPR": null,
        "WIADKD": null,
        "UUPP": null,
        "SHAPE_Length": 0.34505497540141433,
        "SHAPE_Area": 0.0032919432437287367,
        "dataset_role": "rbi_reference",
        "source_file": "25k st cikarang.zip",
        "source_layer": "ADMINISTRASI_AR_KECAMATAN",
        "radius_m": 1000,
        "geometry_clipped": true,
        "center_status": "unverified_geocoded_station_reference"
      }
    },
    {
      "type": "Feature",
      "id": "rbi:4f15953f999706fa11a8",
      "geometry": {
        "type": "Polygon",
        "coordinates": [
          [
            [
              107.15410955488703,
              -6.255392633022697
            ],
            [
              107.15410852401011,
              -6.255471537745629
            ],
            [
              107.15410680506528,
              -6.255550430461897
            ],
            [
              107.15410439818318,
              -6.255629305163508
            ],
            [
              107.15410130354674,
              -6.255708155843837
            ],
            [
              107.15409752139135,
              -6.255786976498091
            ],
            [
              107.15409305200471,
              -6.255865761123756
            ],
            [
              107.15408789572689,
              -6.255944503721062
            ],
            [
              107.15408205295026,
              -6.256023198293432
            ],
            [
              107.15407552411943,
              -6.256101838847952
            ],
            [
              107.15406830973131,
              -6.256180419395813
            ],
            [
              107.154060410335,
              -6.256258933952774
            ],
            [
              107.15405182653178,
              -6.2563373765396175
            ],
            [
              107.15404255897502,
              -6.256415741182601
            ],
            [
              107.15403260837019,
              -6.256494021913925
            ],
            [
              107.15402197547475,
              -6.256572212772164
            ],
            [
              107.15401066109814,
              -6.256650307802746
            ],
            [
              107.15399866610171,
              -6.256728301058385
            ],
            [
              107.15398599139863,
              -6.25680618659955
            ],
            [
              107.15397263795383,
              -6.256883958494909
            ],
            [
              107.15395860678393,
              -6.256961610821778
            ],
            [
              107.15394389895717,
              -6.257039137666576
            ],
            [
              107.15392851559331,
              -6.25711653312528
            ],
            [
              107.1539124578636,
              -6.257193791303872
            ],
            [
              107.15389572699057,
              -6.25727090631878
            ],
            [
              107.15387832424808,
              -6.257347872297331
            ],
            [
              107.15386025096116,
              -6.257424683378207
            ],
            [
              107.15384150850583,
              -6.257501333711875
            ],
            [
              107.15382209830918,
              -6.257577817461049
            ],
            [
              107.15380202184906,
              -6.257654128801121
            ],
            [
              107.15378128065412,
              -6.257730261920613
            ],
            [
              107.15375987630362,
              -6.257806211021619
            ],
            [
              107.1537378104273,
              -6.257881970320235
            ],
            [
              107.15371508470531,
              -6.257957534047021
            ],
            [
              107.15369170086805,
              -6.258032896447421
            ],
            [
              107.15366766069603,
              -6.258108051782212
            ],
            [
              107.15364296601975,
              -6.2581829943279335
            ],
            [
              107.15361761871955,
              -6.258257718377336
            ],
            [
              107.15359162072549,
              -6.258332218239794
            ],
            [
              107.15356497401716,
              -6.258406488241764
            ],
            [
              107.15353768062359,
              -6.258480522727205
            ],
            [
              107.15350974262303,
              -6.258554316057996
            ],
            [
              107.15348116214284,
              -6.258627862614396
            ],
            [
              107.1534519413593,
              -6.258701156795448
            ],
            [
              107.15342208249746,
              -6.258774193019408
            ],
            [
              107.15339158783097,
              -6.25884696572418
            ],
            [
              107.15336045968189,
              -6.258919469367735
            ],
            [
              107.15332870042057,
              -6.258991698428526
            ],
            [
              107.15329631246536,
              -6.259063647405919
            ],
            [
              107.15326329828252,
              -6.259135310820609
            ],
            [
              107.15322966038602,
              -6.259206683215035
            ],
            [
              107.15319540133731,
              -6.259277759153791
            ],
            [
              107.15316052374517,
              -6.259348533224055
            ],
            [
              107.15312503026547,
              -6.259419000035987
            ],
            [
              107.15308892360099,
              -6.259489154223142
            ],
            [
              107.1530522065012,
              -6.2595589904428826
            ],
            [
              107.15301488176208,
              -6.2596285033767884
            ],
            [
              107.1529769522259,
              -6.259697687731054
            ],
            [
              107.15293842078096,
              -6.259766538236889
            ],
            [
              107.1528992903614,
              -6.259835049650939
            ],
            [
              107.15285956394702,
              -6.259903216755661
            ],
            [
              107.15281924456298,
              -6.259971034359732
            ],
            [
              107.15277833527962,
              -6.260038497298448
            ],
            [
              107.15273683921217,
              -6.260105600434109
            ],
            [
              107.15269475952059,
              -6.260172338656415
            ],
            [
              107.1526520994093,
              -6.2602387068828556
            ],
            [
              107.15260886212687,
              -6.260304700059097
            ],
            [
              107.15256505096589,
              -6.260370313159361
            ],
            [
              107.15252066926261,
              -6.260435541186818
            ],
            [
              107.15247572039677,
              -6.2605003791739575
            ],
            [
              107.15243020779128,
              -6.2605648221829755
            ],
            [
              107.152384134912,
              -6.260628865306144
            ],
            [
              107.15233750526747,
              -6.260692503666189
            ],
            [
              107.15229032240862,
              -6.260755732416654
            ],
            [
              107.1522425899285,
              -6.260818546742283
            ],
            [
              107.15219431146207,
              -6.260880941859373
            ],
            [
              107.15214549068583,
              -6.260942913016147
            ],
            [
              107.15209613131759,
              -6.261004455493116
            ],
            [
              107.15204623711621,
              -6.2610655646034346
            ],
            [
              107.15199581188124,
              -6.261126235693255
            ],
            [
              107.15194485945271,
              -6.2611864641420905
            ],
            [
              107.15189338371081,
              -6.261246245363167
            ],
            [
              107.15184138857556,
              -6.261305574803754
            ],
            [
              107.15178887800654,
              -6.2613644479455415
            ],
            [
              107.1517358560026,
              -6.261422860304957
            ],
            [
              107.15168232660156,
              -6.261480807433521
            ],
            [
              107.15162829387985,
              -6.261538284918188
            ],
            [
              107.15157376195225,
              -6.261595288381672
            ],
            [
              107.15151873497159,
              -6.261651813482786
            ],
            [
              107.15146321712832,
              -6.261707855916771
            ],
            [
              107.1514072126504,
              -6.2617634114156315
            ],
            [
              107.15135072580277,
              -6.261818475748444
            ],
            [
              107.15129376088711,
              -6.2618730447217
            ],
            [
              107.15123632224156,
              -6.261927114179606
            ],
            [
              107.15117841424028,
              -6.26198068000441
            ],
            [
              107.15112004129324,
              -6.2620337381167195
            ],
            [
              107.15106120784579,
              -6.262086284475798
            ],
            [
              107.15100191837836,
              -6.262138315079891
            ],
            [
              107.15094217740611,
              -6.262189825966511
            ],
            [
              107.1508819894786,
              -6.2622408132127605
            ],
            [
              107.1508213591794,
              -6.262291272935608
            ],
            [
              107.15076029112583,
              -6.262341201292202
            ],
            [
              107.1506987899685,
              -6.262390594480154
            ],
            [
              107.15063686039105,
              -6.262439448737841
            ],
            [
              107.1505745071097,
              -6.262487760344666
            ],
            [
              107.15051173487298,
              -6.262535525621371
            ],
            [
              107.15044854846133,
              -6.262582740930297
            ],
            [
              107.15038495268672,
              -6.262629402675664
            ],
            [
              107.1503209523923,
              -6.2626755073038645
            ],
            [
              107.15025655245208,
              -6.262721051303705
            ],
            [
              107.15019175777041,
              -6.262766031206689
            ],
            [
              107.15012657328182,
              -6.26281044358728
            ],
            [
              107.15006100395043,
              -6.262854285063161
            ],
            [
              107.14999505476973,
              -6.262897552295495
            ],
            [
              107.14992873076214,
              -6.262940241989176
            ],
            [
              107.14986203697859,
              -6.2629823508930835
            ],
            [
              107.14979497849825,
              -6.26302387580032
            ],
            [
              107.14972756042799,
              -6.263064813548463
            ],
            [
              107.1496597879021,
              -6.263105161019817
            ],
            [
              107.14959166608186,
              -6.263144915141628
            ],
            [
              107.14952320015519,
              -6.263184072886338
            ],
            [
              107.14945439533618,
              -6.263222631271798
            ],
            [
              107.14938525686472,
              -6.263260587361509
            ],
            [
              107.14931579000618,
              -6.263297938264839
            ],
            [
              107.14924600005088,
              -6.2633346811372475
            ],
            [
              107.14917589231378,
              -6.263370813180494
            ],
            [
              107.14910547213402,
              -6.263406331642863
            ],
            [
              107.14903474487457,
              -6.263441233819364
            ],
            [
              107.14896371592177,
              -6.263475517051936
            ],
            [
              107.14889239068492,
              -6.263509178729667
            ],
            [
              107.14882077459593,
              -6.263542216288965
            ],
            [
              107.14874887310884,
              -6.263574627213779
            ],
            [
              107.14867669169946,
              -6.26360640903578
            ],
            [
              107.14860423586485,
              -6.263637559334542
            ],
            [
              107.14853151112302,
              -6.263668075737746
            ],
            [
              107.14845852301248,
              -6.263697955921335
            ],
            [
              107.14838527709178,
              -6.263727197609713
            ],
            [
              107.14831177893907,
              -6.26375579857591
            ],
            [
              107.14823803415179,
              -6.263783756641747
            ],
            [
              107.14816404834609,
              -6.263811069678003
            ],
            [
              107.14808982715653,
              -6.263837735604597
            ],
            [
              107.14801537623558,
              -6.2638637523907095
            ],
            [
              107.14794070125319,
              -6.263889118054971
            ],
            [
              107.14786580789642,
              -6.2639138306655955
            ],
            [
              107.14779070186891,
              -6.2639378883405294
            ],
            [
              107.14771538889056,
              -6.263961289247602
            ],
            [
              107.14763987469696,
              -6.263984031604654
            ],
            [
              107.14756416503913,
              -6.264006113679687
            ],
            [
              107.14748826568284,
              -6.264027533790981
            ],
            [
              107.14741218240843,
              -6.264048290307233
            ],
            [
              107.14733592101018,
              -6.264068381647679
            ],
            [
              107.147259487296,
              -6.264087806282204
            ],
            [
              107.14718288708683,
              -6.264106562731483
            ],
            [
              107.14710612621639,
              -6.264124649567062
            ],
            [
              107.14702921053056,
              -6.264142065411496
            ],
            [
              107.1469521458871,
              -6.264158808938435
            ],
            [
              107.14687493815501,
              -6.26417487887273
            ],
            [
              107.14679759321426,
              -6.264190273990529
            ],
            [
              107.14672011695525,
              -6.2642049931193835
            ],
            [
              107.1466425152784,
              -6.264219035138315
            ],
            [
              107.14656479409365,
              -6.264232398977918
            ],
            [
              107.14648695932007,
              -6.264245083620429
            ],
            [
              107.14640901688537,
              -6.26425708809982
            ],
            [
              107.14633097272548,
              -6.264268411501856
            ],
            [
              107.14625283278404,
              -6.264279052964174
            ],
            [
              107.14617460301203,
              -6.264289011676343
            ],
            [
              107.14609628936721,
              -6.264298286879932
            ],
            [
              107.1460178978138,
              -6.26430687786856
            ],
            [
              107.14593943432193,
              -6.264314783987961
            ],
            [
              107.14586090486719,
              -6.264322004636023
            ],
            [
              107.1457823154302,
              -6.264328539262834
            ],
            [
              107.14570367199616,
              -6.264334387370734
            ],
            [
              107.14562498055439,
              -6.2643395485143465
            ],
            [
              107.14554624709784,
              -6.264344022300606
            ],
            [
              107.14546747762267,
              -6.2643478083888
            ],
            [
              107.14538867812783,
              -6.264350906490598
            ],
            [
              107.14530985461445,
              -6.264353316370044
            ],
            [
              107.14523101308562,
              -6.264355037843608
            ],
            [
              107.1451521595457,
              -6.264356070780192
            ],
            [
              107.1450733,
              -6.264356415101128
            ],
            [
              107.14499444045431,
              -6.264356070780192
            ],
            [
              107.1449155869144,
              -6.264355037843608
            ],
            [
              107.14483674538555,
              -6.264353316370044
            ],
            [
              107.14475792187218,
              -6.264350906490598
            ],
            [
              107.14467912237733,
              -6.2643478083888
            ],
            [
              107.14460035290217,
              -6.264344022300606
            ],
            [
              107.14452161944563,
              -6.2643395485143465
            ],
            [
              107.14444292800384,
              -6.264334387370734
            ],
            [
              107.1443642845698,
              -6.264328539262834
            ],
            [
              107.14428569513282,
              -6.264322004636023
            ],
            [
              107.14420716567808,
              -6.264314783987961
            ],
            [
              107.1441287021862,
              -6.26430687786856
            ],
            [
              107.1440503106328,
              -6.264298286879932
            ],
            [
              107.14397199698799,
              -6.264289011676343
            ],
            [
              107.14389376721597,
              -6.264279052964174
            ],
            [
              107.14381562727452,
              -6.264268411501856
            ],
            [
              107.14373758311463,
              -6.26425708809982
            ],
            [
              107.14365964067993,
              -6.264245083620429
            ],
            [
              107.14358180590636,
              -6.264232398977918
            ],
            [
              107.14350408472161,
              -6.264219035138315
            ],
            [
              107.14342648304476,
              -6.2642049931193835
            ],
            [
              107.14334900678575,
              -6.264190273990529
            ],
            [
              107.143271661845,
              -6.26417487887273
            ],
            [
              107.14319445411292,
              -6.264158808938435
            ],
            [
              107.14311738946944,
              -6.264142065411496
            ],
            [
              107.14304047378361,
              -6.264124649567062
            ],
            [
              107.14296371291317,
              -6.264106562731483
            ],
            [
              107.14288711270402,
              -6.264087806282204
            ],
            [
              107.14281067898982,
              -6.264068381647679
            ],
            [
              107.14273441759157,
              -6.264048290307233
            ],
            [
              107.14265833431716,
              -6.264027533790981
            ],
            [
              107.14258243496089,
              -6.264006113679687
            ],
            [
              107.14250672530304,
              -6.263984031604654
            ],
            [
              107.14243121110945,
              -6.263961289247602
            ],
            [
              107.1423558981311,
              -6.2639378883405294
            ],
            [
              107.14228079210359,
              -6.2639138306655955
            ],
            [
              107.14220589874682,
              -6.263889118054971
            ],
            [
              107.14213122376444,
              -6.2638637523907095
            ],
            [
              107.14205677284347,
              -6.263837735604597
            ],
            [
              107.14198255165391,
              -6.263811069678003
            ],
            [
              107.14190856584823,
              -6.263783756641747
            ],
            [
              107.14183482106093,
              -6.26375579857591
            ],
            [
              107.14176132290824,
              -6.263727197609713
            ],
            [
              107.14168807698752,
              -6.2636979559213355
            ],
            [
              107.14161508887699,
              -6.263668075737746
            ],
            [
              107.14154236413516,
              -6.263637559334542
            ],
            [
              107.14146990830055,
              -6.26360640903578
            ],
            [
              107.14139772689116,
              -6.263574627213779
            ],
            [
              107.14132582540408,
              -6.263542216288965
            ],
            [
              107.1412542093151,
              -6.263509178729667
            ],
            [
              107.14118288407825,
              -6.263475517051937
            ],
            [
              107.14111185512544,
              -6.263441233819364
            ],
            [
              107.14104112786598,
              -6.263406331642863
            ],
            [
              107.14097070768622,
              -6.263370813180494
            ],
            [
              107.14090059994912,
              -6.2633346811372475
            ],
            [
              107.14083080999382,
              -6.263297938264839
            ],
            [
              107.14076134313528,
              -6.263260587361509
            ],
            [
              107.14069220466384,
              -6.263222631271798
            ],
            [
              107.14062339984481,
              -6.263184072886338
            ],
            [
              107.14055493391814,
              -6.263144915141628
            ],
            [
              107.14048681209792,
              -6.2631051610198165
            ],
            [
              107.14041903957202,
              -6.263064813548463
            ],
            [
              107.14035162150176,
              -6.26302387580032
            ],
            [
              107.14028456302141,
              -6.2629823508930835
            ],
            [
              107.14021786923787,
              -6.2629402419891775
            ],
            [
              107.14015154523028,
              -6.262897552295495
            ],
            [
              107.14008559604957,
              -6.262854285063161
            ],
            [
              107.14002002671819,
              -6.26281044358728
            ],
            [
              107.1399548422296,
              -6.262766031206689
            ],
            [
              107.13989004754794,
              -6.262721051303705
            ],
            [
              107.1398256476077,
              -6.2626755073038645
            ],
            [
              107.13976164731329,
              -6.262629402675664
            ],
            [
              107.13969805153867,
              -6.262582740930296
            ],
            [
              107.13963486512704,
              -6.262535525621371
            ],
            [
              107.13957209289032,
              -6.262487760344666
            ],
            [
              107.13950973960897,
              -6.262439448737841
            ],
            [
              107.13944781003151,
              -6.262390594480155
            ],
            [
              107.13938630887418,
              -6.262341201292202
            ],
            [
              107.1393252408206,
              -6.262291272935608
            ],
            [
              107.13926461052141,
              -6.2622408132127605
            ],
            [
              107.13920442259389,
              -6.262189825966511
            ],
            [
              107.13914468162164,
              -6.262138315079891
            ],
            [
              107.13908539215423,
              -6.262086284475798
            ],
            [
              107.13902655870677,
              -6.2620337381167195
            ],
            [
              107.13896818575972,
              -6.26198068000441
            ],
            [
              107.13891027775846,
              -6.261927114179606
            ],
            [
              107.1388528391129,
              -6.2618730447217
            ],
            [
              107.13879587419724,
              -6.261818475748444
            ],
            [
              107.1387393873496,
              -6.2617634114156315
            ],
            [
              107.13868338287169,
              -6.261707855916771
            ],
            [
              107.13862786502843,
              -6.261651813482786
            ],
            [
              107.13857283804775,
              -6.261595288381673
            ],
            [
              107.13851830612015,
              -6.261538284918188
            ],
            [
              107.13846427339844,
              -6.2614808074335215
            ],
            [
              107.1384107439974,
              -6.261422860304957
            ],
            [
              107.13835772199346,
              -6.2613644479455415
            ],
            [
              107.13830521142445,
              -6.261305574803754
            ],
            [
              107.1382532162892,
              -6.261246245363167
            ],
            [
              107.1382017405473,
              -6.2611864641420905
            ],
            [
              107.13815078811876,
              -6.261126235693255
            ],
            [
              107.1381003628838,
              -6.2610655646034346
            ],
            [
              107.13805046868242,
              -6.261004455493116
            ],
            [
              107.13800110931419,
              -6.260942913016147
            ],
            [
              107.13795228853795,
              -6.260880941859373
            ],
            [
              107.13790401007151,
              -6.260818546742283
            ],
            [
              107.1378562775914,
              -6.260755732416654
            ],
            [
              107.13780909473255,
              -6.260692503666189
            ],
            [
              107.13776246508802,
              -6.260628865306144
            ],
            [
              107.13771639220873,
              -6.2605648221829755
            ],
            [
              107.13767087960325,
              -6.260500379173958
            ],
            [
              107.1376259307374,
              -6.260435541186818
            ],
            [
              107.13758154903412,
              -6.260370313159361
            ],
            [
              107.13753773787313,
              -6.260304700059097
            ],
            [
              107.1374945005907,
              -6.2602387068828556
            ],
            [
              107.13745184047943,
              -6.260172338656415
            ],
            [
              107.13740976078783,
              -6.260105600434109
            ],
            [
              107.1373682647204,
              -6.260038497298448
            ],
            [
              107.13732735543702,
              -6.259971034359732
            ],
            [
              107.13728703605298,
              -6.259903216755661
            ],
            [
              107.13724730963861,
              -6.259835049650939
            ],
            [
              107.13720817921906,
              -6.259766538236889
            ],
            [
              107.13716964777412,
              -6.259697687731054
            ],
            [
              107.13713171823792,
              -6.2596285033767884
            ],
            [
              107.13709439349881,
              -6.2595589904428826
            ],
            [
              107.13705767639901,
              -6.259489154223142
            ],
            [
              107.13702156973453,
              -6.259419000035987
            ],
            [
              107.13698607625483,
              -6.259348533224055
            ],
            [
              107.13695119866269,
              -6.259277759153792
            ],
            [
              107.13691693961398,
              -6.259206683215035
            ],
            [
              107.13688330171749,
              -6.259135310820609
            ],
            [
              107.13685028753466,
              -6.259063647405919
            ],
            [
              107.13681789957944,
              -6.258991698428526
            ],
            [
              107.13678614031811,
              -6.258919469367735
            ],
            [
              107.13675501216903,
              -6.25884696572418
            ],
            [
              107.13672451750256,
              -6.258774193019408
            ],
            [
              107.13669465864072,
              -6.258701156795446
            ],
            [
              107.13666543785718,
              -6.258627862614396
            ],
            [
              107.13663685737698,
              -6.258554316057996
            ],
            [
              107.13660891937641,
              -6.258480522727203
            ],
            [
              107.13658162598284,
              -6.258406488241764
            ],
            [
              107.13655497927452,
              -6.258332218239795
            ],
            [
              107.13652898128045,
              -6.258257718377336
            ],
            [
              107.13650363398025,
              -6.2581829943279335
            ],
            [
              107.13647893930398,
              -6.258108051782213
            ],
            [
              107.13645489913196,
              -6.258032896447421
            ],
            [
              107.1364315152947,
              -6.257957534047021
            ],
            [
              107.13640878957271,
              -6.257881970320235
            ],
            [
              107.13638672369639,
              -6.2578062110216175
            ],
            [
              107.13636531934588,
              -6.257730261920613
            ],
            [
              107.13634457815095,
              -6.257654128801121
            ],
            [
              107.13632450169084,
              -6.257577817461049
            ],
            [
              107.13630509149418,
              -6.257501333711875
            ],
            [
              107.13628634903885,
              -6.257424683378206
            ],
            [
              107.13626827575192,
              -6.257347872297331
            ],
            [
              107.13625087300943,
              -6.25727090631878
            ],
            [
              107.13623414213642,
              -6.257193791303872
            ],
            [
              107.1362180844067,
              -6.257116533125281
            ],
            [
              107.13620270104285,
              -6.257039137666576
            ],
            [
              107.13618799321607,
              -6.256961610821777
            ],
            [
              107.13617396204619,
              -6.256883958494909
            ],
            [
              107.13616060860137,
              -6.25680618659955
            ],
            [
              107.13614793389829,
              -6.256728301058385
            ],
            [
              107.13613593890186,
              -6.256650307802745
            ],
            [
              107.13612462452527,
              -6.256572212772164
            ],
            [
              107.13611399162981,
              -6.256494021913925
            ],
            [
              107.13610404102499,
              -6.256415741182601
            ],
            [
              107.13609477346822,
              -6.256337376539617
            ],
            [
              107.136086189665,
              -6.256258933952774
            ],
            [
              107.1360782902687,
              -6.256180419395813
            ],
            [
              107.13607107588058,
              -6.256101838847952
            ],
            [
              107.13606454704976,
              -6.256023198293432
            ],
            [
              107.13605870427313,
              -6.255944503721063
            ],
            [
              107.13605354799529,
              -6.255865761123756
            ],
            [
              107.13604907860866,
              -6.255786976498091
            ],
            [
              107.13604529645326,
              -6.255708155843837
            ],
            [
              107.13604220181684,
              -6.255629305163508
            ],
            [
              107.13603979493472,
              -6.255550430461898
            ],
            [
              107.1360380759899,
              -6.255471537745629
            ],
            [
              107.13603704511299,
              -6.255392633022697
            ],
            [
              107.13603670238214,
              -6.255313722302005
            ],
            [
              107.13603704782321,
              -6.25523481159291
            ],
            [
              107.13603808140952,
              -6.2551559069047675
            ],
            [
              107.13603980306209,
              -6.255077014246469
            ],
            [
              107.1360422126495,
              -6.25499813962599
            ],
            [
              107.1360453099879,
              -6.254919289049931
            ],
            [
              107.13604909484117,
              -6.254840468523054
            ],
            [
              107.1360535669207,
              -6.254761684047833
            ],
            [
              107.13605872588566,
              -6.254682941623995
            ],
            [
              107.13606457134287,
              -6.2546042472480545
            ],
            [
              107.13607110284686,
              -6.254525606912882
            ],
            [
              107.13607831989991,
              -6.254447026607207
            ],
            [
              107.13608622195213,
              -6.254368512315204
            ],
            [
              107.13609480840145,
              -6.254290070016004
            ],
            [
              107.13610407859365,
              -6.254211705683261
            ],
            [
              107.13611403182249,
              -6.254133425284687
            ],
            [
              107.1361246673297,
              -6.254055234781599
            ],
            [
              107.13613598430503,
              -6.25397714012847
            ],
            [
              107.13614798188635,
              -6.253899147272461
            ],
            [
              107.13616065915969,
              -6.253821262152985
            ],
            [
              107.13617401515937,
              -6.25374349070125
            ],
            [
              107.13618804886795,
              -6.2536658388398
            ],
            [
              107.13620275921646,
              -6.253588312482072
            ],
            [
              107.13621814508433,
              -6.253510917531943
            ],
            [
              107.13623420529959,
              -6.25343365988328
            ],
            [
              107.13625093863891,
              -6.25335654541949
            ],
            [
              107.1362683438277,
              -6.2532795800130785
            ],
            [
              107.13628641954021,
              -6.25320276952519
            ],
            [
              107.13630516439962,
              -6.253126119805172
            ],
            [
              107.13632457697817,
              -6.253049636690132
            ],
            [
              107.13634465579722,
              -6.2529733260044775
            ],
            [
              107.13636539932746,
              -6.252897193559493
            ],
            [
              107.13638680598892,
              -6.2528212451528775
            ],
            [
              107.1364088741511,
              -6.252745486568319
            ],
            [
              107.13643160213319,
              -6.252669923575043
            ],
            [
              107.13645498820411,
              -6.252594561927383
            ],
            [
              107.13647903058266,
              -6.252519407364333
            ],
            [
              107.13650372743766,
              -6.252444465609116
            ],
            [
              107.1365290768881,
              -6.252369742368745
            ],
            [
              107.1365550770033,
              -6.2522952433335925
            ],
            [
              107.13658172580298,
              -6.252220974176955
            ],
            [
              107.13660902125751,
              -6.252146940554619
            ],
            [
              107.13663696128798,
              -6.252073148104435
            ],
            [
              107.13666554376644,
              -6.251999602445875
            ],
            [
              107.13669476651599,
              -6.251926309179632
            ],
            [
              107.13672462731098,
              -6.251853273887164
            ],
            [
              107.13675512387715,
              -6.251780502130282
            ],
            [
              107.13678625389188,
              -6.251707999450734
            ],
            [
              107.1368180149843,
              -6.251635771369768
            ],
            [
              107.13685040473543,
              -6.25156382338772
            ],
            [
              107.13688342067849,
              -6.251492160983592
            ],
            [
              107.13691706029897,
              -6.251420789614636
            ],
            [
              107.13695132103489,
              -6.251349714715945
            ],
            [
              107.13698620027698,
              -6.25127894170003
            ],
            [
              107.13702169536884,
              -6.251208475956408
            ],
            [
              107.13705780360723,
              -6.251138322851192
            ],
            [
              107.13709452224217,
              -6.251068487726695
            ],
            [
              107.13713184847721,
              -6.250998975901004
            ],
            [
              107.13716977946967,
              -6.250929792667588
            ],
            [
              107.13720831233076,
              -6.250860943294887
            ],
            [
              107.1372474441259,
              -6.250792433025922
            ],
            [
              107.13728717187492,
              -6.250724267077885
            ],
            [
              107.13732749255222,
              -6.250656450641741
            ],
            [
              107.13736840308708,
              -6.250588988881842
            ],
            [
              107.13740990036388,
              -6.250521886935528
            ],
            [
              107.13745198122226,
              -6.250455149912736
            ],
            [
              107.13749464245753,
              -6.250388782895612
            ],
            [
              107.13753788082069,
              -6.250322790938124
            ],
            [
              107.13758169301887,
              -6.250257179065673
            ],
            [
              107.13762607571549,
              -6.250191952274721
            ],
            [
              107.13767102553051,
              -6.250127115532393
            ],
            [
              107.13771653904072,
              -6.2500626737761245
            ],
            [
              107.13776261278,
              -6.249998631913254
            ],
            [
              107.13780924323954,
              -6.24993499482068
            ],
            [
              107.13785642686818,
              -6.2498717673444615
            ],
            [
              107.1379041600726,
              -6.249808954299477
            ],
            [
              107.13795243921766,
              -6.249746560469032
            ],
            [
              107.13800126062661,
              -6.249684590604513
            ],
            [
              107.13805062058145,
              -6.2496230494250185
            ],
            [
              107.1381005153232,
              -6.249561941616998
            ],
            [
              107.13815094105209,
              -6.249501271833898
            ],
            [
              107.13820189392793,
              -6.249441044695812
            ],
            [
              107.13825337007046,
              -6.24938126478912
            ],
            [
              107.13830536555948,
              -6.249321936666135
            ],
            [
              107.13835787643531,
              -6.249263064844785
            ],
            [
              107.13841089869902,
              -6.249204653808226
            ],
            [
              107.13846442831272,
              -6.24914670800454
            ],
            [
              107.1385184611999,
              -6.249089231846371
            ],
            [
              107.1385729932457,
              -6.249032229710599
            ],
            [
              107.13862802029733,
              -6.248975705938007
            ],
            [
              107.13868353816423,
              -6.248919664832945
            ],
            [
              107.13873954261851,
              -6.248864110663012
            ],
            [
              107.1387960293952,
              -6.24880904765872
            ],
            [
              107.13885299419263,
              -6.248754480013177
            ],
            [
              107.13891043267273,
              -6.248700411881771
            ],
            [
              107.13896834046135,
              -6.248646847381842
            ],
            [
              107.13902671314862,
              -6.248593790592394
            ],
            [
              107.13908554628925,
              -6.248541245553747
            ],
            [
              107.1391448354029,
              -6.248489216267261
            ],
            [
              107.13920457597455,
              -6.248437706695018
            ],
            [
              107.13926476345473,
              -6.24838672075952
            ],
            [
              107.13932539326,
              -6.248336262343398
            ],
            [
              107.13938646077322,
              -6.2482863352891
            ],
            [
              107.13944796134392,
              -6.248236943398619
            ],
            [
              107.13950989028868,
              -6.248188090433192
            ],
            [
              107.1395722428914,
              -6.248139780113011
            ],
            [
              107.13963501440381,
              -6.248092016116952
            ],
            [
              107.13969820004569,
              -6.248044802082275
            ],
            [
              107.13976179500528,
              -6.247998141604373
            ],
            [
              107.13982579443969,
              -6.24795203823647
            ],
            [
              107.1398901934752,
              -6.24790649548938
            ],
            [
              107.13995498720767,
              -6.247861516831211
            ],
            [
              107.14002017070294,
              -6.247817105687126
            ],
            [
              107.14008573899713,
              -6.247773265439057
            ],
            [
              107.14015168709709,
              -6.247729999425472
            ],
            [
              107.14021800998071,
              -6.247687310941108
            ],
            [
              107.14028470259744,
              -6.247645203236715
            ],
            [
              107.14035175986844,
              -6.247603679518829
            ],
            [
              107.1404191766872,
              -6.2475627429494995
            ],
            [
              107.14048694791985,
              -6.247522396646074
            ],
            [
              107.14055506840545,
              -6.247482643680942
            ],
            [
              107.14062353295652,
              -6.247443487081319
            ],
            [
              107.14069233635938,
              -6.247404929828998
            ],
            [
              107.14076147337457,
              -6.247366974860135
            ],
            [
              107.14083093873718,
              -6.247329625065019
            ],
            [
              107.14090072715734,
              -6.247292883287856
            ],
            [
              107.14097083332054,
              -6.247256752326548
            ],
            [
              107.14104125188814,
              -6.2472212349324865
            ],
            [
              107.14111197749763,
              -6.247186333810333
            ],
            [
              107.14118300476323,
              -6.247152051617828
            ],
            [
              107.14125432827609,
              -6.247118390965571
            ],
            [
              107.14132594260485,
              -6.247085354416834
            ],
            [
              107.141397842296,
              -6.247052944487362
            ],
            [
              107.14147002187434,
              -6.247021163645189
            ],
            [
              107.14154247584328,
              -6.2469900143104296
            ],
            [
              107.14161519868541,
              -6.24695949885512
            ],
            [
              107.1416881848628,
              -6.246929619603024
            ],
            [
              107.1417614288175,
              -6.24690037882945
            ],
            [
              107.14183492497195,
              -6.246871778761098
            ],
            [
              107.1419086677293,
              -6.246843821575871
            ],
            [
              107.14198265147405,
              -6.246816509402709
            ],
            [
              107.14205687057226,
              -6.246789844321452
            ],
            [
              107.14213131937208,
              -6.246763828362646
            ],
            [
              107.14220599220421,
              -6.246738463507412
            ],
            [
              107.14228088338227,
              -6.246713751687296
            ],
            [
              107.14235598720325,
              -6.246689694784102
            ],
            [
              107.14243129794795,
              -6.246666294629771
            ],
            [
              107.14250680988143,
              -6.246643553006226
            ],
            [
              107.1425825172534,
              -6.2466214716452555
            ],
            [
              107.14265841429875,
              -6.246600052228349
            ],
            [
              107.14273449523786,
              -6.246579296386603
            ],
            [
              107.14281075427715,
              -6.2465592057005805
            ],
            [
              107.14288718560945,
              -6.246539781700184
            ],
            [
              107.14296378341453,
              -6.246521025864559
            ],
            [
              107.14304054185939,
              -6.246502939621965
            ],
            [
              107.1431174550989,
              -6.24648552434967
            ],
            [
              107.14319451727609,
              -6.246468781373851
            ],
            [
              107.14327172252264,
              -6.246452711969486
            ],
            [
              107.14334906495937,
              -6.246437317360259
            ],
            [
              107.14342653869663,
              -6.246422598718477
            ],
            [
              107.1435041378348,
              -6.246408557164965
            ],
            [
              107.14358185646466,
              -6.246395193768984
            ],
            [
              107.14365968866798,
              -6.2463825095481615
            ],
            [
              107.14373762851778,
              -6.2463705054684
            ],
            [
              107.14381567007895,
              -6.246359182443815
            ],
            [
              107.14389380740865,
              -6.24634854133665
            ],
            [
              107.14397203455665,
              -6.246338582957231
            ],
            [
              107.14405034556601,
              -6.246329308063886
            ],
            [
              107.14412873447333,
              -6.246320717362898
            ],
            [
              107.14420719530929,
              -6.246312811508454
            ],
            [
              107.14428572209908,
              -6.24630559110258
            ],
            [
              107.14436430886292,
              -6.246299056695113
            ],
            [
              107.14444294961639,
              -6.246293208783649
            ],
            [
              107.14452163837102,
              -6.246288047813501
            ],
            [
              107.14460036913466,
              -6.246283574177688
            ],
            [
              107.14467913591196,
              -6.246279788216866
            ],
            [
              107.14475793270485,
              -6.246276690219344
            ],
            [
              107.14483675351293,
              -6.246274280421032
            ],
            [
              107.14491559233402,
              -6.246272559005432
            ],
            [
              107.14499444316453,
              -6.246271526103637
            ],
            [
              107.1450733,
              -6.246271181794299
            ],
            [
              107.14515215683547,
              -6.246271526103637
            ],
            [
              107.14523100766598,
              -6.246272559005432
            ],
            [
              107.14530984648708,
              -6.246274280421032
            ],
            [
              107.14538866729517,
              -6.246276690219344
            ],
            [
              107.14546746408804,
              -6.246279788216866
            ],
            [
              107.14554623086535,
              -6.246283574177688
            ],
            [
              107.145624961629,
              -6.246288047813501
            ],
            [
              107.14570365038362,
              -6.246293208783649
            ],
            [
              107.14578229113708,
              -6.246299056695113
            ],
            [
              107.14586087790092,
              -6.24630559110258
            ],
            [
              107.14593940469071,
              -6.246312811508454
            ],
            [
              107.14601786552667,
              -6.246320717362898
            ],
            [
              107.14609625443398,
              -6.246329308063886
            ],
            [
              107.14617456544335,
              -6.2463385829572315
            ],
            [
              107.14625279259137,
              -6.24634854133665
            ],
            [
              107.14633092992105,
              -6.246359182443815
            ],
            [
              107.14640897148223,
              -6.2463705054684
            ],
            [
              107.14648691133203,
              -6.246382509548163
            ],
            [
              107.14656474353535,
              -6.246395193768984
            ],
            [
              107.1466424621652,
              -6.246408557164964
            ],
            [
              107.14672006130338,
              -6.246422598718477
            ],
            [
              107.14679753504063,
              -6.246437317360259
            ],
            [
              107.14687487747737,
              -6.246452711969486
            ],
            [
              107.14695208272393,
              -6.246468781373852
            ],
            [
              107.14702914490111,
              -6.24648552434967
            ],
            [
              107.14710605814061,
              -6.246502939621965
            ],
            [
              107.14718281658548,
              -6.246521025864559
            ],
            [
              107.14725941439056,
              -6.246539781700184
            ],
            [
              107.14733584572286,
              -6.2465592057005805
            ],
            [
              107.14741210476215,
              -6.246579296386603
            ],
            [
              107.14748818570126,
              -6.246600052228349
            ],
            [
              107.14756408274661,
              -6.2466214716452555
            ],
            [
              107.14763979011859,
              -6.246643553006226
            ],
            [
              107.14771530205206,
              -6.24666629462977
            ],
            [
              107.14779061279675,
              -6.246689694784102
            ],
            [
              107.14786571661774,
              -6.246713751687296
            ],
            [
              107.14794060779579,
              -6.246738463507412
            ],
            [
              107.14801528062793,
              -6.246763828362646
            ],
            [
              107.14808972942775,
              -6.246789844321452
            ],
            [
              107.14816394852596,
              -6.246816509402709
            ],
            [
              107.1482379322707,
              -6.246843821575871
            ],
            [
              107.14831167502807,
              -6.246871778761098
            ],
            [
              107.14838517118251,
              -6.24690037882945
            ],
            [
              107.1484584151372,
              -6.246929619603024
            ],
            [
              107.1485314013146,
              -6.24695949885512
            ],
            [
              107.14860412415673,
              -6.246990014310429
            ],
            [
              107.14867657812567,
              -6.247021163645189
            ],
            [
              107.148748757704,
              -6.247052944487363
            ],
            [
              107.14882065739516,
              -6.247085354416833
            ],
            [
              107.14889227172392,
              -6.247118390965571
            ],
            [
              107.14896359523678,
              -6.247152051617828
            ],
            [
              107.14903462250237,
              -6.247186333810334
            ],
            [
              107.14910534811187,
              -6.2472212349324865
            ],
            [
              107.14917576667948,
              -6.24725675232655
            ],
            [
              107.14924587284267,
              -6.247292883287856
            ],
            [
              107.14931566126283,
              -6.24732962506502
            ],
            [
              107.14938512662543,
              -6.247366974860136
            ],
            [
              107.14945426364062,
              -6.247404929828997
            ],
            [
              107.14952306704349,
              -6.247443487081319
            ],
            [
              107.14959153159457,
              -6.247482643680943
            ],
            [
              107.14965965208016,
              -6.247522396646074
            ],
            [
              107.1497274233128,
              -6.2475627429494995
            ],
            [
              107.14979484013158,
              -6.2476036795188294
            ],
            [
              107.14986189740257,
              -6.247645203236715
            ],
            [
              107.14992859001929,
              -6.247687310941107
            ],
            [
              107.14999491290293,
              -6.247729999425474
            ],
            [
              107.15006086100288,
              -6.247773265439057
            ],
            [
              107.15012642929706,
              -6.247817105687128
            ],
            [
              107.15019161279234,
              -6.247861516831212
            ],
            [
              107.1502564065248,
              -6.247906495489381
            ],
            [
              107.15032080556033,
              -6.24795203823647
            ],
            [
              107.15038480499472,
              -6.24799814160437
            ],
            [
              107.15044839995431,
              -6.2480448020822745
            ],
            [
              107.15051158559619,
              -6.24809201611695
            ],
            [
              107.1505743571086,
              -6.248139780113011
            ],
            [
              107.15063670971134,
              -6.248188090433192
            ],
            [
              107.1506986386561,
              -6.248236943398618
            ],
            [
              107.15076013922679,
              -6.248286335289099
            ],
            [
              107.15082120674002,
              -6.248336262343399
            ],
            [
              107.15088183654528,
              -6.248386720759519
            ],
            [
              107.15094202402547,
              -6.248437706695019
            ],
            [
              107.1510017645971,
              -6.248489216267261
            ],
            [
              107.15106105371076,
              -6.248541245553747
            ],
            [
              107.15111988685139,
              -6.248593790592395
            ],
            [
              107.15117825953865,
              -6.248646847381843
            ],
            [
              107.15123616732728,
              -6.248700411881769
            ],
            [
              107.15129360580737,
              -6.248754480013177
            ],
            [
              107.15135057060482,
              -6.24880904765872
            ],
            [
              107.1514070573815,
              -6.248864110663012
            ],
            [
              107.15146306183577,
              -6.248919664832945
            ],
            [
              107.15151857970268,
              -6.248975705938007
            ],
            [
              107.1515736067543,
              -6.2490322297106
            ],
            [
              107.15162813880012,
              -6.249089231846372
            ],
            [
              107.1516821716873,
              -6.24914670800454
            ],
            [
              107.15173570130099,
              -6.249204653808226
            ],
            [
              107.1517887235647,
              -6.249263064844785
            ],
            [
              107.15184123444054,
              -6.249321936666135
            ],
            [
              107.15189322992956,
              -6.249381264789119
            ],
            [
              107.15194470607207,
              -6.249441044695812
            ],
            [
              107.15199565894792,
              -6.2495012718339
            ],
            [
              107.15204608467681,
              -6.249561941616998
            ],
            [
              107.15209597941855,
              -6.249623049425018
            ],
            [
              107.1521453393734,
              -6.249684590604512
            ],
            [
              107.15219416078236,
              -6.249746560469032
            ],
            [
              107.15224243992742,
              -6.249808954299477
            ],
            [
              107.15229017313183,
              -6.2498717673444615
            ],
            [
              107.15233735676046,
              -6.24993499482068
            ],
            [
              107.15238398722,
              -6.249998631913255
            ],
            [
              107.15243006095928,
              -6.2500626737761245
            ],
            [
              107.1524755744695,
              -6.250127115532393
            ],
            [
              107.15252052428453,
              -6.250191952274721
            ],
            [
              107.15256490698113,
              -6.250257179065672
            ],
            [
              107.15260871917933,
              -6.250322790938124
            ],
            [
              107.15265195754249,
              -6.2503887828956115
            ],
            [
              107.15269461877774,
              -6.250455149912735
            ],
            [
              107.15273669963615,
              -6.250521886935528
            ],
            [
              107.15277819691293,
              -6.250588988881842
            ],
            [
              107.1528191074478,
              -6.250656450641741
            ],
            [
              107.1528594281251,
              -6.250724267077885
            ],
            [
              107.1528991558741,
              -6.250792433025922
            ],
            [
              107.15293828766926,
              -6.250860943294887
            ],
            [
              107.15297682053034,
              -6.250929792667588
            ],
            [
              107.15301475152279,
              -6.250998975901004
            ],
            [
              107.15305207775783,
              -6.251068487726695
            ],
            [
              107.15308879639278,
              -6.251138322851192
            ],
            [
              107.15312490463116,
              -6.251208475956408
            ],
            [
              107.15316039972303,
              -6.25127894170003
            ],
            [
              107.15319527896511,
              -6.251349714715945
            ],
            [
              107.15322953970104,
              -6.251420789614636
            ],
            [
              107.15326317932153,
              -6.251492160983592
            ],
            [
              107.15329619526457,
              -6.251563823387719
            ],
            [
              107.15332858501571,
              -6.251635771369768
            ],
            [
              107.15336034610812,
              -6.251707999450733
            ],
            [
              107.15339147612285,
              -6.2517805021302815
            ],
            [
              107.15342197268903,
              -6.251853273887164
            ],
            [
              107.15345183348401,
              -6.25192630917963
            ],
            [
              107.15348105623357,
              -6.251999602445875
            ],
            [
              107.15350963871202,
              -6.252073148104435
            ],
            [
              107.1535375787425,
              -6.25214694055462
            ],
            [
              107.15356487419703,
              -6.252220974176955
            ],
            [
              107.1535915229967,
              -6.2522952433335925
            ],
            [
              107.15361752311192,
              -6.252369742368745
            ],
            [
              107.15364287256236,
              -6.252444465609116
            ],
            [
              107.15366756941735,
              -6.252519407364334
            ],
            [
              107.1536916117959,
              -6.252594561927383
            ],
            [
              107.15371499786681,
              -6.252669923575044
            ],
            [
              107.15373772584891,
              -6.252745486568319
            ],
            [
              107.1537597940111,
              -6.2528212451528775
            ],
            [
              107.15378120067254,
              -6.252897193559493
            ],
            [
              107.15380194420278,
              -6.2529733260044775
            ],
            [
              107.15382202302186,
              -6.2530496366901325
            ],
            [
              107.1538414356004,
              -6.253126119805174
            ],
            [
              107.1538601804598,
              -6.25320276952519
            ],
            [
              107.1538782561723,
              -6.2532795800130785
            ],
            [
              107.1538956613611,
              -6.25335654541949
            ],
            [
              107.15391239470043,
              -6.25343365988328
            ],
            [
              107.15392845491567,
              -6.253510917531943
            ],
            [
              107.15394384078354,
              -6.253588312482072
            ],
            [
              107.15395855113205,
              -6.253665838839799
            ],
            [
              107.15397258484064,
              -6.25374349070125
            ],
            [
              107.15398594084031,
              -6.253821262152985
            ],
            [
              107.15399861811368,
              -6.25389914727246
            ],
            [
              107.15401061569499,
              -6.25397714012847
            ],
            [
              107.15402193267032,
              -6.2540552347816
            ],
            [
              107.15403256817751,
              -6.254133425284687
            ],
            [
              107.15404252140637,
              -6.254211705683261
            ],
            [
              107.15405179159856,
              -6.254290070016003
            ],
            [
              107.15406037804787,
              -6.254368512315204
            ],
            [
              107.15406828010009,
              -6.254447026607209
            ],
            [
              107.15407549715314,
              -6.254525606912881
            ],
            [
              107.15408202865714,
              -6.2546042472480545
            ],
            [
              107.15408787411434,
              -6.254682941623994
            ],
            [
              107.1540930330793,
              -6.254761684047833
            ],
            [
              107.15409750515884,
              -6.254840468523054
            ],
            [
              107.15410129001211,
              -6.254919289049931
            ],
            [
              107.15410438735051,
              -6.25499813962599
            ],
            [
              107.15410679693791,
              -6.255077014246469
            ],
            [
              107.15410851859048,
              -6.2551559069047675
            ],
            [
              107.1541095521768,
              -6.25523481159291
            ],
            [
              107.15410989761786,
              -6.255313722302005
            ],
            [
              107.15410955488703,
              -6.255392633022697
            ]
          ]
        ]
      },
      "properties": {
        "NAMOBJ": "Bekasi",
        "FCODE": "BA03050040",
        "REMARK": " ",
        "METADATA": "TASWIL5000020230907KABKOTA",
        "SRS_ID": "4326",
        "KDBBPS": " ",
        "KDCBPS": " ",
        "KDCPUM": " ",
        "KDEBPS": " ",
        "KDEPUM": "",
        "KDPBPS": " ",
        "KDPKAB": "32.16",
        "KDPPUM": "32",
        "LUASWH": 1251.0541769074928,
        "TIPADM": 4,
        "WADMKC": " ",
        "WADMKD": " ",
        "WADMKK": "Bekasi",
        "WADMPR": "Jawa Barat",
        "WIADKC": " ",
        "WIADKK": " ",
        "WIADPR": " ",
        "WIADKD": 0,
        "SHAPE_Length": 3.135190043774862,
        "SHAPE_Area": 0.10222274915987349,
        "dataset_role": "rbi_reference",
        "source_file": "25k st cikarang.zip",
        "source_layer": "ADMINISTRASI_AR_KABKOTA",
        "radius_m": 1000,
        "geometry_clipped": true,
        "center_status": "unverified_geocoded_station_reference"
      }
    },
    {
      "type": "Feature",
      "id": "rbi:9888f0e0603d95cd05b0",
      "geometry": {
        "type": "Polygon",
        "coordinates": [
          [
            [
              107.14730133000006,
              -6.263804989999926
            ],
            [
              107.14717808600007,
              -6.262797804999933
            ],
            [
              107.14496650000007,
              -6.262440817999958
            ],
            [
              107.14466429400005,
              -6.262354545999926
            ],
            [
              107.14276240200006,
              -6.261318602999951
            ],
            [
              107.14260958900006,
              -6.261422841999946
            ],
            [
              107.14300243900004,
              -6.260221571999978
            ],
            [
              107.14299708800007,
              -6.260042578999958
            ],
            [
              107.14293764600006,
              -6.2597229159999275
            ],
            [
              107.14308512100007,
              -6.25952514499994
            ],
            [
              107.14335865800007,
              -6.259252754999979
            ],
            [
              107.14341890800006,
              -6.2588051469999755
            ],
            [
              107.14359843700004,
              -6.258849028999974
            ],
            [
              107.14372671500007,
              -6.25865245099993
            ],
            [
              107.14364139500009,
              -6.2586779099999585
            ],
            [
              107.14387125100006,
              -6.256008057999963
            ],
            [
              107.14499037400009,
              -6.256146374999959
            ],
            [
              107.14516314200006,
              -6.256164340999928
            ],
            [
              107.14578084300007,
              -6.256228575999954
            ],
            [
              107.14701551100006,
              -6.256338153999934
            ],
            [
              107.14739420300003,
              -6.256361747999962
            ],
            [
              107.14844791200005,
              -6.256490992999943
            ],
            [
              107.14863487500008,
              -6.256380808999948
            ],
            [
              107.14883109200008,
              -6.256389417999968
            ],
            [
              107.14890402900006,
              -6.256392617999951
            ],
            [
              107.14891981300008,
              -6.256394119999927
            ],
            [
              107.14906765100005,
              -6.256408187999965
            ],
            [
              107.14910314300005,
              -6.256415536999952
            ],
            [
              107.14926834300007,
              -6.256449742999962
            ],
            [
              107.14971098400008,
              -6.256541396999977
            ],
            [
              107.14991651500009,
              -6.256583953999948
            ],
            [
              107.14998735700006,
              -6.256598621999956
            ],
            [
              107.15004476500006,
              -6.256610508999923
            ],
            [
              107.15028068400005,
              -6.256646090999936
            ],
            [
              107.15057085500007,
              -6.25668985599998
            ],
            [
              107.15099281800008,
              -6.2567534979999655
            ],
            [
              107.15165352600008,
              -6.256853147999947
            ],
            [
              107.15219327800007,
              -6.25693455399994
            ],
            [
              107.15230407900003,
              -6.2569512659999305
            ],
            [
              107.15317031100007,
              -6.257081911999934
            ],
            [
              107.15325648100008,
              -6.2570949079999405
            ],
            [
              107.15334686500005,
              -6.257107679999934
            ],
            [
              107.15375822500005,
              -6.257165810999938
            ],
            [
              107.15391370675206,
              -6.25718778255688
            ],
            [
              107.1539124578636,
              -6.257193791303872
            ],
            [
              107.15389572699057,
              -6.25727090631878
            ],
            [
              107.15387832424808,
              -6.257347872297331
            ],
            [
              107.15386025096116,
              -6.257424683378207
            ],
            [
              107.15384150850583,
              -6.257501333711875
            ],
            [
              107.15382209830918,
              -6.257577817461049
            ],
            [
              107.15380202184906,
              -6.257654128801121
            ],
            [
              107.15378128065412,
              -6.257730261920613
            ],
            [
              107.15375987630362,
              -6.257806211021619
            ],
            [
              107.1537378104273,
              -6.257881970320235
            ],
            [
              107.15371508470531,
              -6.257957534047021
            ],
            [
              107.15369170086805,
              -6.258032896447421
            ],
            [
              107.15366766069603,
              -6.258108051782212
            ],
            [
              107.15364296601975,
              -6.2581829943279335
            ],
            [
              107.15361761871955,
              -6.258257718377336
            ],
            [
              107.15359162072549,
              -6.258332218239794
            ],
            [
              107.15356497401716,
              -6.258406488241764
            ],
            [
              107.15353768062359,
              -6.258480522727205
            ],
            [
              107.15350974262303,
              -6.258554316057996
            ],
            [
              107.15348116214284,
              -6.258627862614396
            ],
            [
              107.1534519413593,
              -6.258701156795448
            ],
            [
              107.15342208249746,
              -6.258774193019408
            ],
            [
              107.15339158783097,
              -6.25884696572418
            ],
            [
              107.15336045968189,
              -6.258919469367735
            ],
            [
              107.15332870042057,
              -6.258991698428526
            ],
            [
              107.15329631246536,
              -6.259063647405919
            ],
            [
              107.15326329828252,
              -6.259135310820609
            ],
            [
              107.15322966038602,
              -6.259206683215035
            ],
            [
              107.15319540133731,
              -6.259277759153791
            ],
            [
              107.15316052374517,
              -6.259348533224055
            ],
            [
              107.15312503026547,
              -6.259419000035987
            ],
            [
              107.15308892360099,
              -6.259489154223142
            ],
            [
              107.1530522065012,
              -6.2595589904428826
            ],
            [
              107.15301488176208,
              -6.2596285033767884
            ],
            [
              107.1529769522259,
              -6.259697687731054
            ],
            [
              107.15293842078096,
              -6.259766538236889
            ],
            [
              107.1528992903614,
              -6.259835049650939
            ],
            [
              107.15285956394702,
              -6.259903216755661
            ],
            [
              107.15281924456298,
              -6.259971034359732
            ],
            [
              107.15277833527962,
              -6.260038497298448
            ],
            [
              107.15273683921217,
              -6.260105600434109
            ],
            [
              107.15269475952059,
              -6.260172338656415
            ],
            [
              107.1526520994093,
              -6.2602387068828556
            ],
            [
              107.15260886212687,
              -6.260304700059097
            ],
            [
              107.15256505096589,
              -6.260370313159361
            ],
            [
              107.15252066926261,
              -6.260435541186818
            ],
            [
              107.15247572039677,
              -6.2605003791739575
            ],
            [
              107.15243020779128,
              -6.2605648221829755
            ],
            [
              107.152384134912,
              -6.260628865306144
            ],
            [
              107.15233750526747,
              -6.260692503666189
            ],
            [
              107.15229032240862,
              -6.260755732416654
            ],
            [
              107.1522425899285,
              -6.260818546742283
            ],
            [
              107.15219431146207,
              -6.260880941859373
            ],
            [
              107.15214549068583,
              -6.260942913016147
            ],
            [
              107.15209613131759,
              -6.261004455493116
            ],
            [
              107.15204623711621,
              -6.2610655646034346
            ],
            [
              107.15199581188124,
              -6.261126235693255
            ],
            [
              107.15194485945271,
              -6.2611864641420905
            ],
            [
              107.15189338371081,
              -6.261246245363167
            ],
            [
              107.15184138857556,
              -6.261305574803754
            ],
            [
              107.15178887800654,
              -6.2613644479455415
            ],
            [
              107.1517358560026,
              -6.261422860304957
            ],
            [
              107.15168232660156,
              -6.261480807433521
            ],
            [
              107.15162829387985,
              -6.261538284918188
            ],
            [
              107.15157376195225,
              -6.261595288381672
            ],
            [
              107.15151873497159,
              -6.261651813482786
            ],
            [
              107.15146321712832,
              -6.261707855916771
            ],
            [
              107.1514072126504,
              -6.2617634114156315
            ],
            [
              107.15135072580277,
              -6.261818475748444
            ],
            [
              107.15129376088711,
              -6.2618730447217
            ],
            [
              107.15123632224156,
              -6.261927114179606
            ],
            [
              107.15117841424028,
              -6.26198068000441
            ],
            [
              107.15112004129324,
              -6.2620337381167195
            ],
            [
              107.15106120784579,
              -6.262086284475798
            ],
            [
              107.15100191837836,
              -6.262138315079891
            ],
            [
              107.15094217740611,
              -6.262189825966511
            ],
            [
              107.1508819894786,
              -6.2622408132127605
            ],
            [
              107.1508213591794,
              -6.262291272935608
            ],
            [
              107.15076029112583,
              -6.262341201292202
            ],
            [
              107.1506987899685,
              -6.262390594480154
            ],
            [
              107.15063686039105,
              -6.262439448737841
            ],
            [
              107.1505745071097,
              -6.262487760344666
            ],
            [
              107.15051173487298,
              -6.262535525621371
            ],
            [
              107.15044854846133,
              -6.262582740930297
            ],
            [
              107.15038495268672,
              -6.262629402675664
            ],
            [
              107.1503209523923,
              -6.2626755073038645
            ],
            [
              107.15025655245208,
              -6.262721051303705
            ],
            [
              107.15019175777041,
              -6.262766031206689
            ],
            [
              107.15012657328182,
              -6.26281044358728
            ],
            [
              107.15006100395043,
              -6.262854285063161
            ],
            [
              107.14999505476973,
              -6.262897552295495
            ],
            [
              107.14992873076214,
              -6.262940241989176
            ],
            [
              107.14986203697859,
              -6.2629823508930835
            ],
            [
              107.14979497849825,
              -6.26302387580032
            ],
            [
              107.14972756042799,
              -6.263064813548463
            ],
            [
              107.1496597879021,
              -6.263105161019817
            ],
            [
              107.14959166608186,
              -6.263144915141628
            ],
            [
              107.14952320015519,
              -6.263184072886338
            ],
            [
              107.14945439533618,
              -6.263222631271798
            ],
            [
              107.14938525686472,
              -6.263260587361509
            ],
            [
              107.14931579000618,
              -6.263297938264839
            ],
            [
              107.14924600005088,
              -6.2633346811372475
            ],
            [
              107.14917589231378,
              -6.263370813180494
            ],
            [
              107.14910547213402,
              -6.263406331642863
            ],
            [
              107.14903474487457,
              -6.263441233819364
            ],
            [
              107.14896371592177,
              -6.263475517051936
            ],
            [
              107.14889239068492,
              -6.263509178729667
            ],
            [
              107.14882077459593,
              -6.263542216288965
            ],
            [
              107.14874887310884,
              -6.263574627213779
            ],
            [
              107.14867669169946,
              -6.26360640903578
            ],
            [
              107.14860423586485,
              -6.263637559334542
            ],
            [
              107.14853151112302,
              -6.263668075737746
            ],
            [
              107.14845852301248,
              -6.263697955921335
            ],
            [
              107.14838527709178,
              -6.263727197609713
            ],
            [
              107.14831177893907,
              -6.26375579857591
            ],
            [
              107.14823803415179,
              -6.263783756641747
            ],
            [
              107.14816404834609,
              -6.263811069678003
            ],
            [
              107.14808982715653,
              -6.263837735604597
            ],
            [
              107.14801537623558,
              -6.2638637523907095
            ],
            [
              107.14794070125319,
              -6.263889118054971
            ],
            [
              107.14786580789642,
              -6.2639138306655955
            ],
            [
              107.14779070186891,
              -6.2639378883405294
            ],
            [
              107.14771538889056,
              -6.263961289247602
            ],
            [
              107.14763987469696,
              -6.263984031604654
            ],
            [
              107.14756416503913,
              -6.264006113679687
            ],
            [
              107.14748826568284,
              -6.264027533790981
            ],
            [
              107.14741218240843,
              -6.264048290307233
            ],
            [
              107.14733592101018,
              -6.264068381647679
            ],
            [
              107.14731987882966,
              -6.264072458560292
            ],
            [
              107.14730133000006,
              -6.263804989999926
            ]
          ]
        ]
      },
      "properties": {
        "NAMOBJ": "Cikarangkota",
        "FCODE": "BA03070040",
        "REMARK": "",
        "METADATA": "TASWIL1000020230928_DATA_BATAS_DESAKELURAHAN",
        "SRS_ID": "SRGI 2013",
        "KDBBPS": null,
        "KDCBPS": null,
        "KDCPUM": "32.16.09",
        "KDEBPS": null,
        "KDEPUM": "32.16.09.2001",
        "KDPBPS": null,
        "KDPKAB": "32.16",
        "KDPPUM": "32",
        "LUASWH": 181.93412190549816,
        "TIPADM": 1,
        "WADMKC": "Cikarang Utara",
        "WADMKD": "Cikarangkota",
        "WADMKK": "Bekasi",
        "WADMPR": "Jawa Barat",
        "WIADKC": null,
        "WIADKK": null,
        "WIADPR": null,
        "WIADKD": null,
        "UUPP": "Kesepakatan Teknis Batas Wilayah Administrasi Desa/Kelurahan Tahun 2021",
        "Shape_Length": 0.055846749184293824,
        "Shape_Area": 0.0001486683699754726,
        "dataset_role": "rbi_reference",
        "source_file": "25k st cikarang.zip",
        "source_layer": "ADMINISTRASI_AR_DESAKEL",
        "radius_m": 1000,
        "geometry_clipped": true,
        "center_status": "unverified_geocoded_station_reference"
      }
    },
    {
      "type": "Feature",
      "id": "rbi:7595eb488cf9c10bb995",
      "geometry": {
        "type": "Polygon",
        "coordinates": [
          [
            [
              107.14364139500009,
              -6.2586779099999585
            ],
            [
              107.14372671500007,
              -6.25865245099993
            ],
            [
              107.14359843700004,
              -6.258849028999974
            ],
            [
              107.14341890800006,
              -6.2588051469999755
            ],
            [
              107.14335865800007,
              -6.259252754999979
            ],
            [
              107.14308512100007,
              -6.25952514499994
            ],
            [
              107.14293764600006,
              -6.2597229159999275
            ],
            [
              107.14299708800007,
              -6.260042578999958
            ],
            [
              107.14300243900004,
              -6.260221571999978
            ],
            [
              107.14260958900006,
              -6.261422841999946
            ],
            [
              107.14276240200006,
              -6.261318602999951
            ],
            [
              107.14466429400005,
              -6.262354545999926
            ],
            [
              107.14496650000007,
              -6.262440817999958
            ],
            [
              107.14717808600007,
              -6.262797804999933
            ],
            [
              107.14730133000006,
              -6.263804989999926
            ],
            [
              107.14731987882966,
              -6.264072458560292
            ],
            [
              107.147259487296,
              -6.264087806282204
            ],
            [
              107.14718288708683,
              -6.264106562731483
            ],
            [
              107.14710612621639,
              -6.264124649567062
            ],
            [
              107.14702921053056,
              -6.264142065411496
            ],
            [
              107.1469521458871,
              -6.264158808938435
            ],
            [
              107.14687493815501,
              -6.26417487887273
            ],
            [
              107.14679759321426,
              -6.264190273990529
            ],
            [
              107.14672011695525,
              -6.2642049931193835
            ],
            [
              107.1466425152784,
              -6.264219035138315
            ],
            [
              107.14656479409365,
              -6.264232398977918
            ],
            [
              107.14648695932007,
              -6.264245083620429
            ],
            [
              107.14640901688537,
              -6.26425708809982
            ],
            [
              107.14633097272548,
              -6.264268411501856
            ],
            [
              107.14625283278404,
              -6.264279052964174
            ],
            [
              107.14617460301203,
              -6.264289011676343
            ],
            [
              107.14609628936721,
              -6.264298286879932
            ],
            [
              107.1460178978138,
              -6.26430687786856
            ],
            [
              107.14593943432193,
              -6.264314783987961
            ],
            [
              107.14586090486719,
              -6.264322004636023
            ],
            [
              107.1457823154302,
              -6.264328539262834
            ],
            [
              107.14570367199616,
              -6.264334387370734
            ],
            [
              107.14562498055439,
              -6.2643395485143465
            ],
            [
              107.14554624709784,
              -6.264344022300606
            ],
            [
              107.14546747762267,
              -6.2643478083888
            ],
            [
              107.14538867812783,
              -6.264350906490598
            ],
            [
              107.14530985461445,
              -6.264353316370044
            ],
            [
              107.14523101308562,
              -6.264355037843608
            ],
            [
              107.1451521595457,
              -6.264356070780192
            ],
            [
              107.1450733,
              -6.264356415101128
            ],
            [
              107.14499444045431,
              -6.264356070780192
            ],
            [
              107.1449155869144,
              -6.264355037843608
            ],
            [
              107.14483674538555,
              -6.264353316370044
            ],
            [
              107.14475792187218,
              -6.264350906490598
            ],
            [
              107.14467912237733,
              -6.2643478083888
            ],
            [
              107.14460035290217,
              -6.264344022300606
            ],
            [
              107.14452161944563,
              -6.2643395485143465
            ],
            [
              107.14444292800384,
              -6.264334387370734
            ],
            [
              107.1443642845698,
              -6.264328539262834
            ],
            [
              107.14428569513282,
              -6.264322004636023
            ],
            [
              107.14420716567808,
              -6.264314783987961
            ],
            [
              107.1441287021862,
              -6.26430687786856
            ],
            [
              107.1440503106328,
              -6.264298286879932
            ],
            [
              107.14397199698799,
              -6.264289011676343
            ],
            [
              107.14389376721597,
              -6.264279052964174
            ],
            [
              107.14381562727452,
              -6.264268411501856
            ],
            [
              107.14373758311463,
              -6.26425708809982
            ],
            [
              107.14365964067993,
              -6.264245083620429
            ],
            [
              107.14358180590636,
              -6.264232398977918
            ],
            [
              107.14350408472161,
              -6.264219035138315
            ],
            [
              107.14342648304476,
              -6.2642049931193835
            ],
            [
              107.14334900678575,
              -6.264190273990529
            ],
            [
              107.143271661845,
              -6.26417487887273
            ],
            [
              107.14319445411292,
              -6.264158808938435
            ],
            [
              107.14311738946944,
              -6.264142065411496
            ],
            [
              107.14304047378361,
              -6.264124649567062
            ],
            [
              107.14296371291317,
              -6.264106562731483
            ],
            [
              107.14288711270402,
              -6.264087806282204
            ],
            [
              107.14281067898982,
              -6.264068381647679
            ],
            [
              107.14273441759157,
              -6.264048290307233
            ],
            [
              107.14265833431716,
              -6.264027533790981
            ],
            [
              107.14258243496089,
              -6.264006113679687
            ],
            [
              107.14250672530304,
              -6.263984031604654
            ],
            [
              107.14243121110945,
              -6.263961289247602
            ],
            [
              107.1423558981311,
              -6.2639378883405294
            ],
            [
              107.14228079210359,
              -6.2639138306655955
            ],
            [
              107.14220589874682,
              -6.263889118054971
            ],
            [
              107.14213122376444,
              -6.2638637523907095
            ],
            [
              107.14205677284347,
              -6.263837735604597
            ],
            [
              107.14198255165391,
              -6.263811069678003
            ],
            [
              107.14190856584823,
              -6.263783756641747
            ],
            [
              107.14183482106093,
              -6.26375579857591
            ],
            [
              107.14176132290824,
              -6.263727197609713
            ],
            [
              107.14168807698752,
              -6.2636979559213355
            ],
            [
              107.14161508887699,
              -6.263668075737746
            ],
            [
              107.14154236413516,
              -6.263637559334542
            ],
            [
              107.14146990830055,
              -6.26360640903578
            ],
            [
              107.14139772689116,
              -6.263574627213779
            ],
            [
              107.14132582540408,
              -6.263542216288965
            ],
            [
              107.1412542093151,
              -6.263509178729667
            ],
            [
              107.14118288407825,
              -6.263475517051937
            ],
            [
              107.14111185512544,
              -6.263441233819364
            ],
            [
              107.14104112786598,
              -6.263406331642863
            ],
            [
              107.14097070768622,
              -6.263370813180494
            ],
            [
              107.14090059994912,
              -6.2633346811372475
            ],
            [
              107.14083080999382,
              -6.263297938264839
            ],
            [
              107.14076134313528,
              -6.263260587361509
            ],
            [
              107.14069220466384,
              -6.263222631271798
            ],
            [
              107.14062339984481,
              -6.263184072886338
            ],
            [
              107.14055493391814,
              -6.263144915141628
            ],
            [
              107.14048681209792,
              -6.2631051610198165
            ],
            [
              107.14041903957202,
              -6.263064813548463
            ],
            [
              107.14035162150176,
              -6.26302387580032
            ],
            [
              107.14028456302141,
              -6.2629823508930835
            ],
            [
              107.14021786923787,
              -6.2629402419891775
            ],
            [
              107.14015154523028,
              -6.262897552295495
            ],
            [
              107.14008559604957,
              -6.262854285063161
            ],
            [
              107.14002002671819,
              -6.26281044358728
            ],
            [
              107.1399548422296,
              -6.262766031206689
            ],
            [
              107.13989004754794,
              -6.262721051303705
            ],
            [
              107.1398256476077,
              -6.2626755073038645
            ],
            [
              107.13976164731329,
              -6.262629402675664
            ],
            [
              107.13969805153867,
              -6.262582740930296
            ],
            [
              107.13963486512704,
              -6.262535525621371
            ],
            [
              107.13957209289032,
              -6.262487760344666
            ],
            [
              107.13950973960897,
              -6.262439448737841
            ],
            [
              107.13945724027569,
              -6.2623980336984495
            ],
            [
              107.13969456100006,
              -6.262010324999944
            ],
            [
              107.14003482400005,
              -6.261277451999946
            ],
            [
              107.14016331400006,
              -6.261027607999948
            ],
            [
              107.14022518100006,
              -6.260922911999955
            ],
            [
              107.14027752900004,
              -6.260756348999961
            ],
            [
              107.14028942600004,
              -6.260525541999922
            ],
            [
              107.14028942600004,
              -6.260235247999958
            ],
            [
              107.14027277000007,
              -6.259864051999954
            ],
            [
              107.14039650100005,
              -6.259752216999968
            ],
            [
              107.14052261300007,
              -6.259695109999938
            ],
            [
              107.14069393400005,
              -6.2596998689999745
            ],
            [
              107.14085335800006,
              -6.259742698999957
            ],
            [
              107.14100326400008,
              -6.259852154999974
            ],
            [
              107.14118172400003,
              -6.259942573999978
            ],
            [
              107.14127214300004,
              -6.259947332999956
            ],
            [
              107.14140063400002,
              -6.25995685099997
            ],
            [
              107.14160050900004,
              -6.259911640999973
            ],
            [
              107.14168141000005,
              -6.259864051999953
            ],
            [
              107.14175993300006,
              -6.259806944999979
            ],
            [
              107.14185035300005,
              -6.259733181999933
            ],
            [
              107.14188842400006,
              -6.2596594179999565
            ],
            [
              107.14202548100008,
              -6.2592380159999275
            ],
            [
              107.14204332600008,
              -6.259095247999939
            ],
            [
              107.14203618900007,
              -6.258966756999939
            ],
            [
              107.14202191200008,
              -6.258859680999931
            ],
            [
              107.14200049600005,
              -6.258791866999955
            ],
            [
              107.14196480500006,
              -6.258727620999936
            ],
            [
              107.14186843600004,
              -6.258631252999976
            ],
            [
              107.14182203700005,
              -6.258520607999969
            ],
            [
              107.14178991500006,
              -6.258420670999952
            ],
            [
              107.14178277600007,
              -6.258320733999937
            ],
            [
              107.14180776000006,
              -6.2581779659999475
            ],
            [
              107.14190412800009,
              -6.258074459999933
            ],
            [
              107.14230030900006,
              -6.257781784999963
            ],
            [
              107.14245378400005,
              -6.2576247409999715
            ],
            [
              107.14256085900007,
              -6.257442711999941
            ],
            [
              107.14262867400005,
              -6.2571464699999515
            ],
            [
              107.14262867400005,
              -6.257000131999973
            ],
            [
              107.14261082800004,
              -6.256793119999941
            ],
            [
              107.14257513600006,
              -6.2566717669999425
            ],
            [
              107.14251089100009,
              -6.256593244999977
            ],
            [
              107.14243593800006,
              -6.256532567999954
            ],
            [
              107.14235741600004,
              -6.256511153999952
            ],
            [
              107.14226461600003,
              -6.256511153999952
            ],
            [
              107.14212184900003,
              -6.256521860999953
            ],
            [
              107.14201477300008,
              -6.256575398999923
            ],
            [
              107.14195052800005,
              -6.25663964399996
            ],
            [
              107.14178277600007,
              -6.256739580999977
            ],
            [
              107.14165428500007,
              -6.256846656999924
            ],
            [
              107.14146511800004,
              -6.25697157899998
            ],
            [
              107.14126167300009,
              -6.257003701999962
            ],
            [
              107.14111176800009,
              -6.256943024999943
            ],
            [
              107.14101540000007,
              -6.256896625999956
            ],
            [
              107.14095115400005,
              -6.256803826999938
            ],
            [
              107.14091546200007,
              -6.256703889999929
            ],
            [
              107.14092260000007,
              -6.256596813999976
            ],
            [
              107.14094044600006,
              -6.25644333799994
            ],
            [
              107.14103681500006,
              -6.256293431999951
            ],
            [
              107.14109035300004,
              -6.25621491099997
            ],
            [
              107.14130093500006,
              -6.256040019999944
            ],
            [
              107.14142585600007,
              -6.255907959999943
            ],
            [
              107.14143271400009,
              -6.255768368999951
            ],
            [
              107.14215783700007,
              -6.255750120999949
            ],
            [
              107.14282466200007,
              -6.255839957999967
            ],
            [
              107.14387125100006,
              -6.256008057999963
            ],
            [
              107.14364139500009,
              -6.2586779099999585
            ]
          ]
        ]
      },
      "properties": {
        "NAMOBJ": "Karangbaru",
        "FCODE": "BA03070040",
        "REMARK": "",
        "METADATA": "TASWIL1000020230928_DATA_BATAS_DESAKELURAHAN",
        "SRS_ID": "SRGI 2013",
        "KDBBPS": null,
        "KDCBPS": null,
        "KDCPUM": "32.16.09",
        "KDEBPS": null,
        "KDEPUM": "32.16.09.2002",
        "KDPBPS": null,
        "KDPKAB": "32.16",
        "KDPPUM": "32",
        "LUASWH": 113.77964832622241,
        "TIPADM": 1,
        "WADMKC": "Cikarang Utara",
        "WADMKD": "Karangbaru",
        "WADMKK": "Bekasi",
        "WADMPR": "Jawa Barat",
        "WIADKC": null,
        "WIADKK": null,
        "WIADPR": null,
        "WIADKD": null,
        "UUPP": "Kesepakatan Teknis Batas Wilayah Administrasi Desa/Kelurahan Tahun 2021",
        "Shape_Length": 0.05626697830306763,
        "Shape_Area": 9.297622601107587e-05,
        "dataset_role": "rbi_reference",
        "source_file": "25k st cikarang.zip",
        "source_layer": "ADMINISTRASI_AR_DESAKEL",
        "radius_m": 1000,
        "geometry_clipped": true,
        "center_status": "unverified_geocoded_station_reference"
      }
    },
    {
      "type": "Feature",
      "id": "rbi:f3af39309209d6bace86",
      "geometry": {
        "type": "Polygon",
        "coordinates": [
          [
            [
              107.15375822500005,
              -6.257165810999938
            ],
            [
              107.15334686500005,
              -6.257107679999934
            ],
            [
              107.15325648100008,
              -6.2570949079999405
            ],
            [
              107.15317031100007,
              -6.257081911999934
            ],
            [
              107.15230407900003,
              -6.2569512659999305
            ],
            [
              107.15219327800007,
              -6.25693455399994
            ],
            [
              107.15165352600008,
              -6.256853147999947
            ],
            [
              107.15099281800008,
              -6.2567534979999655
            ],
            [
              107.15057085500007,
              -6.25668985599998
            ],
            [
              107.15028068400005,
              -6.256646090999936
            ],
            [
              107.15004476500006,
              -6.256610508999923
            ],
            [
              107.14998735700006,
              -6.256598621999956
            ],
            [
              107.14991651500009,
              -6.256583953999948
            ],
            [
              107.14971098400008,
              -6.256541396999977
            ],
            [
              107.14926834300007,
              -6.256449742999962
            ],
            [
              107.14910314300005,
              -6.256415536999952
            ],
            [
              107.14906765100005,
              -6.256408187999965
            ],
            [
              107.14891981300008,
              -6.256394119999927
            ],
            [
              107.14890402900006,
              -6.256392617999951
            ],
            [
              107.14883109200008,
              -6.256389417999968
            ],
            [
              107.14863487500008,
              -6.256380808999948
            ],
            [
              107.14844791200005,
              -6.256490992999943
            ],
            [
              107.14739420300003,
              -6.256361747999962
            ],
            [
              107.14701551100006,
              -6.256338153999934
            ],
            [
              107.14578084300007,
              -6.256228575999954
            ],
            [
              107.14516314200006,
              -6.256164340999928
            ],
            [
              107.14499037400009,
              -6.256146374999959
            ],
            [
              107.14387125100006,
              -6.256008057999963
            ],
            [
              107.14282466200007,
              -6.255839957999967
            ],
            [
              107.14215783700007,
              -6.255750120999949
            ],
            [
              107.14143271400009,
              -6.255768368999951
            ],
            [
              107.14144727200005,
              -6.255311904999926
            ],
            [
              107.14144013300007,
              -6.254962124999962
            ],
            [
              107.14149724000004,
              -6.254637327999943
            ],
            [
              107.14160431600004,
              -6.25444816099997
            ],
            [
              107.14174708300006,
              -6.25429825499998
            ],
            [
              107.14189699000008,
              -6.254191178999973
            ],
            [
              107.14205046500008,
              -6.25411622599995
            ],
            [
              107.14216111000007,
              -6.254094810999959
            ],
            [
              107.14225390900003,
              -6.254066256999978
            ],
            [
              107.14235027800004,
              -6.254026995999935
            ],
            [
              107.14246449200004,
              -6.2539270589999765
            ],
            [
              107.14264295100008,
              -6.253684352999927
            ],
            [
              107.14264652000008,
              -6.253587985999956
            ],
            [
              107.14264652000008,
              -6.25349875599994
            ],
            [
              107.14261796600005,
              -6.253413094999925
            ],
            [
              107.14256442900006,
              -6.2533417119999495
            ],
            [
              107.14246092200005,
              -6.253277465999929
            ],
            [
              107.14235741600004,
              -6.253248911999944
            ],
            [
              107.14222892500004,
              -6.253245342999946
            ],
            [
              107.14211114200003,
              -6.253202512999961
            ],
            [
              107.14200406600008,
              -6.253127559999938
            ],
            [
              107.14194338900008,
              -6.252959806999966
            ],
            [
              107.14186486700004,
              -6.252681410999966
            ],
            [
              107.14182917500005,
              -6.2523566139999485
            ],
            [
              107.14177206800008,
              -6.251942587999962
            ],
            [
              107.14171853000005,
              -6.251657052999972
            ],
            [
              107.14172923800004,
              -6.2514964399999275
            ],
            [
              107.14177206800008,
              -6.251310840999962
            ],
            [
              107.14184345200005,
              -6.251185919999954
            ],
            [
              107.14192554300007,
              -6.251107396999941
            ],
            [
              107.14209686500004,
              -6.25106099799996
            ],
            [
              107.14228246200008,
              -6.251060997999957
            ],
            [
              107.14239310800008,
              -6.251085982999941
            ],
            [
              107.14252873600009,
              -6.251143089999971
            ],
            [
              107.14261439800003,
              -6.251221610999949
            ],
            [
              107.14267150500007,
              -6.251285856999972
            ],
            [
              107.14276073500008,
              -6.251400070999978
            ],
            [
              107.14280356500008,
              -6.251524992999975
            ],
            [
              107.14279999500008,
              -6.2515892379999505
            ],
            [
              107.14286424100004,
              -6.251778405999972
            ],
            [
              107.14291777900007,
              -6.251914033999982
            ],
            [
              107.14299273200004,
              -6.251981848999947
            ],
            [
              107.14314620700009,
              -6.25201754099993
            ],
            [
              107.14331038900008,
              -6.2520460939999785
            ],
            [
              107.14352097200003,
              -6.251978279999946
            ],
            [
              107.14358878700006,
              -6.25188191199993
            ],
            [
              107.14367444800007,
              -6.251742712999943
            ],
            [
              107.14372084700005,
              -6.2516249299999345
            ],
            [
              107.14374226200005,
              -6.251475023999944
            ],
            [
              107.14376010800004,
              -6.251310840999963
            ],
            [
              107.14376724600004,
              -6.251210903999946
            ],
            [
              107.14381364500008,
              -6.251103827999939
            ],
            [
              107.14387789100005,
              -6.250968198999942
            ],
            [
              107.14393856800007,
              -6.250903953999966
            ],
            [
              107.14427764100009,
              -6.250696939999956
            ],
            [
              107.14469523600008,
              -6.2503721439999245
            ],
            [
              107.14484871100007,
              -6.2502864839999575
            ],
            [
              107.14498791000005,
              -6.2502472219999285
            ],
            [
              107.14509141700006,
              -6.250190114999952
            ],
            [
              107.14518064600009,
              -6.250136576999979
            ],
            [
              107.14532698300007,
              -6.249961686999939
            ],
            [
              107.14538177300005,
              -6.249859818999937
            ],
            [
              107.14536251000004,
              -6.24971755499996
            ],
            [
              107.14571025100008,
              -6.24959802799998
            ],
            [
              107.14592064900006,
              -6.2494554309999435
            ],
            [
              107.14616564300007,
              -6.249311105999937
            ],
            [
              107.14633330000004,
              -6.249212339999929
            ],
            [
              107.14655054600007,
              -6.249100989999931
            ],
            [
              107.14665812000004,
              -6.249008640999931
            ],
            [
              107.14673786800006,
              -6.248890491999928
            ],
            [
              107.1468786980001,
              -6.248645360999945
            ],
            [
              107.1469367270001,
              -6.248462702999971
            ],
            [
              107.14694487100009,
              -6.248373069999957
            ],
            [
              107.14695121000007,
              -6.24826668099996
            ],
            [
              107.14695573000007,
              -6.248135749999959
            ],
            [
              107.14698253900009,
              -6.247940866999954
            ],
            [
              107.14702326200008,
              -6.2477099969999585
            ],
            [
              107.14708977500005,
              -6.247503911999956
            ],
            [
              107.14720040300007,
              -6.24731955599998
            ],
            [
              107.14729474400009,
              -6.2472377309999265
            ],
            [
              107.14745932900007,
              -6.247124333999978
            ],
            [
              107.14759880200006,
              -6.24707408599994
            ],
            [
              107.14769314100005,
              -6.24705201699993
            ],
            [
              107.14778069500005,
              -6.24705337499995
            ],
            [
              107.14788317700004,
              -6.247057110999947
            ],
            [
              107.14797582000006,
              -6.247079177999978
            ],
            [
              107.14806710800008,
              -6.247109055999943
            ],
            [
              107.14818520200005,
              -6.24718510699995
            ],
            [
              107.14825917800005,
              -6.247241464999945
            ],
            [
              107.14855203900004,
              -6.247474372999932
            ],
            [
              107.14857443600005,
              -6.247521905999974
            ],
            [
              107.14858020500009,
              -6.2475711359999755
            ],
            [
              107.14857715000007,
              -6.247668914999962
            ],
            [
              107.14856425600004,
              -6.247806758999957
            ],
            [
              107.14854796600008,
              -6.247951052999953
            ],
            [
              107.14853066100005,
              -6.248095347999934
            ],
            [
              107.14852353300006,
              -6.248278005999965
            ],
            [
              107.14854016100008,
              -6.248377142999971
            ],
            [
              107.14861040900007,
              -6.248503782999932
            ],
            [
              107.14868133200008,
              -6.248560142999964
            ],
            [
              107.14877261800007,
              -6.2485689709999415
            ],
            [
              107.14890360500004,
              -6.248530942999935
            ],
            [
              107.14909160900004,
              -6.24839921199998
            ],
            [
              107.14922361400005,
              -6.2482549179999305
            ],
            [
              107.14927417600008,
              -6.248121828999958
            ],
            [
              107.14927519500009,
              -6.248025745999938
            ],
            [
              107.14926331900006,
              -6.247884847999954
            ],
            [
              107.14924058300005,
              -6.247745306999946
            ],
            [
              107.14924669000004,
              -6.247461811999926
            ],
            [
              107.14929591428857,
              -6.24731922880123
            ],
            [
              107.14931566126283,
              -6.24732962506502
            ],
            [
              107.14938512662543,
              -6.247366974860136
            ],
            [
              107.14945426364062,
              -6.247404929828997
            ],
            [
              107.14952306704349,
              -6.247443487081319
            ],
            [
              107.14959153159457,
              -6.247482643680943
            ],
            [
              107.14965965208016,
              -6.247522396646074
            ],
            [
              107.1497274233128,
              -6.2475627429494995
            ],
            [
              107.14979484013158,
              -6.2476036795188294
            ],
            [
              107.14986189740257,
              -6.247645203236715
            ],
            [
              107.14992859001929,
              -6.247687310941107
            ],
            [
              107.14999491290293,
              -6.247729999425474
            ],
            [
              107.15006086100288,
              -6.247773265439057
            ],
            [
              107.15012642929706,
              -6.247817105687128
            ],
            [
              107.15019161279234,
              -6.247861516831212
            ],
            [
              107.1502564065248,
              -6.247906495489381
            ],
            [
              107.15032080556033,
              -6.24795203823647
            ],
            [
              107.15038480499472,
              -6.24799814160437
            ],
            [
              107.15044839995431,
              -6.2480448020822745
            ],
            [
              107.15051158559619,
              -6.24809201611695
            ],
            [
              107.1505743571086,
              -6.248139780113011
            ],
            [
              107.15063670971134,
              -6.248188090433192
            ],
            [
              107.1506986386561,
              -6.248236943398618
            ],
            [
              107.15076013922679,
              -6.248286335289099
            ],
            [
              107.15082120674002,
              -6.248336262343399
            ],
            [
              107.15088183654528,
              -6.248386720759519
            ],
            [
              107.15094202402547,
              -6.248437706695019
            ],
            [
              107.1510017645971,
              -6.248489216267261
            ],
            [
              107.15106105371076,
              -6.248541245553747
            ],
            [
              107.15111988685139,
              -6.248593790592395
            ],
            [
              107.15117825953865,
              -6.248646847381843
            ],
            [
              107.15123616732728,
              -6.248700411881769
            ],
            [
              107.15129360580737,
              -6.248754480013177
            ],
            [
              107.15135057060482,
              -6.24880904765872
            ],
            [
              107.1514070573815,
              -6.248864110663012
            ],
            [
              107.15146306183577,
              -6.248919664832945
            ],
            [
              107.15151857970268,
              -6.248975705938007
            ],
            [
              107.1515736067543,
              -6.2490322297106
            ],
            [
              107.15162813880012,
              -6.249089231846372
            ],
            [
              107.1516821716873,
              -6.24914670800454
            ],
            [
              107.15173570130099,
              -6.249204653808226
            ],
            [
              107.1517887235647,
              -6.249263064844785
            ],
            [
              107.15184123444054,
              -6.249321936666135
            ],
            [
              107.15189322992956,
              -6.249381264789119
            ],
            [
              107.15194470607207,
              -6.249441044695812
            ],
            [
              107.15199565894792,
              -6.2495012718339
            ],
            [
              107.15204608467681,
              -6.249561941616998
            ],
            [
              107.15209597941855,
              -6.249623049425018
            ],
            [
              107.1521453393734,
              -6.249684590604512
            ],
            [
              107.15219416078236,
              -6.249746560469032
            ],
            [
              107.15224243992742,
              -6.249808954299477
            ],
            [
              107.15229017313183,
              -6.2498717673444615
            ],
            [
              107.15233735676046,
              -6.24993499482068
            ],
            [
              107.15238398722,
              -6.249998631913255
            ],
            [
              107.15243006095928,
              -6.2500626737761245
            ],
            [
              107.1524755744695,
              -6.250127115532393
            ],
            [
              107.15252052428453,
              -6.250191952274721
            ],
            [
              107.15256490698113,
              -6.250257179065672
            ],
            [
              107.15260871917933,
              -6.250322790938124
            ],
            [
              107.15265195754249,
              -6.2503887828956115
            ],
            [
              107.15269461877774,
              -6.250455149912735
            ],
            [
              107.15273669963615,
              -6.250521886935528
            ],
            [
              107.15277819691293,
              -6.250588988881842
            ],
            [
              107.1528191074478,
              -6.250656450641741
            ],
            [
              107.1528594281251,
              -6.250724267077885
            ],
            [
              107.1528991558741,
              -6.250792433025922
            ],
            [
              107.15293828766926,
              -6.250860943294887
            ],
            [
              107.15297682053034,
              -6.250929792667588
            ],
            [
              107.15301475152279,
              -6.250998975901004
            ],
            [
              107.15305207775783,
              -6.251068487726695
            ],
            [
              107.15308879639278,
              -6.251138322851192
            ],
            [
              107.15312490463116,
              -6.251208475956408
            ],
            [
              107.15316039972303,
              -6.25127894170003
            ],
            [
              107.15319527896511,
              -6.251349714715945
            ],
            [
              107.15322953970104,
              -6.251420789614636
            ],
            [
              107.15326317932153,
              -6.251492160983592
            ],
            [
              107.15329619526457,
              -6.251563823387719
            ],
            [
              107.15332858501571,
              -6.251635771369768
            ],
            [
              107.15336034610812,
              -6.251707999450733
            ],
            [
              107.15339147612285,
              -6.2517805021302815
            ],
            [
              107.15342197268903,
              -6.251853273887164
            ],
            [
              107.15345183348401,
              -6.25192630917963
            ],
            [
              107.15348105623357,
              -6.251999602445875
            ],
            [
              107.15350963871202,
              -6.252073148104435
            ],
            [
              107.1535375787425,
              -6.25214694055462
            ],
            [
              107.15356487419703,
              -6.252220974176955
            ],
            [
              107.1535915229967,
              -6.2522952433335925
            ],
            [
              107.15361752311192,
              -6.252369742368745
            ],
            [
              107.15364287256236,
              -6.252444465609116
            ],
            [
              107.15366756941735,
              -6.252519407364334
            ],
            [
              107.1536916117959,
              -6.252594561927383
            ],
            [
              107.15371499786681,
              -6.252669923575044
            ],
            [
              107.15373772584891,
              -6.252745486568319
            ],
            [
              107.1537597940111,
              -6.2528212451528775
            ],
            [
              107.15378120067254,
              -6.252897193559493
            ],
            [
              107.15380194420278,
              -6.2529733260044775
            ],
            [
              107.15382202302186,
              -6.2530496366901325
            ],
            [
              107.1538414356004,
              -6.253126119805174
            ],
            [
              107.1538601804598,
              -6.25320276952519
            ],
            [
              107.1538782561723,
              -6.2532795800130785
            ],
            [
              107.1538956613611,
              -6.25335654541949
            ],
            [
              107.15391239470043,
              -6.25343365988328
            ],
            [
              107.15392845491567,
              -6.253510917531943
            ],
            [
              107.15394384078354,
              -6.253588312482072
            ],
            [
              107.15395855113205,
              -6.253665838839799
            ],
            [
              107.15397258484064,
              -6.25374349070125
            ],
            [
              107.15398594084031,
              -6.253821262152985
            ],
            [
              107.15399861811368,
              -6.25389914727246
            ],
            [
              107.15401061569499,
              -6.25397714012847
            ],
            [
              107.15402193267032,
              -6.2540552347816
            ],
            [
              107.15403256817751,
              -6.254133425284687
            ],
            [
              107.15404252140637,
              -6.254211705683261
            ],
            [
              107.15405179159856,
              -6.254290070016003
            ],
            [
              107.15406037804787,
              -6.254368512315204
            ],
            [
              107.15406828010009,
              -6.254447026607209
            ],
            [
              107.15407549715314,
              -6.254525606912881
            ],
            [
              107.15408202865714,
              -6.2546042472480545
            ],
            [
              107.15408787411434,
              -6.254682941623994
            ],
            [
              107.1540930330793,
              -6.254761684047833
            ],
            [
              107.15409750515884,
              -6.254840468523054
            ],
            [
              107.15410129001211,
              -6.254919289049931
            ],
            [
              107.15410438735051,
              -6.25499813962599
            ],
            [
              107.15410679693791,
              -6.255077014246469
            ],
            [
              107.15410851859048,
              -6.2551559069047675
            ],
            [
              107.1541095521768,
              -6.25523481159291
            ],
            [
              107.15410989761786,
              -6.255313722302005
            ],
            [
              107.15410955488703,
              -6.255392633022697
            ],
            [
              107.15410852401011,
              -6.255471537745629
            ],
            [
              107.15410680506528,
              -6.255550430461897
            ],
            [
              107.15410439818318,
              -6.255629305163508
            ],
            [
              107.15410130354674,
              -6.255708155843837
            ],
            [
              107.15409752139135,
              -6.255786976498091
            ],
            [
              107.15409305200471,
              -6.255865761123756
            ],
            [
              107.15408789572689,
              -6.255944503721062
            ],
            [
              107.15408205295026,
              -6.256023198293432
            ],
            [
              107.15407552411943,
              -6.256101838847952
            ],
            [
              107.15406830973131,
              -6.256180419395813
            ],
            [
              107.154060410335,
              -6.256258933952774
            ],
            [
              107.15405182653178,
              -6.2563373765396175
            ],
            [
              107.15404255897502,
              -6.256415741182601
            ],
            [
              107.15403260837019,
              -6.256494021913925
            ],
            [
              107.15402197547475,
              -6.256572212772164
            ],
            [
              107.15401066109814,
              -6.256650307802746
            ],
            [
              107.15399866610171,
              -6.256728301058385
            ],
            [
              107.15398599139863,
              -6.25680618659955
            ],
            [
              107.15397263795383,
              -6.256883958494909
            ],
            [
              107.15395860678393,
              -6.256961610821778
            ],
            [
              107.15394389895717,
              -6.257039137666576
            ],
            [
              107.15392851559331,
              -6.25711653312528
            ],
            [
              107.15391370675206,
              -6.25718778255688
            ],
            [
              107.15375822500005,
              -6.257165810999938
            ]
          ]
        ]
      },
      "properties": {
        "NAMOBJ": "Karangasih",
        "FCODE": "BA03070040",
        "REMARK": "",
        "METADATA": "TASWIL1000020230928_DATA_BATAS_DESAKELURAHAN",
        "SRS_ID": "SRGI 2013",
        "KDBBPS": null,
        "KDCBPS": null,
        "KDCPUM": "32.16.09",
        "KDEBPS": null,
        "KDEPUM": "32.16.09.2003",
        "KDPBPS": null,
        "KDPKAB": "32.16",
        "KDPPUM": "32",
        "LUASWH": 277.3595421324198,
        "TIPADM": 1,
        "WADMKC": "Cikarang Utara",
        "WADMKD": "Karangasih",
        "WADMKK": "Bekasi",
        "WADMPR": "Jawa Barat",
        "WIADKC": null,
        "WIADKK": null,
        "WIADPR": null,
        "WIADKD": null,
        "UUPP": "Kesepakatan Teknis Batas Wilayah Administrasi Desa/Kelurahan Tahun 2021",
        "Shape_Length": 0.07308833075183449,
        "Shape_Area": 0.0002266414267928467,
        "dataset_role": "rbi_reference",
        "source_file": "25k st cikarang.zip",
        "source_layer": "ADMINISTRASI_AR_DESAKEL",
        "radius_m": 1000,
        "geometry_clipped": true,
        "center_status": "unverified_geocoded_station_reference"
      }
    },
    {
      "type": "Feature",
      "id": "rbi:87acc57c8bd60bf747ff",
      "geometry": {
        "type": "Polygon",
        "coordinates": [
          [
            [
              107.14538177300005,
              -6.249859818999937
            ],
            [
              107.14532698300007,
              -6.249961686999939
            ],
            [
              107.14518064600009,
              -6.250136576999979
            ],
            [
              107.14509141700006,
              -6.250190114999952
            ],
            [
              107.14498791000005,
              -6.2502472219999285
            ],
            [
              107.14484871100007,
              -6.2502864839999575
            ],
            [
              107.14469523600008,
              -6.2503721439999245
            ],
            [
              107.14427764100009,
              -6.250696939999956
            ],
            [
              107.14393856800007,
              -6.250903953999966
            ],
            [
              107.14387789100005,
              -6.250968198999942
            ],
            [
              107.14381364500008,
              -6.251103827999939
            ],
            [
              107.14376724600004,
              -6.251210903999946
            ],
            [
              107.14376010800004,
              -6.251310840999963
            ],
            [
              107.14374226200005,
              -6.251475023999944
            ],
            [
              107.14372084700005,
              -6.2516249299999345
            ],
            [
              107.14367444800007,
              -6.251742712999943
            ],
            [
              107.14358878700006,
              -6.25188191199993
            ],
            [
              107.14352097200003,
              -6.251978279999946
            ],
            [
              107.14331038900008,
              -6.2520460939999785
            ],
            [
              107.14314620700009,
              -6.25201754099993
            ],
            [
              107.14299273200004,
              -6.251981848999947
            ],
            [
              107.14291777900007,
              -6.251914033999982
            ],
            [
              107.14286424100004,
              -6.251778405999972
            ],
            [
              107.14279999500008,
              -6.2515892379999505
            ],
            [
              107.14280356500008,
              -6.251524992999975
            ],
            [
              107.14276073500008,
              -6.251400070999978
            ],
            [
              107.14267150500007,
              -6.251285856999972
            ],
            [
              107.14261439800003,
              -6.251221610999949
            ],
            [
              107.14252873600009,
              -6.251143089999971
            ],
            [
              107.14239310800008,
              -6.251085982999941
            ],
            [
              107.14228246200008,
              -6.251060997999957
            ],
            [
              107.14209686500004,
              -6.25106099799996
            ],
            [
              107.14192554300007,
              -6.251107396999941
            ],
            [
              107.14184345200005,
              -6.251185919999954
            ],
            [
              107.14177206800008,
              -6.251310840999962
            ],
            [
              107.14172923800004,
              -6.2514964399999275
            ],
            [
              107.14171853000005,
              -6.251657052999972
            ],
            [
              107.14177206800008,
              -6.251942587999962
            ],
            [
              107.14182917500005,
              -6.2523566139999485
            ],
            [
              107.14186486700004,
              -6.252681410999966
            ],
            [
              107.14194338900008,
              -6.252959806999966
            ],
            [
              107.14200406600008,
              -6.253127559999938
            ],
            [
              107.14211114200003,
              -6.253202512999961
            ],
            [
              107.14222892500004,
              -6.253245342999946
            ],
            [
              107.14235741600004,
              -6.253248911999944
            ],
            [
              107.14246092200005,
              -6.253277465999929
            ],
            [
              107.14256442900006,
              -6.2533417119999495
            ],
            [
              107.14261796600005,
              -6.253413094999925
            ],
            [
              107.14264652000008,
              -6.25349875599994
            ],
            [
              107.14264652000008,
              -6.253587985999956
            ],
            [
              107.14264295100008,
              -6.253684352999927
            ],
            [
              107.14246449200004,
              -6.2539270589999765
            ],
            [
              107.14235027800004,
              -6.254026995999935
            ],
            [
              107.14225390900003,
              -6.254066256999978
            ],
            [
              107.14216111000007,
              -6.254094810999959
            ],
            [
              107.14205046500008,
              -6.25411622599995
            ],
            [
              107.14189699000008,
              -6.254191178999973
            ],
            [
              107.14174708300006,
              -6.25429825499998
            ],
            [
              107.14160431600004,
              -6.25444816099997
            ],
            [
              107.14149724000004,
              -6.254637327999943
            ],
            [
              107.14144013300007,
              -6.254962124999962
            ],
            [
              107.14144727200005,
              -6.255311904999926
            ],
            [
              107.14143271400009,
              -6.255768368999951
            ],
            [
              107.14142585600007,
              -6.255907959999943
            ],
            [
              107.14130093500006,
              -6.256040019999944
            ],
            [
              107.14109035300004,
              -6.25621491099997
            ],
            [
              107.14103681500006,
              -6.256293431999951
            ],
            [
              107.14094044600006,
              -6.25644333799994
            ],
            [
              107.14092260000007,
              -6.256596813999976
            ],
            [
              107.14091546200007,
              -6.256703889999929
            ],
            [
              107.14095115400005,
              -6.256803826999938
            ],
            [
              107.14101540000007,
              -6.256896625999956
            ],
            [
              107.14111176800009,
              -6.256943024999943
            ],
            [
              107.14126167300009,
              -6.257003701999962
            ],
            [
              107.14146511800004,
              -6.25697157899998
            ],
            [
              107.14165428500007,
              -6.256846656999924
            ],
            [
              107.14178277600007,
              -6.256739580999977
            ],
            [
              107.14195052800005,
              -6.25663964399996
            ],
            [
              107.14201477300008,
              -6.256575398999923
            ],
            [
              107.14212184900003,
              -6.256521860999953
            ],
            [
              107.14226461600003,
              -6.256511153999952
            ],
            [
              107.14235741600004,
              -6.256511153999952
            ],
            [
              107.14243593800006,
              -6.256532567999954
            ],
            [
              107.14251089100009,
              -6.256593244999977
            ],
            [
              107.14257513600006,
              -6.2566717669999425
            ],
            [
              107.14261082800004,
              -6.256793119999941
            ],
            [
              107.14262867400005,
              -6.257000131999973
            ],
            [
              107.14262867400005,
              -6.2571464699999515
            ],
            [
              107.14256085900007,
              -6.257442711999941
            ],
            [
              107.14245378400005,
              -6.2576247409999715
            ],
            [
              107.14230030900006,
              -6.257781784999963
            ],
            [
              107.14190412800009,
              -6.258074459999933
            ],
            [
              107.14180776000006,
              -6.2581779659999475
            ],
            [
              107.14178277600007,
              -6.258320733999937
            ],
            [
              107.14178991500006,
              -6.258420670999952
            ],
            [
              107.14182203700005,
              -6.258520607999969
            ],
            [
              107.14186843600004,
              -6.258631252999976
            ],
            [
              107.14196480500006,
              -6.258727620999936
            ],
            [
              107.14200049600005,
              -6.258791866999955
            ],
            [
              107.14202191200008,
              -6.258859680999931
            ],
            [
              107.14203618900007,
              -6.258966756999939
            ],
            [
              107.14204332600008,
              -6.259095247999939
            ],
            [
              107.14202548100008,
              -6.2592380159999275
            ],
            [
              107.14188842400006,
              -6.2596594179999565
            ],
            [
              107.14185035300005,
              -6.259733181999933
            ],
            [
              107.14175993300006,
              -6.259806944999979
            ],
            [
              107.14168141000005,
              -6.259864051999953
            ],
            [
              107.14160050900004,
              -6.259911640999973
            ],
            [
              107.14140063400002,
              -6.25995685099997
            ],
            [
              107.14127214300004,
              -6.259947332999956
            ],
            [
              107.14118172400003,
              -6.259942573999978
            ],
            [
              107.14100326400008,
              -6.259852154999974
            ],
            [
              107.14085335800006,
              -6.259742698999957
            ],
            [
              107.14069393400005,
              -6.2596998689999745
            ],
            [
              107.14052261300007,
              -6.259695109999938
            ],
            [
              107.14039650100005,
              -6.259752216999968
            ],
            [
              107.14027277000007,
              -6.259864051999954
            ],
            [
              107.14028942600004,
              -6.260235247999958
            ],
            [
              107.14028942600004,
              -6.260525541999922
            ],
            [
              107.14027752900004,
              -6.260756348999961
            ],
            [
              107.14022518100006,
              -6.260922911999955
            ],
            [
              107.14016331400006,
              -6.261027607999948
            ],
            [
              107.14003482400005,
              -6.261277451999946
            ],
            [
              107.13969456100006,
              -6.262010324999944
            ],
            [
              107.13945724027569,
              -6.2623980336984495
            ],
            [
              107.13944781003151,
              -6.262390594480155
            ],
            [
              107.13938630887418,
              -6.262341201292202
            ],
            [
              107.1393252408206,
              -6.262291272935608
            ],
            [
              107.13926461052141,
              -6.2622408132127605
            ],
            [
              107.13920442259389,
              -6.262189825966511
            ],
            [
              107.13914468162164,
              -6.262138315079891
            ],
            [
              107.13908539215423,
              -6.262086284475798
            ],
            [
              107.13902655870677,
              -6.2620337381167195
            ],
            [
              107.13896818575972,
              -6.26198068000441
            ],
            [
              107.13891027775846,
              -6.261927114179606
            ],
            [
              107.1388528391129,
              -6.2618730447217
            ],
            [
              107.13879587419724,
              -6.261818475748444
            ],
            [
              107.1387393873496,
              -6.2617634114156315
            ],
            [
              107.13868338287169,
              -6.261707855916771
            ],
            [
              107.13862786502843,
              -6.261651813482786
            ],
            [
              107.13857283804775,
              -6.261595288381673
            ],
            [
              107.13851830612015,
              -6.261538284918188
            ],
            [
              107.13846427339844,
              -6.2614808074335215
            ],
            [
              107.1384107439974,
              -6.261422860304957
            ],
            [
              107.13835772199346,
              -6.2613644479455415
            ],
            [
              107.13830521142445,
              -6.261305574803754
            ],
            [
              107.1382532162892,
              -6.261246245363167
            ],
            [
              107.1382017405473,
              -6.2611864641420905
            ],
            [
              107.13815078811876,
              -6.261126235693255
            ],
            [
              107.1381003628838,
              -6.2610655646034346
            ],
            [
              107.13805046868242,
              -6.261004455493116
            ],
            [
              107.13800110931419,
              -6.260942913016147
            ],
            [
              107.13795228853795,
              -6.260880941859373
            ],
            [
              107.13790401007151,
              -6.260818546742283
            ],
            [
              107.1378562775914,
              -6.260755732416654
            ],
            [
              107.13780909473255,
              -6.260692503666189
            ],
            [
              107.13776246508802,
              -6.260628865306144
            ],
            [
              107.13771639220873,
              -6.2605648221829755
            ],
            [
              107.13767087960325,
              -6.260500379173958
            ],
            [
              107.1376259307374,
              -6.260435541186818
            ],
            [
              107.13758154903412,
              -6.260370313159361
            ],
            [
              107.13753773787313,
              -6.260304700059097
            ],
            [
              107.1374945005907,
              -6.2602387068828556
            ],
            [
              107.13745184047943,
              -6.260172338656415
            ],
            [
              107.13740976078783,
              -6.260105600434109
            ],
            [
              107.1373682647204,
              -6.260038497298448
            ],
            [
              107.13732735543702,
              -6.259971034359732
            ],
            [
              107.13728703605298,
              -6.259903216755661
            ],
            [
              107.13724730963861,
              -6.259835049650939
            ],
            [
              107.13720817921906,
              -6.259766538236889
            ],
            [
              107.13716964777412,
              -6.259697687731054
            ],
            [
              107.13713171823792,
              -6.2596285033767884
            ],
            [
              107.13709439349881,
              -6.2595589904428826
            ],
            [
              107.13705767639901,
              -6.259489154223142
            ],
            [
              107.13702156973453,
              -6.259419000035987
            ],
            [
              107.13698607625483,
              -6.259348533224055
            ],
            [
              107.13695119866269,
              -6.259277759153792
            ],
            [
              107.13691693961398,
              -6.259206683215035
            ],
            [
              107.13688330171749,
              -6.259135310820609
            ],
            [
              107.13685028753466,
              -6.259063647405919
            ],
            [
              107.13681789957944,
              -6.258991698428526
            ],
            [
              107.13678614031811,
              -6.258919469367735
            ],
            [
              107.13675501216903,
              -6.25884696572418
            ],
            [
              107.13672451750256,
              -6.258774193019408
            ],
            [
              107.13669465864072,
              -6.258701156795446
            ],
            [
              107.13666543785718,
              -6.258627862614396
            ],
            [
              107.13663685737698,
              -6.258554316057996
            ],
            [
              107.13660891937641,
              -6.258480522727203
            ],
            [
              107.13658162598284,
              -6.258406488241764
            ],
            [
              107.13655497927452,
              -6.258332218239795
            ],
            [
              107.13652898128045,
              -6.258257718377336
            ],
            [
              107.13650363398025,
              -6.2581829943279335
            ],
            [
              107.13647893930398,
              -6.258108051782213
            ],
            [
              107.13645489913196,
              -6.258032896447421
            ],
            [
              107.1364315152947,
              -6.257957534047021
            ],
            [
              107.13640878957271,
              -6.257881970320235
            ],
            [
              107.13638672369639,
              -6.2578062110216175
            ],
            [
              107.13636531934588,
              -6.257730261920613
            ],
            [
              107.13634457815095,
              -6.257654128801121
            ],
            [
              107.13632450169084,
              -6.257577817461049
            ],
            [
              107.13630509149418,
              -6.257501333711875
            ],
            [
              107.13628634903885,
              -6.257424683378206
            ],
            [
              107.13626827575192,
              -6.257347872297331
            ],
            [
              107.13625087300943,
              -6.25727090631878
            ],
            [
              107.13623414213642,
              -6.257193791303872
            ],
            [
              107.1362180844067,
              -6.257116533125281
            ],
            [
              107.13620270104285,
              -6.257039137666576
            ],
            [
              107.13618799321607,
              -6.256961610821777
            ],
            [
              107.13617396204619,
              -6.256883958494909
            ],
            [
              107.13616060860137,
              -6.25680618659955
            ],
            [
              107.13614793389829,
              -6.256728301058385
            ],
            [
              107.13613593890186,
              -6.256650307802745
            ],
            [
              107.13612462452527,
              -6.256572212772164
            ],
            [
              107.13611399162981,
              -6.256494021913925
            ],
            [
              107.13610404102499,
              -6.256415741182601
            ],
            [
              107.13609477346822,
              -6.256337376539617
            ],
            [
              107.136086189665,
              -6.256258933952774
            ],
            [
              107.1360782902687,
              -6.256180419395813
            ],
            [
              107.13607107588058,
              -6.256101838847952
            ],
            [
              107.13606454704976,
              -6.256023198293432
            ],
            [
              107.13605870427313,
              -6.255944503721063
            ],
            [
              107.13605354799529,
              -6.255865761123756
            ],
            [
              107.13604907860866,
              -6.255786976498091
            ],
            [
              107.13604529645326,
              -6.255708155843837
            ],
            [
              107.13604220181684,
              -6.255629305163508
            ],
            [
              107.13603979493472,
              -6.255550430461898
            ],
            [
              107.1360380759899,
              -6.255471537745629
            ],
            [
              107.13603704511299,
              -6.255392633022697
            ],
            [
              107.13603670238214,
              -6.255313722302005
            ],
            [
              107.13603704782321,
              -6.25523481159291
            ],
            [
              107.13603808140952,
              -6.2551559069047675
            ],
            [
              107.13603980306209,
              -6.255077014246469
            ],
            [
              107.1360422126495,
              -6.25499813962599
            ],
            [
              107.1360453099879,
              -6.254919289049931
            ],
            [
              107.13604909484117,
              -6.254840468523054
            ],
            [
              107.1360535669207,
              -6.254761684047833
            ],
            [
              107.13605872588566,
              -6.254682941623995
            ],
            [
              107.13606457134287,
              -6.2546042472480545
            ],
            [
              107.13607110284686,
              -6.254525606912882
            ],
            [
              107.13607831989991,
              -6.254447026607207
            ],
            [
              107.13608622195213,
              -6.254368512315204
            ],
            [
              107.13609480840145,
              -6.254290070016004
            ],
            [
              107.13610407859365,
              -6.254211705683261
            ],
            [
              107.13611403182249,
              -6.254133425284687
            ],
            [
              107.1361246673297,
              -6.254055234781599
            ],
            [
              107.13613598430503,
              -6.25397714012847
            ],
            [
              107.13614798188635,
              -6.253899147272461
            ],
            [
              107.13616065915969,
              -6.253821262152985
            ],
            [
              107.13617401515937,
              -6.25374349070125
            ],
            [
              107.13618804886795,
              -6.2536658388398
            ],
            [
              107.13620275921646,
              -6.253588312482072
            ],
            [
              107.13621814508433,
              -6.253510917531943
            ],
            [
              107.13623420529959,
              -6.25343365988328
            ],
            [
              107.13625093863891,
              -6.25335654541949
            ],
            [
              107.1362683438277,
              -6.2532795800130785
            ],
            [
              107.13628641954021,
              -6.25320276952519
            ],
            [
              107.13630516439962,
              -6.253126119805172
            ],
            [
              107.13632457697817,
              -6.253049636690132
            ],
            [
              107.13634465579722,
              -6.2529733260044775
            ],
            [
              107.13636539932746,
              -6.252897193559493
            ],
            [
              107.13638680598892,
              -6.2528212451528775
            ],
            [
              107.1364088741511,
              -6.252745486568319
            ],
            [
              107.13643160213319,
              -6.252669923575043
            ],
            [
              107.13645498820411,
              -6.252594561927383
            ],
            [
              107.13647903058266,
              -6.252519407364333
            ],
            [
              107.13650372743766,
              -6.252444465609116
            ],
            [
              107.1365290768881,
              -6.252369742368745
            ],
            [
              107.1365550770033,
              -6.2522952433335925
            ],
            [
              107.13658172580298,
              -6.252220974176955
            ],
            [
              107.13660902125751,
              -6.252146940554619
            ],
            [
              107.13663696128798,
              -6.252073148104435
            ],
            [
              107.13666554376644,
              -6.251999602445875
            ],
            [
              107.13669476651599,
              -6.251926309179632
            ],
            [
              107.13672462731098,
              -6.251853273887164
            ],
            [
              107.13675512387715,
              -6.251780502130282
            ],
            [
              107.13678625389188,
              -6.251707999450734
            ],
            [
              107.1368180149843,
              -6.251635771369768
            ],
            [
              107.13685040473543,
              -6.25156382338772
            ],
            [
              107.13688342067849,
              -6.251492160983592
            ],
            [
              107.13691706029897,
              -6.251420789614636
            ],
            [
              107.13695132103489,
              -6.251349714715945
            ],
            [
              107.13698620027698,
              -6.25127894170003
            ],
            [
              107.13702169536884,
              -6.251208475956408
            ],
            [
              107.13705780360723,
              -6.251138322851192
            ],
            [
              107.13709452224217,
              -6.251068487726695
            ],
            [
              107.13713184847721,
              -6.250998975901004
            ],
            [
              107.13716977946967,
              -6.250929792667588
            ],
            [
              107.13720831233076,
              -6.250860943294887
            ],
            [
              107.1372474441259,
              -6.250792433025922
            ],
            [
              107.13728717187492,
              -6.250724267077885
            ],
            [
              107.13732749255222,
              -6.250656450641741
            ],
            [
              107.13736840308708,
              -6.250588988881842
            ],
            [
              107.13740990036388,
              -6.250521886935528
            ],
            [
              107.13745198122226,
              -6.250455149912736
            ],
            [
              107.13749464245753,
              -6.250388782895612
            ],
            [
              107.13753788082069,
              -6.250322790938124
            ],
            [
              107.13758169301887,
              -6.250257179065673
            ],
            [
              107.13762607571549,
              -6.250191952274721
            ],
            [
              107.13767102553051,
              -6.250127115532393
            ],
            [
              107.13771653904072,
              -6.2500626737761245
            ],
            [
              107.13776261278,
              -6.249998631913254
            ],
            [
              107.13780924323954,
              -6.24993499482068
            ],
            [
              107.13785642686818,
              -6.2498717673444615
            ],
            [
              107.1379041600726,
              -6.249808954299477
            ],
            [
              107.13795243921766,
              -6.249746560469032
            ],
            [
              107.13800126062661,
              -6.249684590604513
            ],
            [
              107.13805062058145,
              -6.2496230494250185
            ],
            [
              107.1381005153232,
              -6.249561941616998
            ],
            [
              107.13815094105209,
              -6.249501271833898
            ],
            [
              107.13820189392793,
              -6.249441044695812
            ],
            [
              107.13825337007046,
              -6.24938126478912
            ],
            [
              107.13830536555948,
              -6.249321936666135
            ],
            [
              107.13835787643531,
              -6.249263064844785
            ],
            [
              107.13841089869902,
              -6.249204653808226
            ],
            [
              107.13846442831272,
              -6.24914670800454
            ],
            [
              107.1385184611999,
              -6.249089231846371
            ],
            [
              107.1385729932457,
              -6.249032229710599
            ],
            [
              107.13862802029733,
              -6.248975705938007
            ],
            [
              107.13868353816423,
              -6.248919664832945
            ],
            [
              107.13873954261851,
              -6.248864110663012
            ],
            [
              107.1387960293952,
              -6.24880904765872
            ],
            [
              107.13885299419263,
              -6.248754480013177
            ],
            [
              107.13891043267273,
              -6.248700411881771
            ],
            [
              107.13896834046135,
              -6.248646847381842
            ],
            [
              107.13902671314862,
              -6.248593790592394
            ],
            [
              107.13908554628925,
              -6.248541245553747
            ],
            [
              107.1391448354029,
              -6.248489216267261
            ],
            [
              107.13920457597455,
              -6.248437706695018
            ],
            [
              107.13926476345473,
              -6.24838672075952
            ],
            [
              107.13932539326,
              -6.248336262343398
            ],
            [
              107.13938646077322,
              -6.2482863352891
            ],
            [
              107.13944796134392,
              -6.248236943398619
            ],
            [
              107.13950989028868,
              -6.248188090433192
            ],
            [
              107.1395722428914,
              -6.248139780113011
            ],
            [
              107.13963501440381,
              -6.248092016116952
            ],
            [
              107.13969820004569,
              -6.248044802082275
            ],
            [
              107.13976179500528,
              -6.247998141604373
            ],
            [
              107.13982579443969,
              -6.24795203823647
            ],
            [
              107.1398901934752,
              -6.24790649548938
            ],
            [
              107.13995498720767,
              -6.247861516831211
            ],
            [
              107.14002017070294,
              -6.247817105687126
            ],
            [
              107.14008573899713,
              -6.247773265439057
            ],
            [
              107.14015168709709,
              -6.247729999425472
            ],
            [
              107.14021800998071,
              -6.247687310941108
            ],
            [
              107.14028470259744,
              -6.247645203236715
            ],
            [
              107.14035175986844,
              -6.247603679518829
            ],
            [
              107.14039961478177,
              -6.247574621252534
            ],
            [
              107.14068020700006,
              -6.247694450999971
            ],
            [
              107.14180807100007,
              -6.24820365499994
            ],
            [
              107.14275033800003,
              -6.248639096999965
            ],
            [
              107.14324050700007,
              -6.248891319999926
            ],
            [
              107.14365929200005,
              -6.24902456999996
            ],
            [
              107.14401145200009,
              -6.249124506999976
            ],
            [
              107.14457300500004,
              -6.2493386579999415
            ],
            [
              107.14477763800005,
              -6.249424318999957
            ],
            [
              107.14507983000004,
              -6.2495551889999765
            ],
            [
              107.14526066900004,
              -6.249633711999933
            ],
            [
              107.14534870900007,
              -6.249657505999949
            ],
            [
              107.14536251000004,
              -6.24971755499996
            ],
            [
              107.14538177300005,
              -6.249859818999937
            ]
          ]
        ]
      },
      "properties": {
        "NAMOBJ": "Kalijaya",
        "FCODE": "BA03070040",
        "REMARK": "",
        "METADATA": "TASWIL1000020230928_DATA_BATAS_DESAKELURAHAN",
        "SRS_ID": "SRGI 2013",
        "KDBBPS": null,
        "KDCBPS": null,
        "KDCPUM": "32.16.08",
        "KDEBPS": null,
        "KDEPUM": "32.16.08.2009",
        "KDPBPS": null,
        "KDPKAB": "32.16",
        "KDPPUM": "32",
        "LUASWH": 443.0460440740522,
        "TIPADM": 1,
        "WADMKC": "Cikarang Barat",
        "WADMKD": "Kalijaya",
        "WADMKK": "Bekasi",
        "WADMPR": "Jawa Barat",
        "WIADKC": null,
        "WIADKK": null,
        "WIADPR": null,
        "WIADKD": null,
        "UUPP": "Kesepakatan Teknis Batas Wilayah Administrasi Desa/Kelurahan Tahun 2021",
        "Shape_Length": 0.11405848399780769,
        "Shape_Area": 0.0003620353425444121,
        "dataset_role": "rbi_reference",
        "source_file": "25k st cikarang.zip",
        "source_layer": "ADMINISTRASI_AR_DESAKEL",
        "radius_m": 1000,
        "geometry_clipped": true,
        "center_status": "unverified_geocoded_station_reference"
      }
    },
    {
      "type": "Feature",
      "id": "rbi:9842d3e291ec24dc48ca",
      "geometry": {
        "type": "Polygon",
        "coordinates": [
          [
            [
              107.14924669000004,
              -6.247461811999926
            ],
            [
              107.14924058300005,
              -6.247745306999946
            ],
            [
              107.14926331900006,
              -6.247884847999954
            ],
            [
              107.14927519500009,
              -6.248025745999938
            ],
            [
              107.14927417600008,
              -6.248121828999958
            ],
            [
              107.14922361400005,
              -6.2482549179999305
            ],
            [
              107.14909160900004,
              -6.24839921199998
            ],
            [
              107.14890360500004,
              -6.248530942999935
            ],
            [
              107.14877261800007,
              -6.2485689709999415
            ],
            [
              107.14868133200008,
              -6.248560142999964
            ],
            [
              107.14861040900007,
              -6.248503782999932
            ],
            [
              107.14854016100008,
              -6.248377142999971
            ],
            [
              107.14852353300006,
              -6.248278005999965
            ],
            [
              107.14853066100005,
              -6.248095347999934
            ],
            [
              107.14854796600008,
              -6.247951052999953
            ],
            [
              107.14856425600004,
              -6.247806758999957
            ],
            [
              107.14857715000007,
              -6.247668914999962
            ],
            [
              107.14858020500009,
              -6.2475711359999755
            ],
            [
              107.14857443600005,
              -6.247521905999974
            ],
            [
              107.14855203900004,
              -6.247474372999932
            ],
            [
              107.14825917800005,
              -6.247241464999945
            ],
            [
              107.14818520200005,
              -6.24718510699995
            ],
            [
              107.14806710800008,
              -6.247109055999943
            ],
            [
              107.14797582000006,
              -6.247079177999978
            ],
            [
              107.14788317700004,
              -6.247057110999947
            ],
            [
              107.14778069500005,
              -6.24705337499995
            ],
            [
              107.14769314100005,
              -6.24705201699993
            ],
            [
              107.14759880200006,
              -6.24707408599994
            ],
            [
              107.14745932900007,
              -6.247124333999978
            ],
            [
              107.14729474400009,
              -6.2472377309999265
            ],
            [
              107.14720040300007,
              -6.24731955599998
            ],
            [
              107.14708977500005,
              -6.247503911999956
            ],
            [
              107.14702326200008,
              -6.2477099969999585
            ],
            [
              107.14698253900009,
              -6.247940866999954
            ],
            [
              107.14695573000007,
              -6.248135749999959
            ],
            [
              107.14695121000007,
              -6.24826668099996
            ],
            [
              107.14694487100009,
              -6.248373069999957
            ],
            [
              107.1469367270001,
              -6.248462702999971
            ],
            [
              107.1468786980001,
              -6.248645360999945
            ],
            [
              107.14673786800006,
              -6.248890491999928
            ],
            [
              107.14665812000004,
              -6.249008640999931
            ],
            [
              107.14655054600007,
              -6.249100989999931
            ],
            [
              107.14633330000004,
              -6.249212339999929
            ],
            [
              107.14616564300007,
              -6.249311105999937
            ],
            [
              107.14592064900006,
              -6.2494554309999435
            ],
            [
              107.14571025100008,
              -6.24959802799998
            ],
            [
              107.14536251000004,
              -6.24971755499996
            ],
            [
              107.14534870900007,
              -6.249657505999949
            ],
            [
              107.14526066900004,
              -6.249633711999933
            ],
            [
              107.14507983000004,
              -6.2495551889999765
            ],
            [
              107.14477763800005,
              -6.249424318999957
            ],
            [
              107.14457300500004,
              -6.2493386579999415
            ],
            [
              107.14401145200009,
              -6.249124506999976
            ],
            [
              107.14365929200005,
              -6.24902456999996
            ],
            [
              107.14324050700007,
              -6.248891319999926
            ],
            [
              107.14275033800003,
              -6.248639096999965
            ],
            [
              107.14180807100007,
              -6.24820365499994
            ],
            [
              107.14068020700006,
              -6.247694450999971
            ],
            [
              107.14039961478177,
              -6.247574621252534
            ],
            [
              107.1404191766872,
              -6.2475627429494995
            ],
            [
              107.14048694791985,
              -6.247522396646074
            ],
            [
              107.14055506840545,
              -6.247482643680942
            ],
            [
              107.14062353295652,
              -6.247443487081319
            ],
            [
              107.14069233635938,
              -6.247404929828998
            ],
            [
              107.14076147337457,
              -6.247366974860135
            ],
            [
              107.14083093873718,
              -6.247329625065019
            ],
            [
              107.14090072715734,
              -6.247292883287856
            ],
            [
              107.14097083332054,
              -6.247256752326548
            ],
            [
              107.14104125188814,
              -6.2472212349324865
            ],
            [
              107.14111197749763,
              -6.247186333810333
            ],
            [
              107.14118300476323,
              -6.247152051617828
            ],
            [
              107.14125432827609,
              -6.247118390965571
            ],
            [
              107.14132594260485,
              -6.247085354416834
            ],
            [
              107.141397842296,
              -6.247052944487362
            ],
            [
              107.14147002187434,
              -6.247021163645189
            ],
            [
              107.14154247584328,
              -6.2469900143104296
            ],
            [
              107.14161519868541,
              -6.24695949885512
            ],
            [
              107.1416881848628,
              -6.246929619603024
            ],
            [
              107.1417614288175,
              -6.24690037882945
            ],
            [
              107.14183492497195,
              -6.246871778761098
            ],
            [
              107.1419086677293,
              -6.246843821575871
            ],
            [
              107.14198265147405,
              -6.246816509402709
            ],
            [
              107.14205687057226,
              -6.246789844321452
            ],
            [
              107.14213131937208,
              -6.246763828362646
            ],
            [
              107.14220599220421,
              -6.246738463507412
            ],
            [
              107.14228088338227,
              -6.246713751687296
            ],
            [
              107.14235598720325,
              -6.246689694784102
            ],
            [
              107.14243129794795,
              -6.246666294629771
            ],
            [
              107.14250680988143,
              -6.246643553006226
            ],
            [
              107.1425825172534,
              -6.2466214716452555
            ],
            [
              107.14265841429875,
              -6.246600052228349
            ],
            [
              107.14273449523786,
              -6.246579296386603
            ],
            [
              107.14281075427715,
              -6.2465592057005805
            ],
            [
              107.14288718560945,
              -6.246539781700184
            ],
            [
              107.14296378341453,
              -6.246521025864559
            ],
            [
              107.14304054185939,
              -6.246502939621965
            ],
            [
              107.1431174550989,
              -6.24648552434967
            ],
            [
              107.14319451727609,
              -6.246468781373851
            ],
            [
              107.14327172252264,
              -6.246452711969486
            ],
            [
              107.14334906495937,
              -6.246437317360259
            ],
            [
              107.14342653869663,
              -6.246422598718477
            ],
            [
              107.1435041378348,
              -6.246408557164965
            ],
            [
              107.14358185646466,
              -6.246395193768984
            ],
            [
              107.14365968866798,
              -6.2463825095481615
            ],
            [
              107.14373762851778,
              -6.2463705054684
            ],
            [
              107.14381567007895,
              -6.246359182443815
            ],
            [
              107.14389380740865,
              -6.24634854133665
            ],
            [
              107.14397203455665,
              -6.246338582957231
            ],
            [
              107.14405034556601,
              -6.246329308063886
            ],
            [
              107.14412873447333,
              -6.246320717362898
            ],
            [
              107.14420719530929,
              -6.246312811508454
            ],
            [
              107.14428572209908,
              -6.24630559110258
            ],
            [
              107.14436430886292,
              -6.246299056695113
            ],
            [
              107.14444294961639,
              -6.246293208783649
            ],
            [
              107.14452163837102,
              -6.246288047813501
            ],
            [
              107.14460036913466,
              -6.246283574177688
            ],
            [
              107.14467913591196,
              -6.246279788216866
            ],
            [
              107.14475793270485,
              -6.246276690219344
            ],
            [
              107.14483675351293,
              -6.246274280421032
            ],
            [
              107.14491559233402,
              -6.246272559005432
            ],
            [
              107.14499444316453,
              -6.246271526103637
            ],
            [
              107.1450733,
              -6.246271181794299
            ],
            [
              107.14515215683547,
              -6.246271526103637
            ],
            [
              107.14523100766598,
              -6.246272559005432
            ],
            [
              107.14530984648708,
              -6.246274280421032
            ],
            [
              107.14538866729517,
              -6.246276690219344
            ],
            [
              107.14546746408804,
              -6.246279788216866
            ],
            [
              107.14554623086535,
              -6.246283574177688
            ],
            [
              107.145624961629,
              -6.246288047813501
            ],
            [
              107.14570365038362,
              -6.246293208783649
            ],
            [
              107.14578229113708,
              -6.246299056695113
            ],
            [
              107.14586087790092,
              -6.24630559110258
            ],
            [
              107.14593940469071,
              -6.246312811508454
            ],
            [
              107.14601786552667,
              -6.246320717362898
            ],
            [
              107.14609625443398,
              -6.246329308063886
            ],
            [
              107.14617456544335,
              -6.2463385829572315
            ],
            [
              107.14625279259137,
              -6.24634854133665
            ],
            [
              107.14633092992105,
              -6.246359182443815
            ],
            [
              107.14640897148223,
              -6.2463705054684
            ],
            [
              107.14648691133203,
              -6.246382509548163
            ],
            [
              107.14656474353535,
              -6.246395193768984
            ],
            [
              107.1466424621652,
              -6.246408557164964
            ],
            [
              107.14672006130338,
              -6.246422598718477
            ],
            [
              107.14679753504063,
              -6.246437317360259
            ],
            [
              107.14687487747737,
              -6.246452711969486
            ],
            [
              107.14695208272393,
              -6.246468781373852
            ],
            [
              107.14702914490111,
              -6.24648552434967
            ],
            [
              107.14710605814061,
              -6.246502939621965
            ],
            [
              107.14718281658548,
              -6.246521025864559
            ],
            [
              107.14725941439056,
              -6.246539781700184
            ],
            [
              107.14733584572286,
              -6.2465592057005805
            ],
            [
              107.14741210476215,
              -6.246579296386603
            ],
            [
              107.14748818570126,
              -6.246600052228349
            ],
            [
              107.14756408274661,
              -6.2466214716452555
            ],
            [
              107.14763979011859,
              -6.246643553006226
            ],
            [
              107.14771530205206,
              -6.24666629462977
            ],
            [
              107.14779061279675,
              -6.246689694784102
            ],
            [
              107.14786571661774,
              -6.246713751687296
            ],
            [
              107.14794060779579,
              -6.246738463507412
            ],
            [
              107.14801528062793,
              -6.246763828362646
            ],
            [
              107.14808972942775,
              -6.246789844321452
            ],
            [
              107.14816394852596,
              -6.246816509402709
            ],
            [
              107.1482379322707,
              -6.246843821575871
            ],
            [
              107.14831167502807,
              -6.246871778761098
            ],
            [
              107.14838517118251,
              -6.24690037882945
            ],
            [
              107.1484584151372,
              -6.246929619603024
            ],
            [
              107.1485314013146,
              -6.24695949885512
            ],
            [
              107.14860412415673,
              -6.246990014310429
            ],
            [
              107.14867657812567,
              -6.247021163645189
            ],
            [
              107.148748757704,
              -6.247052944487363
            ],
            [
              107.14882065739516,
              -6.247085354416833
            ],
            [
              107.14889227172392,
              -6.247118390965571
            ],
            [
              107.14896359523678,
              -6.247152051617828
            ],
            [
              107.14903462250237,
              -6.247186333810334
            ],
            [
              107.14910534811187,
              -6.2472212349324865
            ],
            [
              107.14917576667948,
              -6.24725675232655
            ],
            [
              107.14924587284267,
              -6.247292883287856
            ],
            [
              107.14929591428857,
              -6.24731922880123
            ],
            [
              107.14924669000004,
              -6.247461811999926
            ]
          ]
        ]
      },
      "properties": {
        "NAMOBJ": "Sukajaya",
        "FCODE": "BA03070040",
        "REMARK": "",
        "METADATA": "TASWIL1000020230928_DATA_BATAS_DESAKELURAHAN",
        "SRS_ID": "SRGI 2013",
        "KDBBPS": null,
        "KDCBPS": null,
        "KDCPUM": "32.16.07",
        "KDEBPS": null,
        "KDEPUM": "32.16.07.2006",
        "KDPBPS": null,
        "KDPKAB": "32.16",
        "KDPPUM": "32",
        "LUASWH": 633.8486872725377,
        "TIPADM": 1,
        "WADMKC": "Cibitung",
        "WADMKD": "Sukajaya",
        "WADMKK": "Bekasi",
        "WADMPR": "Jawa Barat",
        "WIADKC": null,
        "WIADKK": null,
        "WIADPR": null,
        "WIADKD": null,
        "UUPP": "Kesepakatan Teknis Batas Wilayah Administrasi Desa/Kelurahan Tahun 2021",
        "Shape_Length": 0.12257079536143609,
        "Shape_Area": 0.0005179277053526393,
        "dataset_role": "rbi_reference",
        "source_file": "25k st cikarang.zip",
        "source_layer": "ADMINISTRASI_AR_DESAKEL",
        "radius_m": 1000,
        "geometry_clipped": true,
        "center_status": "unverified_geocoded_station_reference"
      }
    },
    {
      "type": "Feature",
      "id": "rbi:4ca759c7224fb49a78d8",
      "geometry": {
        "type": "Point",
        "coordinates": [
          107.15362999000008,
          -6.256873678999966
        ]
      },
      "properties": {
        "NAMOBJ": " ",
        "FCODE": " ",
        "REMARK": "Kantor Pos Lainnya",
        "METADATA": null,
        "SRS_ID": " ",
        "JNKPOS": 999,
        "dataset_role": "rbi_reference",
        "source_file": "25k st cikarang.zip",
        "source_layer": "KANTORPOS_PT_25K",
        "radius_m": 1000,
        "geometry_clipped": false,
        "center_status": "unverified_geocoded_station_reference"
      }
    },
    {
      "type": "Feature",
      "id": "rbi:48973be8c5452c0af323",
      "geometry": {
        "type": "Point",
        "coordinates": [
          107.14633632800007,
          -6.258626021999928
        ]
      },
      "properties": {
        "NAMOBJ": " ",
        "FCODE": " ",
        "REMARK": "Kantor Pos Lainnya",
        "METADATA": null,
        "SRS_ID": " ",
        "JNKPOS": 999,
        "dataset_role": "rbi_reference",
        "source_file": "25k st cikarang.zip",
        "source_layer": "KANTORPOS_PT_25K",
        "radius_m": 1000,
        "geometry_clipped": false,
        "center_status": "unverified_geocoded_station_reference"
      }
    }
  ]
}